2026-09-20T05:54:53.576971+00:00 | RESUME START | timestamp=2026-09-20T05:54:53.576971+00:00 | python=C:\Users\jafari.h.SPADANACO\Desktop\ai_project\.venv\Scripts\python.exe | expected_total=1600 | valid_at_start=523 | invalid=531 | missing=1077 | dry_run=True
2026-09-20T05:54:53.576971+00:00 | FROZEN BUDGETS REUSED | source=budget_definitions.json/wallclock_calibration.json
2026-09-20T05:54:53.577972+00:00 | [524/1600 | 32.69%] RUN | sample=2502 | QSNN | TEMP-DRIFT-v2-budget-scaled | access_candidates_21 | eps=5%
2026-09-20T05:54:53.578970+00:00 | DRY-RUN CHECK | VALID-SKIP contributes to percentage; skip runtime excluded from ETA; progress.json uses atomic replace; Ctrl+C handler is installed for real run
2026-09-20T05:54:53.580971+00:00 | PROGRESS: 523/1600 (32.69%) | Remaining: 1077 | Elapsed: 00:00:00 | ETA: calibrating... | Estimated finish: calibrating...
2026-09-20T06:00:17.868567+00:00 | RESUME START | timestamp=2026-09-20T06:00:17.868567+00:00 | python=C:\Users\jafari.h.SPADANACO\Desktop\ai_project\.venv\Scripts\python.exe | expected_total=1600 | valid_at_start=523 | invalid=531 | missing=1077 | dry_run=True
2026-09-20T06:00:17.884101+00:00 | CUDA available: True
2026-09-20T06:00:17.884101+00:00 | Device: cuda
2026-09-20T06:00:17.884101+00:00 | GPU: NVIDIA GeForce RTX 4090
2026-09-20T06:00:17.884101+00:00 | SNN device: cuda
2026-09-20T06:00:17.884101+00:00 | QSNN device: cuda
2026-09-20T06:00:17.884101+00:00 | FROZEN BUDGETS REUSED | source=budget_definitions.json/wallclock_calibration.json
2026-09-20T06:00:17.886100+00:00 | [524/1600 | 32.69%] RUN | sample=2502 | QSNN | TEMP-DRIFT-v2-budget-scaled | access_candidates_21 | eps=5%
2026-09-20T06:00:17.886100+00:00 | DRY-RUN CHECK | VALID-SKIP contributes to percentage; skip runtime excluded from ETA; progress.json uses atomic replace; Ctrl+C handler is installed for real run
2026-09-20T06:00:17.887890+00:00 | PROGRESS: 523/1600 (32.69%) | Remaining: 1077 | Elapsed: 00:00:00 | ETA: calibrating... | Estimated finish: calibrating...
2026-09-20T06:09:06.386946+00:00 | RESUME START | timestamp=2026-09-20T06:09:06.386946+00:00 | python=C:\Users\jafari.h.SPADANACO\Desktop\ai_project\.venv\Scripts\python.exe | expected_total=1600 | valid_at_start=523 | invalid=531 | missing=1077 | dry_run=False
2026-09-20T06:09:06.386946+00:00 | CUDA available: True
2026-09-20T06:09:06.386946+00:00 | Device: cuda
2026-09-20T06:09:06.387946+00:00 | GPU: NVIDIA GeForce RTX 4090
2026-09-20T06:09:06.387946+00:00 | SNN device: cuda
2026-09-20T06:09:06.387946+00:00 | QSNN device: cuda
2026-09-20T06:09:06.387946+00:00 | FROZEN BUDGETS REUSED | source=budget_definitions.json/wallclock_calibration.json
2026-09-20T06:09:07.363465+00:00 | [523/1600 | 32.69%] VALID-SKIP | sample=2502 | SNN | TEMP-DRIFT-v2-budget-scaled | access_candidates_21 | eps=5%
2026-09-20T06:09:07.366298+00:00 | [523/1600 | 32.69%] VALID-SKIP | sample=2502 | SNN | TEMP-DRIFT-v2-budget-scaled | access_forwards_41 | eps=5%
2026-09-20T06:09:07.366298+00:00 | [523/1600 | 32.69%] VALID-SKIP | sample=2502 | SNN | PGD | wallclock_snn | eps=5%
2026-09-20T06:09:07.366298+00:00 | [523/1600 | 32.69%] VALID-SKIP | sample=2502 | SNN | TEMP-DRIFT-v2-budget-scaled | wallclock_snn | eps=5%
2026-09-20T06:09:07.367305+00:00 | [523/1600 | 32.69%] VALID-SKIP | sample=2502 | SNN | TEMP-DRIFT-v2-budget-scaled | access_candidates_21 | eps=10%
2026-09-20T06:09:07.369312+00:00 | [523/1600 | 32.69%] VALID-SKIP | sample=2502 | SNN | TEMP-DRIFT-v2-budget-scaled | access_forwards_41 | eps=10%
2026-09-20T06:09:07.369312+00:00 | [524/1600 | 32.69%] RUN | sample=2502 | SNN | PGD | wallclock_snn | eps=10%
2026-09-20T06:09:08.288967+00:00 | FAIL | sample=2502 | model=SNN | attack=PGD | condition=wallclock_snn | eps=10% | error=FileNotFoundError(2, 'The system cannot find the file specified')
2026-09-20T06:09:08.290968+00:00 | RUN FAILED | error=FileNotFoundError(2, 'The system cannot find the file specified')
2026-09-20T06:15:44.058358+00:00 | RESUME START | timestamp=2026-09-20T06:15:44.058358+00:00 | python=C:\Users\jafari.h.SPADANACO\Desktop\ai_project\.venv\Scripts\python.exe | expected_total=1600 | valid_at_start=523 | invalid=531 | missing=1077 | dry_run=True
2026-09-20T06:15:44.072612+00:00 | CUDA available: True
2026-09-20T06:15:44.072612+00:00 | Device: cuda
2026-09-20T06:15:44.072612+00:00 | GPU: NVIDIA GeForce RTX 4090
2026-09-20T06:15:44.072612+00:00 | SNN device: cuda
2026-09-20T06:15:44.072612+00:00 | QSNN device: cuda
2026-09-20T06:15:44.072612+00:00 | FROZEN BUDGETS REUSED | source=budget_definitions.json/wallclock_calibration.json
2026-09-20T06:15:44.074618+00:00 | [524/1600 | 32.69%] RUN | sample=2502 | QSNN | TEMP-DRIFT-v2-budget-scaled | access_candidates_21 | eps=5%
2026-09-20T06:15:44.075618+00:00 | DRY-RUN CHECK | VALID-SKIP contributes to percentage; skip runtime excluded from ETA; progress.json uses atomic replace; Ctrl+C handler is installed for real run
2026-09-20T06:15:44.075618+00:00 | PROGRESS: 523/1600 (32.69%) | Remaining: 1077 | Elapsed: 00:00:00 | ETA: calibrating... | Estimated finish: calibrating...
2026-09-20T06:24:32.147935+00:00 | RESUME START | timestamp=2026-09-20T06:24:32.147935+00:00 | python=C:\Users\jafari.h.SPADANACO\Desktop\ai_project\.venv\Scripts\python.exe | expected_total=1600 | valid_at_start=523 | invalid=531 | missing=1077 | dry_run=False
2026-09-20T06:24:32.147935+00:00 | CUDA available: True
2026-09-20T06:24:32.147935+00:00 | Device: cuda
2026-09-20T06:24:32.147935+00:00 | GPU: NVIDIA GeForce RTX 4090
2026-09-20T06:24:32.147935+00:00 | SNN device: cuda
2026-09-20T06:24:32.147935+00:00 | QSNN device: cuda
2026-09-20T06:24:32.147935+00:00 | FROZEN BUDGETS REUSED | source=budget_definitions.json/wallclock_calibration.json
2026-09-20T06:24:33.139193+00:00 | [523/1600 | 32.69%] VALID-SKIP | sample=2502 | SNN | TEMP-DRIFT-v2-budget-scaled | access_candidates_21 | eps=5%
2026-09-20T06:24:33.140193+00:00 | [523/1600 | 32.69%] VALID-SKIP | sample=2502 | SNN | TEMP-DRIFT-v2-budget-scaled | access_forwards_41 | eps=5%
2026-09-20T06:24:33.140193+00:00 | [523/1600 | 32.69%] VALID-SKIP | sample=2502 | SNN | PGD | wallclock_snn | eps=5%
2026-09-20T06:24:33.141193+00:00 | [523/1600 | 32.69%] VALID-SKIP | sample=2502 | SNN | TEMP-DRIFT-v2-budget-scaled | wallclock_snn | eps=5%
2026-09-20T06:24:33.142194+00:00 | [523/1600 | 32.69%] VALID-SKIP | sample=2502 | SNN | TEMP-DRIFT-v2-budget-scaled | access_candidates_21 | eps=10%
2026-09-20T06:24:33.143193+00:00 | [523/1600 | 32.69%] VALID-SKIP | sample=2502 | SNN | TEMP-DRIFT-v2-budget-scaled | access_forwards_41 | eps=10%
2026-09-20T06:24:33.143193+00:00 | [524/1600 | 32.69%] RUN | sample=2502 | SNN | PGD | wallclock_snn | eps=10%
2026-09-20T06:24:33.722177+00:00 | FAIL | sample=2502 | model=SNN | attack=PGD | condition=wallclock_snn | eps=10% | error=RuntimeError('Temporary NPZ validation failed: audit_passed is false')
2026-09-20T06:24:33.724177+00:00 | RUN FAILED | error=RuntimeError('Temporary NPZ validation failed: audit_passed is false')
2026-09-20T06:30:09.890054+00:00 | RESUME START | timestamp=2026-09-20T06:30:09.890054+00:00 | python=C:\Users\jafari.h.SPADANACO\Desktop\ai_project\.venv\Scripts\python.exe | expected_total=1600 | valid_at_start=523 | invalid=531 | missing=1077 | dry_run=True
2026-09-20T06:30:09.903615+00:00 | CUDA available: True
2026-09-20T06:30:09.903615+00:00 | Device: cuda
2026-09-20T06:30:09.903615+00:00 | GPU: NVIDIA GeForce RTX 4090
2026-09-20T06:30:09.903615+00:00 | SNN device: cuda
2026-09-20T06:30:09.903615+00:00 | QSNN device: cuda
2026-09-20T06:30:09.903615+00:00 | FROZEN BUDGETS REUSED | source=budget_definitions.json/wallclock_calibration.json
2026-09-20T06:30:09.903615+00:00 | RECORD PROGRESS: 523/1600 (32.69%)
2026-09-20T06:30:09.903615+00:00 | REMAINING RECORDS: 1077
2026-09-20T06:30:09.904618+00:00 | SAMPLE PROGRESS: 0/100 (0.00%)
2026-09-20T06:30:09.904618+00:00 | REMAINING SAMPLES: 100
2026-09-20T06:30:09.905617+00:00 | [524/1600 | 32.69%] RUN | sample=2502 | QSNN | TEMP-DRIFT-v2-budget-scaled | access_candidates_21 | eps=5%
2026-09-20T06:30:09.906616+00:00 | DRY-RUN CHECK | VALID-SKIP contributes to percentage; skip runtime excluded from ETA; progress.json uses atomic replace; Ctrl+C handler is installed for real run
2026-09-20T06:30:09.906616+00:00 | PROGRESS | Records 523/1600 (32.69%) | Samples 0/100 (0.00%) | Remaining records 1077 | Remaining samples 100 | Elapsed 00:00:00 | ETA: calibrating... | Estimated finish: calibrating...
2026-09-20T06:36:02.144700+00:00 | RESUME START | timestamp=2026-09-20T06:36:02.144700+00:00 | python=C:\Users\jafari.h.SPADANACO\Desktop\ai_project\.venv\Scripts\python.exe | expected_total=1600 | valid_at_start=524 | invalid=530 | missing=1076 | dry_run=True
2026-09-20T06:36:02.157785+00:00 | CUDA available: True
2026-09-20T06:36:02.157785+00:00 | Device: cuda
2026-09-20T06:36:02.157785+00:00 | GPU: NVIDIA GeForce RTX 4090
2026-09-20T06:36:02.157785+00:00 | SNN device: cuda
2026-09-20T06:36:02.157785+00:00 | QSNN device: cuda
2026-09-20T06:36:02.157785+00:00 | FROZEN BUDGETS REUSED | source=budget_definitions.json/wallclock_calibration.json
2026-09-20T06:36:02.157785+00:00 | RECORD PROGRESS: 524/1600 (32.75%)
2026-09-20T06:36:02.157785+00:00 | REMAINING RECORDS: 1076
2026-09-20T06:36:02.157785+00:00 | SAMPLE PROGRESS: 0/100 (0.00%)
2026-09-20T06:36:02.157785+00:00 | REMAINING SAMPLES: 100
2026-09-20T06:36:02.159784+00:00 | [525/1600 | 32.75%] RUN | sample=2502 | QSNN | TEMP-DRIFT-v2-budget-scaled | access_candidates_21 | eps=5%
2026-09-20T06:36:02.160784+00:00 | DRY-RUN CHECK | VALID-SKIP contributes to percentage; skip runtime excluded from ETA; progress.json uses atomic replace; Ctrl+C handler is installed for real run
2026-09-20T06:36:02.160784+00:00 | PROGRESS | Records 524/1600 (32.75%) | Samples 0/100 (0.00%) | Remaining records 1076 | Remaining samples 100 | Elapsed 00:00:00 | ETA: calibrating... | Estimated finish: calibrating...
2026-09-20T06:44:40.789046+00:00 | RESUME START | timestamp=2026-09-20T06:44:40.789046+00:00 | python=C:\Users\jafari.h.SPADANACO\Desktop\ai_project\.venv\Scripts\python.exe | expected_total=1600 | valid_at_start=524 | invalid=530 | missing=1076 | dry_run=False
2026-09-20T06:44:40.789046+00:00 | CUDA available: True
2026-09-20T06:44:40.789046+00:00 | Device: cuda
2026-09-20T06:44:40.789046+00:00 | GPU: NVIDIA GeForce RTX 4090
2026-09-20T06:44:40.789046+00:00 | SNN device: cuda
2026-09-20T06:44:40.789046+00:00 | QSNN device: cuda
2026-09-20T06:44:40.789046+00:00 | FROZEN BUDGETS REUSED | source=budget_definitions.json/wallclock_calibration.json
2026-09-20T06:44:40.789046+00:00 | RECORD PROGRESS: 524/1600 (32.75%)
2026-09-20T06:44:40.789046+00:00 | REMAINING RECORDS: 1076
2026-09-20T06:44:40.790046+00:00 | SAMPLE PROGRESS: 0/100 (0.00%)
2026-09-20T06:44:40.790046+00:00 | REMAINING SAMPLES: 100
2026-09-20T06:44:41.789569+00:00 | [524/1600 | 32.75%] VALID-SKIP | sample=2502 | SNN | TEMP-DRIFT-v2-budget-scaled | access_candidates_21 | eps=5%
2026-09-20T06:44:41.790570+00:00 | [524/1600 | 32.75%] VALID-SKIP | sample=2502 | SNN | TEMP-DRIFT-v2-budget-scaled | access_forwards_41 | eps=5%
2026-09-20T06:44:41.790570+00:00 | [524/1600 | 32.75%] VALID-SKIP | sample=2502 | SNN | PGD | wallclock_snn | eps=5%
2026-09-20T06:44:41.790570+00:00 | [524/1600 | 32.75%] VALID-SKIP | sample=2502 | SNN | TEMP-DRIFT-v2-budget-scaled | wallclock_snn | eps=5%
2026-09-20T06:44:41.792570+00:00 | [524/1600 | 32.75%] VALID-SKIP | sample=2502 | SNN | TEMP-DRIFT-v2-budget-scaled | access_candidates_21 | eps=10%
2026-09-20T06:44:41.793570+00:00 | [524/1600 | 32.75%] VALID-SKIP | sample=2502 | SNN | TEMP-DRIFT-v2-budget-scaled | access_forwards_41 | eps=10%
2026-09-20T06:44:41.793570+00:00 | [524/1600 | 32.75%] VALID-SKIP | sample=2502 | SNN | PGD | wallclock_snn | eps=10%
2026-09-20T06:44:41.793570+00:00 | [524/1600 | 32.75%] VALID-SKIP | sample=2502 | SNN | TEMP-DRIFT-v2-budget-scaled | wallclock_snn | eps=10%
2026-09-20T06:44:41.795570+00:00 | [525/1600 | 32.75%] RUN | sample=2502 | QSNN | TEMP-DRIFT-v2-budget-scaled | access_candidates_21 | eps=5%
2026-09-20T06:44:42.279851+00:00 | FAIL | sample=2502 | model=QSNN | attack=TEMP-DRIFT-v2-budget-scaled | condition=access_candidates_21 | eps=5% | error=RuntimeError('Temporary NPZ validation failed: audit_passed is false; failed invariants: canonical_clean_frame;canonical_adversarial_frame')
2026-09-20T06:44:42.281852+00:00 | RUN FAILED | error=RuntimeError('Temporary NPZ validation failed: audit_passed is false; failed invariants: canonical_clean_frame;canonical_adversarial_frame')
2026-09-20T06:52:41.186779+00:00 | RESUME START | timestamp=2026-09-20T06:52:41.186779+00:00 | python=C:\Users\jafari.h.SPADANACO\Desktop\ai_project\.venv\Scripts\python.exe | expected_total=1600 | valid_at_start=532 | invalid=522 | missing=1068 | dry_run=True
2026-09-20T06:52:41.203385+00:00 | CUDA available: True
2026-09-20T06:52:41.203385+00:00 | Device: cuda
2026-09-20T06:52:41.203385+00:00 | GPU: NVIDIA GeForce RTX 4090
2026-09-20T06:52:41.203385+00:00 | SNN device: cuda
2026-09-20T06:52:41.203385+00:00 | QSNN device: cuda
2026-09-20T06:52:41.203385+00:00 | FROZEN BUDGETS REUSED | source=budget_definitions.json/wallclock_calibration.json
2026-09-20T06:52:41.203385+00:00 | RECORD PROGRESS: 532/1600 (33.25%)
2026-09-20T06:52:41.203385+00:00 | REMAINING RECORDS: 1068
2026-09-20T06:52:41.204384+00:00 | SAMPLE PROGRESS: 1/100 (1.00%)
2026-09-20T06:52:41.204384+00:00 | REMAINING SAMPLES: 99
2026-09-20T06:52:41.205385+00:00 | [533/1600 | 33.25%] RUN | sample=330 | QSNN | TEMP-DRIFT-v2-budget-scaled | access_candidates_21 | eps=5%
2026-09-20T06:52:41.206384+00:00 | DRY-RUN CHECK | VALID-SKIP contributes to percentage; skip runtime excluded from ETA; progress.json uses atomic replace; Ctrl+C handler is installed for real run
2026-09-20T06:52:41.206384+00:00 | PROGRESS | Records 532/1600 (33.25%) | Samples 1/100 (1.00%) | Remaining records 1068 | Remaining samples 99 | Elapsed 00:00:00 | ETA: calibrating... | Estimated finish: calibrating...
2026-09-20T07:02:16.130456+00:00 | RESUME START | timestamp=2026-09-20T07:02:16.130456+00:00 | python=C:\Users\jafari.h.SPADANACO\Desktop\ai_project\.venv\Scripts\python.exe | expected_total=1600 | valid_at_start=532 | invalid=522 | missing=1068 | dry_run=True
2026-09-20T07:02:16.145517+00:00 | CUDA available: True
2026-09-20T07:02:16.145517+00:00 | Device: cuda
2026-09-20T07:02:16.145517+00:00 | GPU: NVIDIA GeForce RTX 4090
2026-09-20T07:02:16.145517+00:00 | SNN device: cuda
2026-09-20T07:02:16.146517+00:00 | QSNN device: cuda
2026-09-20T07:02:16.146517+00:00 | FROZEN BUDGETS REUSED | source=budget_definitions.json/wallclock_calibration.json
2026-09-20T07:02:16.146517+00:00 | RECORD PROGRESS: 532/1600 (33.25%)
2026-09-20T07:02:16.146517+00:00 | REMAINING RECORDS: 1068
2026-09-20T07:02:16.146517+00:00 | SAMPLE PROGRESS: 1/100 (1.00%)
2026-09-20T07:02:16.146517+00:00 | REMAINING SAMPLES: 99
2026-09-20T07:02:16.149517+00:00 | [533/1600 | 33.25%] RUN | sample=330 | QSNN | TEMP-DRIFT-v2-budget-scaled | access_candidates_21 | eps=5%
2026-09-20T07:02:16.149517+00:00 | DRY-RUN CHECK | VALID-SKIP contributes to percentage; skip runtime excluded from ETA; progress.json uses atomic replace; Ctrl+C handler is installed for real run
2026-09-20T07:02:16.151022+00:00 | PROGRESS | Records 532/1600 (33.25%) | Samples 1/100 (1.00%) | Remaining records 1068 | Remaining samples 99 | Elapsed 00:00:00 | ETA: calibrating... | Estimated finish: calibrating...
2026-09-20T07:03:33.915901+00:00 | RESUME START | timestamp=2026-09-20T07:03:33.915901+00:00 | python=C:\Users\jafari.h.SPADANACO\Desktop\ai_project\.venv\Scripts\python.exe | expected_total=1600 | valid_at_start=532 | invalid=522 | missing=1068 | dry_run=False
2026-09-20T07:03:33.915901+00:00 | CUDA available: True
2026-09-20T07:03:33.915901+00:00 | Device: cuda
2026-09-20T07:03:33.915901+00:00 | GPU: NVIDIA GeForce RTX 4090
2026-09-20T07:03:33.915901+00:00 | SNN device: cuda
2026-09-20T07:03:33.915901+00:00 | QSNN device: cuda
2026-09-20T07:03:33.915901+00:00 | FROZEN BUDGETS REUSED | source=budget_definitions.json/wallclock_calibration.json
2026-09-20T07:03:33.915901+00:00 | RECORD PROGRESS: 532/1600 (33.25%)
2026-09-20T07:03:33.915901+00:00 | REMAINING RECORDS: 1068
2026-09-20T07:03:33.915901+00:00 | SAMPLE PROGRESS: 1/100 (1.00%)
2026-09-20T07:03:33.916901+00:00 | REMAINING SAMPLES: 99
2026-09-20T07:03:35.065167+00:00 | [532/1600 | 33.25%] VALID-SKIP | sample=2502 | SNN | TEMP-DRIFT-v2-budget-scaled | access_candidates_21 | eps=5%
2026-09-20T07:03:35.067670+00:00 | [532/1600 | 33.25%] VALID-SKIP | sample=2502 | SNN | TEMP-DRIFT-v2-budget-scaled | access_forwards_41 | eps=5%
2026-09-20T07:03:35.067670+00:00 | [532/1600 | 33.25%] VALID-SKIP | sample=2502 | SNN | PGD | wallclock_snn | eps=5%
2026-09-20T07:03:35.067670+00:00 | [532/1600 | 33.25%] VALID-SKIP | sample=2502 | SNN | TEMP-DRIFT-v2-budget-scaled | wallclock_snn | eps=5%
2026-09-20T07:03:35.068674+00:00 | [532/1600 | 33.25%] VALID-SKIP | sample=2502 | SNN | TEMP-DRIFT-v2-budget-scaled | access_candidates_21 | eps=10%
2026-09-20T07:03:35.070674+00:00 | [532/1600 | 33.25%] VALID-SKIP | sample=2502 | SNN | TEMP-DRIFT-v2-budget-scaled | access_forwards_41 | eps=10%
2026-09-20T07:03:35.070674+00:00 | [532/1600 | 33.25%] VALID-SKIP | sample=2502 | SNN | PGD | wallclock_snn | eps=10%
2026-09-20T07:03:35.070674+00:00 | [532/1600 | 33.25%] VALID-SKIP | sample=2502 | SNN | TEMP-DRIFT-v2-budget-scaled | wallclock_snn | eps=10%
2026-09-20T07:03:35.071674+00:00 | [532/1600 | 33.25%] VALID-SKIP | sample=2502 | QSNN | TEMP-DRIFT-v2-budget-scaled | access_candidates_21 | eps=5%
2026-09-20T07:03:35.073673+00:00 | [532/1600 | 33.25%] VALID-SKIP | sample=2502 | QSNN | TEMP-DRIFT-v2-budget-scaled | access_forwards_41 | eps=5%
2026-09-20T07:03:35.073673+00:00 | [532/1600 | 33.25%] VALID-SKIP | sample=2502 | QSNN | PGD | wallclock_qsnn | eps=5%
2026-09-20T07:03:35.073673+00:00 | [532/1600 | 33.25%] VALID-SKIP | sample=2502 | QSNN | TEMP-DRIFT-v2-budget-scaled | wallclock_qsnn | eps=5%
2026-09-20T07:03:35.075177+00:00 | [532/1600 | 33.25%] VALID-SKIP | sample=2502 | QSNN | TEMP-DRIFT-v2-budget-scaled | access_candidates_21 | eps=10%
2026-09-20T07:03:35.076179+00:00 | [532/1600 | 33.25%] VALID-SKIP | sample=2502 | QSNN | TEMP-DRIFT-v2-budget-scaled | access_forwards_41 | eps=10%
2026-09-20T07:03:35.076179+00:00 | [532/1600 | 33.25%] VALID-SKIP | sample=2502 | QSNN | PGD | wallclock_qsnn | eps=10%
2026-09-20T07:03:35.076179+00:00 | [532/1600 | 33.25%] VALID-SKIP | sample=2502 | QSNN | TEMP-DRIFT-v2-budget-scaled | wallclock_qsnn | eps=10%
2026-09-20T07:03:35.078182+00:00 | [532/1600 | 33.25%] VALID-SKIP | sample=330 | SNN | TEMP-DRIFT-v2-budget-scaled | access_candidates_21 | eps=5%
2026-09-20T07:03:35.080181+00:00 | [532/1600 | 33.25%] VALID-SKIP | sample=330 | SNN | TEMP-DRIFT-v2-budget-scaled | access_forwards_41 | eps=5%
2026-09-20T07:03:35.080181+00:00 | [532/1600 | 33.25%] VALID-SKIP | sample=330 | SNN | TEMP-DRIFT-v2-budget-scaled | wallclock_snn | eps=5%
2026-09-20T07:03:35.080181+00:00 | [532/1600 | 33.25%] VALID-SKIP | sample=330 | SNN | PGD | wallclock_snn | eps=5%
2026-09-20T07:03:35.081182+00:00 | [532/1600 | 33.25%] VALID-SKIP | sample=330 | SNN | TEMP-DRIFT-v2-budget-scaled | access_candidates_21 | eps=10%
2026-09-20T07:03:35.082181+00:00 | [532/1600 | 33.25%] VALID-SKIP | sample=330 | SNN | TEMP-DRIFT-v2-budget-scaled | access_forwards_41 | eps=10%
2026-09-20T07:03:35.082181+00:00 | [532/1600 | 33.25%] VALID-SKIP | sample=330 | SNN | TEMP-DRIFT-v2-budget-scaled | wallclock_snn | eps=10%
2026-09-20T07:03:35.082181+00:00 | [532/1600 | 33.25%] VALID-SKIP | sample=330 | SNN | PGD | wallclock_snn | eps=10%
2026-09-20T07:03:35.084488+00:00 | [533/1600 | 33.25%] RUN | sample=330 | QSNN | TEMP-DRIFT-v2-budget-scaled | access_candidates_21 | eps=5%
2026-09-20T07:03:35.623562+00:00 | [533/1600 | 33.31%] PASS | runtime=0.54s | valid=533 | remaining=1067 | elapsed=00:00:02 | ETA=calibrating...
2026-09-20T07:03:35.625561+00:00 | PROGRESS | Records 533/1600 (33.31%) | Samples 1/100 (1.00%) | Remaining records 1067 | Remaining samples 99 | Elapsed 00:00:02 | ETA: calibrating... | Estimated finish: calibrating...
2026-09-20T07:03:35.629560+00:00 | [534/1600 | 33.31%] RUN | sample=330 | QSNN | TEMP-DRIFT-v2-budget-scaled | access_forwards_41 | eps=5%
2026-09-20T07:03:35.858999+00:00 | [534/1600 | 33.38%] PASS | runtime=0.23s | valid=534 | remaining=1066 | elapsed=00:00:02 | ETA=calibrating...
2026-09-20T07:03:35.859999+00:00 | [535/1600 | 33.38%] RUN | sample=330 | QSNN | TEMP-DRIFT-v2-budget-scaled | wallclock_qsnn | eps=5%
2026-09-20T07:03:38.176951+00:00 | [535/1600 | 33.44%] PASS | runtime=2.31s | valid=535 | remaining=1065 | elapsed=00:00:04 | ETA=calibrating...
2026-09-20T07:03:38.178951+00:00 | [536/1600 | 33.44%] RUN | sample=330 | QSNN | PGD | wallclock_qsnn | eps=5%
2026-09-20T07:03:40.781822+00:00 | [536/1600 | 33.50%] PASS | runtime=2.60s | valid=536 | remaining=1064 | elapsed=00:00:07 | ETA=calibrating...
2026-09-20T07:03:40.785979+00:00 | [537/1600 | 33.50%] RUN | sample=330 | QSNN | TEMP-DRIFT-v2-budget-scaled | access_candidates_21 | eps=10%
2026-09-20T07:03:41.013943+00:00 | [537/1600 | 33.56%] PASS | runtime=0.23s | valid=537 | remaining=1063 | elapsed=00:00:07 | ETA=calibrating...
2026-09-20T07:03:41.017943+00:00 | [538/1600 | 33.56%] RUN | sample=330 | QSNN | TEMP-DRIFT-v2-budget-scaled | access_forwards_41 | eps=10%
2026-09-20T07:03:41.254137+00:00 | [538/1600 | 33.62%] PASS | runtime=0.23s | valid=538 | remaining=1062 | elapsed=00:00:07 | ETA=calibrating...
2026-09-20T07:03:41.255135+00:00 | [539/1600 | 33.62%] RUN | sample=330 | QSNN | TEMP-DRIFT-v2-budget-scaled | wallclock_qsnn | eps=10%
2026-09-20T07:03:43.624149+00:00 | [539/1600 | 33.69%] PASS | runtime=2.37s | valid=539 | remaining=1061 | elapsed=00:00:10 | ETA=calibrating...
2026-09-20T07:03:43.625767+00:00 | [540/1600 | 33.69%] RUN | sample=330 | QSNN | PGD | wallclock_qsnn | eps=10%
2026-09-20T07:03:45.984718+00:00 | [SAMPLE 2/100 | 2.00%] sample_id=330 COMPLETE
2026-09-20T07:03:45.984718+00:00 | [540/1600 | 33.75%] PASS | runtime=2.36s | valid=540 | remaining=1060 | elapsed=00:00:12 | ETA=calibrating...
2026-09-20T07:03:45.988723+00:00 | [540/1600 | 33.75%] VALID-SKIP | sample=4102 | SNN | TEMP-DRIFT-v2-budget-scaled | access_candidates_21 | eps=5%
2026-09-20T07:03:45.990723+00:00 | [540/1600 | 33.75%] VALID-SKIP | sample=4102 | SNN | TEMP-DRIFT-v2-budget-scaled | access_forwards_41 | eps=5%
2026-09-20T07:03:45.990723+00:00 | [540/1600 | 33.75%] VALID-SKIP | sample=4102 | SNN | PGD | wallclock_snn | eps=5%
2026-09-20T07:03:45.990723+00:00 | [540/1600 | 33.75%] VALID-SKIP | sample=4102 | SNN | TEMP-DRIFT-v2-budget-scaled | wallclock_snn | eps=5%
2026-09-20T07:03:45.992723+00:00 | [540/1600 | 33.75%] VALID-SKIP | sample=4102 | SNN | TEMP-DRIFT-v2-budget-scaled | access_candidates_21 | eps=10%
2026-09-20T07:03:45.994723+00:00 | [540/1600 | 33.75%] VALID-SKIP | sample=4102 | SNN | TEMP-DRIFT-v2-budget-scaled | access_forwards_41 | eps=10%
2026-09-20T07:03:45.994723+00:00 | [540/1600 | 33.75%] VALID-SKIP | sample=4102 | SNN | PGD | wallclock_snn | eps=10%
2026-09-20T07:03:45.994723+00:00 | [540/1600 | 33.75%] VALID-SKIP | sample=4102 | SNN | TEMP-DRIFT-v2-budget-scaled | wallclock_snn | eps=10%
2026-09-20T07:03:45.996723+00:00 | [541/1600 | 33.75%] RUN | sample=4102 | QSNN | TEMP-DRIFT-v2-budget-scaled | access_candidates_21 | eps=5%
2026-09-20T07:03:46.227971+00:00 | [541/1600 | 33.81%] PASS | runtime=0.23s | valid=541 | remaining=1059 | elapsed=00:00:12 | ETA=calibrating...
2026-09-20T07:03:46.230971+00:00 | [542/1600 | 33.81%] RUN | sample=4102 | QSNN | TEMP-DRIFT-v2-budget-scaled | access_forwards_41 | eps=5%
2026-09-20T07:03:46.462724+00:00 | [542/1600 | 33.88%] PASS | runtime=0.23s | valid=542 | remaining=1058 | elapsed=00:00:13 | ETA=calibrating...
2026-09-20T07:03:46.463724+00:00 | [543/1600 | 33.88%] RUN | sample=4102 | QSNN | PGD | wallclock_qsnn | eps=5%
2026-09-20T07:03:48.920270+00:00 | [543/1600 | 33.94%] PASS | runtime=2.46s | valid=543 | remaining=1057 | elapsed=00:00:15 | ETA=calibrating...
2026-09-20T07:03:48.922837+00:00 | [544/1600 | 33.94%] RUN | sample=4102 | QSNN | TEMP-DRIFT-v2-budget-scaled | wallclock_qsnn | eps=5%
2026-09-20T07:03:51.360528+00:00 | [544/1600 | 34.00%] PASS | runtime=2.44s | valid=544 | remaining=1056 | elapsed=00:00:17 | ETA=calibrating...
2026-09-20T07:03:51.364528+00:00 | [545/1600 | 34.00%] RUN | sample=4102 | QSNN | TEMP-DRIFT-v2-budget-scaled | access_candidates_21 | eps=10%
2026-09-20T07:03:51.596616+00:00 | [545/1600 | 34.06%] PASS | runtime=0.23s | valid=545 | remaining=1055 | elapsed=00:00:18 | ETA=calibrating...
2026-09-20T07:03:51.600154+00:00 | [546/1600 | 34.06%] RUN | sample=4102 | QSNN | TEMP-DRIFT-v2-budget-scaled | access_forwards_41 | eps=10%
2026-09-20T07:03:51.829088+00:00 | [546/1600 | 34.12%] PASS | runtime=0.23s | valid=546 | remaining=1054 | elapsed=00:00:18 | ETA=calibrating...
2026-09-20T07:03:51.830089+00:00 | [547/1600 | 34.12%] RUN | sample=4102 | QSNN | PGD | wallclock_qsnn | eps=10%
2026-09-20T07:03:54.014709+00:00 | [547/1600 | 34.19%] PASS | runtime=2.18s | valid=547 | remaining=1053 | elapsed=00:00:20 | ETA=calibrating...
2026-09-20T07:03:54.015709+00:00 | [548/1600 | 34.19%] RUN | sample=4102 | QSNN | TEMP-DRIFT-v2-budget-scaled | wallclock_qsnn | eps=10%
2026-09-20T07:03:56.245147+00:00 | [SAMPLE 3/100 | 3.00%] sample_id=4102 COMPLETE
2026-09-20T07:03:56.246144+00:00 | [548/1600 | 34.25%] PASS | runtime=2.23s | valid=548 | remaining=1052 | elapsed=00:00:22 | ETA=calibrating...
2026-09-20T07:03:56.250144+00:00 | [548/1600 | 34.25%] VALID-SKIP | sample=5351 | SNN | TEMP-DRIFT-v2-budget-scaled | access_candidates_21 | eps=5%
2026-09-20T07:03:56.252145+00:00 | [548/1600 | 34.25%] VALID-SKIP | sample=5351 | SNN | TEMP-DRIFT-v2-budget-scaled | access_forwards_41 | eps=5%
2026-09-20T07:03:56.252145+00:00 | [548/1600 | 34.25%] VALID-SKIP | sample=5351 | SNN | TEMP-DRIFT-v2-budget-scaled | wallclock_snn | eps=5%
2026-09-20T07:03:56.252145+00:00 | [548/1600 | 34.25%] VALID-SKIP | sample=5351 | SNN | PGD | wallclock_snn | eps=5%
2026-09-20T07:03:56.254146+00:00 | [548/1600 | 34.25%] VALID-SKIP | sample=5351 | SNN | TEMP-DRIFT-v2-budget-scaled | access_candidates_21 | eps=10%
2026-09-20T07:03:56.256147+00:00 | [548/1600 | 34.25%] VALID-SKIP | sample=5351 | SNN | TEMP-DRIFT-v2-budget-scaled | access_forwards_41 | eps=10%
2026-09-20T07:03:56.256147+00:00 | [548/1600 | 34.25%] VALID-SKIP | sample=5351 | SNN | TEMP-DRIFT-v2-budget-scaled | wallclock_snn | eps=10%
2026-09-20T07:03:56.256147+00:00 | [548/1600 | 34.25%] VALID-SKIP | sample=5351 | SNN | PGD | wallclock_snn | eps=10%
2026-09-20T07:03:56.257147+00:00 | [549/1600 | 34.25%] RUN | sample=5351 | QSNN | TEMP-DRIFT-v2-budget-scaled | access_candidates_21 | eps=5%
2026-09-20T07:03:56.526705+00:00 | [549/1600 | 34.31%] PASS | runtime=0.27s | valid=549 | remaining=1051 | elapsed=00:00:23 | ETA=calibrating...
2026-09-20T07:03:56.529705+00:00 | [550/1600 | 34.31%] RUN | sample=5351 | QSNN | TEMP-DRIFT-v2-budget-scaled | access_forwards_41 | eps=5%
2026-09-20T07:03:56.743360+00:00 | [550/1600 | 34.38%] PASS | runtime=0.21s | valid=550 | remaining=1050 | elapsed=00:00:23 | ETA=calibrating...
2026-09-20T07:03:56.745360+00:00 | [551/1600 | 34.38%] RUN | sample=5351 | QSNN | TEMP-DRIFT-v2-budget-scaled | wallclock_qsnn | eps=5%
2026-09-20T07:03:58.971998+00:00 | [551/1600 | 34.44%] PASS | runtime=2.23s | valid=551 | remaining=1049 | elapsed=00:00:25 | ETA=calibrating...
2026-09-20T07:03:58.974001+00:00 | [552/1600 | 34.44%] RUN | sample=5351 | QSNN | PGD | wallclock_qsnn | eps=5%
2026-09-20T07:04:01.057599+00:00 | [552/1600 | 34.50%] PASS | runtime=2.08s | valid=552 | remaining=1048 | elapsed=00:00:27 | ETA=calibrating...
2026-09-20T07:04:01.060600+00:00 | [553/1600 | 34.50%] RUN | sample=5351 | QSNN | TEMP-DRIFT-v2-budget-scaled | access_candidates_21 | eps=10%
2026-09-20T07:04:01.285042+00:00 | [553/1600 | 34.56%] PASS | runtime=0.22s | valid=553 | remaining=1047 | elapsed=00:00:27 | ETA=calibrating...
2026-09-20T07:04:01.288042+00:00 | [554/1600 | 34.56%] RUN | sample=5351 | QSNN | TEMP-DRIFT-v2-budget-scaled | access_forwards_41 | eps=10%
2026-09-20T07:04:01.509389+00:00 | [554/1600 | 34.62%] PASS | runtime=0.22s | valid=554 | remaining=1046 | elapsed=00:00:28 | ETA=calibrating...
2026-09-20T07:04:01.511389+00:00 | [555/1600 | 34.62%] RUN | sample=5351 | QSNN | TEMP-DRIFT-v2-budget-scaled | wallclock_qsnn | eps=10%
2026-09-20T07:04:03.762362+00:00 | [555/1600 | 34.69%] PASS | runtime=2.25s | valid=555 | remaining=1045 | elapsed=00:00:30 | ETA=calibrating...
2026-09-20T07:04:03.764362+00:00 | [556/1600 | 34.69%] RUN | sample=5351 | QSNN | PGD | wallclock_qsnn | eps=10%
2026-09-20T07:04:05.871041+00:00 | [SAMPLE 4/100 | 4.00%] sample_id=5351 COMPLETE
2026-09-20T07:04:05.871041+00:00 | [556/1600 | 34.75%] PASS | runtime=2.11s | valid=556 | remaining=1044 | elapsed=00:00:32 | ETA=calibrating...
2026-09-20T07:04:05.874041+00:00 | [556/1600 | 34.75%] VALID-SKIP | sample=5526 | SNN | TEMP-DRIFT-v2-budget-scaled | access_candidates_21 | eps=5%
2026-09-20T07:04:05.876041+00:00 | [556/1600 | 34.75%] VALID-SKIP | sample=5526 | SNN | TEMP-DRIFT-v2-budget-scaled | access_forwards_41 | eps=5%
2026-09-20T07:04:05.876041+00:00 | [556/1600 | 34.75%] VALID-SKIP | sample=5526 | SNN | PGD | wallclock_snn | eps=5%
2026-09-20T07:04:05.876041+00:00 | [556/1600 | 34.75%] VALID-SKIP | sample=5526 | SNN | TEMP-DRIFT-v2-budget-scaled | wallclock_snn | eps=5%
2026-09-20T07:04:05.878041+00:00 | [556/1600 | 34.75%] VALID-SKIP | sample=5526 | SNN | TEMP-DRIFT-v2-budget-scaled | access_candidates_21 | eps=10%
2026-09-20T07:04:05.879043+00:00 | [556/1600 | 34.75%] VALID-SKIP | sample=5526 | SNN | TEMP-DRIFT-v2-budget-scaled | access_forwards_41 | eps=10%
2026-09-20T07:04:05.879043+00:00 | [556/1600 | 34.75%] VALID-SKIP | sample=5526 | SNN | PGD | wallclock_snn | eps=10%
2026-09-20T07:04:05.879043+00:00 | [556/1600 | 34.75%] VALID-SKIP | sample=5526 | SNN | TEMP-DRIFT-v2-budget-scaled | wallclock_snn | eps=10%
2026-09-20T07:04:05.881041+00:00 | [557/1600 | 34.75%] RUN | sample=5526 | QSNN | TEMP-DRIFT-v2-budget-scaled | access_candidates_21 | eps=5%
2026-09-20T07:04:06.092791+00:00 | [557/1600 | 34.81%] PASS | runtime=0.21s | valid=557 | remaining=1043 | elapsed=00:00:32 | ETA=calibrating...
2026-09-20T07:04:06.094791+00:00 | PROGRESS | Records 557/1600 (34.81%) | Samples 4/100 (4.00%) | Remaining records 1043 | Remaining samples 96 | Elapsed 00:00:32 | ETA: calibrating... | Estimated finish: calibrating...
2026-09-20T07:04:06.097793+00:00 | [558/1600 | 34.81%] RUN | sample=5526 | QSNN | TEMP-DRIFT-v2-budget-scaled | access_forwards_41 | eps=5%
2026-09-20T07:04:06.319498+00:00 | [558/1600 | 34.88%] PASS | runtime=0.22s | valid=558 | remaining=1042 | elapsed=00:00:32 | ETA=calibrating...
2026-09-20T07:04:06.321497+00:00 | [559/1600 | 34.88%] RUN | sample=5526 | QSNN | PGD | wallclock_qsnn | eps=5%
2026-09-20T07:04:08.693291+00:00 | [559/1600 | 34.94%] PASS | runtime=2.37s | valid=559 | remaining=1041 | elapsed=00:00:35 | ETA=calibrating...
2026-09-20T07:04:08.694292+00:00 | [560/1600 | 34.94%] RUN | sample=5526 | QSNN | TEMP-DRIFT-v2-budget-scaled | wallclock_qsnn | eps=5%
2026-09-20T07:04:11.054086+00:00 | [560/1600 | 35.00%] PASS | runtime=2.36s | valid=560 | remaining=1040 | elapsed=00:00:37 | ETA=calibrating...
2026-09-20T07:04:11.058085+00:00 | [561/1600 | 35.00%] RUN | sample=5526 | QSNN | TEMP-DRIFT-v2-budget-scaled | access_candidates_21 | eps=10%
2026-09-20T07:04:11.282558+00:00 | [561/1600 | 35.06%] PASS | runtime=0.22s | valid=561 | remaining=1039 | elapsed=00:00:37 | ETA=calibrating...
2026-09-20T07:04:11.286560+00:00 | [562/1600 | 35.06%] RUN | sample=5526 | QSNN | TEMP-DRIFT-v2-budget-scaled | access_forwards_41 | eps=10%
2026-09-20T07:04:11.515861+00:00 | [562/1600 | 35.12%] PASS | runtime=0.23s | valid=562 | remaining=1038 | elapsed=00:00:38 | ETA=calibrating...
2026-09-20T07:04:11.516862+00:00 | [563/1600 | 35.12%] RUN | sample=5526 | QSNN | PGD | wallclock_qsnn | eps=10%
2026-09-20T07:04:13.810384+00:00 | [563/1600 | 35.19%] PASS | runtime=2.29s | valid=563 | remaining=1037 | elapsed=00:00:40 | ETA=calibrating...
2026-09-20T07:04:13.811384+00:00 | [564/1600 | 35.19%] RUN | sample=5526 | QSNN | TEMP-DRIFT-v2-budget-scaled | wallclock_qsnn | eps=10%
2026-09-20T07:04:16.155530+00:00 | [SAMPLE 5/100 | 5.00%] sample_id=5526 COMPLETE
2026-09-20T07:04:16.156529+00:00 | [564/1600 | 35.25%] PASS | runtime=2.34s | valid=564 | remaining=1036 | elapsed=00:00:42 | ETA=calibrating...
2026-09-20T07:04:16.159528+00:00 | [564/1600 | 35.25%] VALID-SKIP | sample=660 | SNN | TEMP-DRIFT-v2-budget-scaled | access_candidates_21 | eps=5%
2026-09-20T07:04:16.161527+00:00 | [564/1600 | 35.25%] VALID-SKIP | sample=660 | SNN | TEMP-DRIFT-v2-budget-scaled | access_forwards_41 | eps=5%
2026-09-20T07:04:16.161527+00:00 | [564/1600 | 35.25%] VALID-SKIP | sample=660 | SNN | TEMP-DRIFT-v2-budget-scaled | wallclock_snn | eps=5%
2026-09-20T07:04:16.161527+00:00 | [564/1600 | 35.25%] VALID-SKIP | sample=660 | SNN | PGD | wallclock_snn | eps=5%
2026-09-20T07:04:16.163527+00:00 | [564/1600 | 35.25%] VALID-SKIP | sample=660 | SNN | TEMP-DRIFT-v2-budget-scaled | access_candidates_21 | eps=10%
2026-09-20T07:04:16.165527+00:00 | [564/1600 | 35.25%] VALID-SKIP | sample=660 | SNN | TEMP-DRIFT-v2-budget-scaled | access_forwards_41 | eps=10%
2026-09-20T07:04:16.165527+00:00 | [564/1600 | 35.25%] VALID-SKIP | sample=660 | SNN | TEMP-DRIFT-v2-budget-scaled | wallclock_snn | eps=10%
2026-09-20T07:04:16.165527+00:00 | [564/1600 | 35.25%] VALID-SKIP | sample=660 | SNN | PGD | wallclock_snn | eps=10%
2026-09-20T07:04:16.167528+00:00 | [565/1600 | 35.25%] RUN | sample=660 | QSNN | TEMP-DRIFT-v2-budget-scaled | access_candidates_21 | eps=5%
2026-09-20T07:04:16.377030+00:00 | [565/1600 | 35.31%] PASS | runtime=0.21s | valid=565 | remaining=1035 | elapsed=00:00:42 | ETA=calibrating...
2026-09-20T07:04:16.381075+00:00 | [566/1600 | 35.31%] RUN | sample=660 | QSNN | TEMP-DRIFT-v2-budget-scaled | access_forwards_41 | eps=5%
2026-09-20T07:04:16.594128+00:00 | [566/1600 | 35.38%] PASS | runtime=0.21s | valid=566 | remaining=1034 | elapsed=00:00:43 | ETA=calibrating...
2026-09-20T07:04:16.596128+00:00 | [567/1600 | 35.38%] RUN | sample=660 | QSNN | TEMP-DRIFT-v2-budget-scaled | wallclock_qsnn | eps=5%
2026-09-20T07:04:18.701125+00:00 | [567/1600 | 35.44%] PASS | runtime=2.10s | valid=567 | remaining=1033 | elapsed=00:00:45 | ETA=calibrating...
2026-09-20T07:04:18.703125+00:00 | [568/1600 | 35.44%] RUN | sample=660 | QSNN | PGD | wallclock_qsnn | eps=5%
2026-09-20T07:04:20.937457+00:00 | [568/1600 | 35.50%] PASS | runtime=2.23s | valid=568 | remaining=1032 | elapsed=00:00:47 | ETA=calibrating...
2026-09-20T07:04:20.940457+00:00 | [569/1600 | 35.50%] RUN | sample=660 | QSNN | TEMP-DRIFT-v2-budget-scaled | access_candidates_21 | eps=10%
2026-09-20T07:04:21.152836+00:00 | [569/1600 | 35.56%] PASS | runtime=0.21s | valid=569 | remaining=1031 | elapsed=00:00:47 | ETA=calibrating...
2026-09-20T07:04:21.155836+00:00 | [570/1600 | 35.56%] RUN | sample=660 | QSNN | TEMP-DRIFT-v2-budget-scaled | access_forwards_41 | eps=10%
2026-09-20T07:04:21.368070+00:00 | [570/1600 | 35.62%] PASS | runtime=0.21s | valid=570 | remaining=1030 | elapsed=00:00:47 | ETA=calibrating...
2026-09-20T07:04:21.369070+00:00 | [571/1600 | 35.62%] RUN | sample=660 | QSNN | TEMP-DRIFT-v2-budget-scaled | wallclock_qsnn | eps=10%
2026-09-20T07:04:23.443798+00:00 | [571/1600 | 35.69%] PASS | runtime=2.07s | valid=571 | remaining=1029 | elapsed=00:00:50 | ETA=calibrating...
2026-09-20T07:04:23.445798+00:00 | [572/1600 | 35.69%] RUN | sample=660 | QSNN | PGD | wallclock_qsnn | eps=10%
2026-09-20T07:04:25.672489+00:00 | [SAMPLE 6/100 | 6.00%] sample_id=660 COMPLETE
2026-09-20T07:04:25.672489+00:00 | [572/1600 | 35.75%] PASS | runtime=2.22s | valid=572 | remaining=1028 | elapsed=00:00:52 | ETA=calibrating...
2026-09-20T07:04:25.676490+00:00 | [572/1600 | 35.75%] VALID-SKIP | sample=2802 | SNN | TEMP-DRIFT-v2-budget-scaled | access_candidates_21 | eps=5%
2026-09-20T07:04:25.677490+00:00 | [572/1600 | 35.75%] VALID-SKIP | sample=2802 | SNN | TEMP-DRIFT-v2-budget-scaled | access_forwards_41 | eps=5%
2026-09-20T07:04:25.678487+00:00 | [572/1600 | 35.75%] VALID-SKIP | sample=2802 | SNN | PGD | wallclock_snn | eps=5%
2026-09-20T07:04:25.678487+00:00 | [572/1600 | 35.75%] VALID-SKIP | sample=2802 | SNN | TEMP-DRIFT-v2-budget-scaled | wallclock_snn | eps=5%
2026-09-20T07:04:25.679490+00:00 | [572/1600 | 35.75%] VALID-SKIP | sample=2802 | SNN | TEMP-DRIFT-v2-budget-scaled | access_candidates_21 | eps=10%
2026-09-20T07:04:25.681490+00:00 | [572/1600 | 35.75%] VALID-SKIP | sample=2802 | SNN | TEMP-DRIFT-v2-budget-scaled | access_forwards_41 | eps=10%
2026-09-20T07:04:25.681490+00:00 | [572/1600 | 35.75%] VALID-SKIP | sample=2802 | SNN | PGD | wallclock_snn | eps=10%
2026-09-20T07:04:25.681490+00:00 | [572/1600 | 35.75%] VALID-SKIP | sample=2802 | SNN | TEMP-DRIFT-v2-budget-scaled | wallclock_snn | eps=10%
2026-09-20T07:04:25.682490+00:00 | [573/1600 | 35.75%] RUN | sample=2802 | QSNN | TEMP-DRIFT-v2-budget-scaled | access_candidates_21 | eps=5%
2026-09-20T07:04:25.899391+00:00 | [573/1600 | 35.81%] PASS | runtime=0.22s | valid=573 | remaining=1027 | elapsed=00:00:52 | ETA=calibrating...
2026-09-20T07:04:25.902391+00:00 | [574/1600 | 35.81%] RUN | sample=2802 | QSNN | TEMP-DRIFT-v2-budget-scaled | access_forwards_41 | eps=5%
2026-09-20T07:04:26.123098+00:00 | [574/1600 | 35.88%] PASS | runtime=0.22s | valid=574 | remaining=1026 | elapsed=00:00:52 | ETA=calibrating...
2026-09-20T07:04:26.124098+00:00 | [575/1600 | 35.88%] RUN | sample=2802 | QSNN | PGD | wallclock_qsnn | eps=5%
2026-09-20T07:04:28.389196+00:00 | [575/1600 | 35.94%] PASS | runtime=2.26s | valid=575 | remaining=1025 | elapsed=00:00:54 | ETA=calibrating...
2026-09-20T07:04:28.391196+00:00 | [576/1600 | 35.94%] RUN | sample=2802 | QSNN | TEMP-DRIFT-v2-budget-scaled | wallclock_qsnn | eps=5%
2026-09-20T07:04:30.631428+00:00 | [576/1600 | 36.00%] PASS | runtime=2.24s | valid=576 | remaining=1024 | elapsed=00:00:57 | ETA=calibrating...
2026-09-20T07:04:30.635426+00:00 | [577/1600 | 36.00%] RUN | sample=2802 | QSNN | TEMP-DRIFT-v2-budget-scaled | access_candidates_21 | eps=10%
2026-09-20T07:04:30.860674+00:00 | [577/1600 | 36.06%] PASS | runtime=0.22s | valid=577 | remaining=1023 | elapsed=00:00:57 | ETA=calibrating...
2026-09-20T07:04:30.863674+00:00 | [578/1600 | 36.06%] RUN | sample=2802 | QSNN | TEMP-DRIFT-v2-budget-scaled | access_forwards_41 | eps=10%
2026-09-20T07:04:31.085220+00:00 | [578/1600 | 36.12%] PASS | runtime=0.22s | valid=578 | remaining=1022 | elapsed=00:00:57 | ETA=calibrating...
2026-09-20T07:04:31.086220+00:00 | [579/1600 | 36.12%] RUN | sample=2802 | QSNN | PGD | wallclock_qsnn | eps=10%
2026-09-20T07:04:33.318384+00:00 | [579/1600 | 36.19%] PASS | runtime=2.23s | valid=579 | remaining=1021 | elapsed=00:00:59 | ETA=calibrating...
2026-09-20T07:04:33.319382+00:00 | [580/1600 | 36.19%] RUN | sample=2802 | QSNN | TEMP-DRIFT-v2-budget-scaled | wallclock_qsnn | eps=10%
2026-09-20T07:04:35.556012+00:00 | [SAMPLE 7/100 | 7.00%] sample_id=2802 COMPLETE
2026-09-20T07:04:35.556012+00:00 | [580/1600 | 36.25%] PASS | runtime=2.23s | valid=580 | remaining=1020 | elapsed=00:01:02 | ETA=calibrating...
2026-09-20T07:04:35.560012+00:00 | [580/1600 | 36.25%] VALID-SKIP | sample=5557 | SNN | TEMP-DRIFT-v2-budget-scaled | access_candidates_21 | eps=5%
2026-09-20T07:04:35.562012+00:00 | [580/1600 | 36.25%] VALID-SKIP | sample=5557 | SNN | TEMP-DRIFT-v2-budget-scaled | access_forwards_41 | eps=5%
2026-09-20T07:04:35.562012+00:00 | [580/1600 | 36.25%] VALID-SKIP | sample=5557 | SNN | TEMP-DRIFT-v2-budget-scaled | wallclock_snn | eps=5%
2026-09-20T07:04:35.562012+00:00 | [580/1600 | 36.25%] VALID-SKIP | sample=5557 | SNN | PGD | wallclock_snn | eps=5%
2026-09-20T07:04:35.564012+00:00 | [580/1600 | 36.25%] VALID-SKIP | sample=5557 | SNN | TEMP-DRIFT-v2-budget-scaled | access_candidates_21 | eps=10%
2026-09-20T07:04:35.565012+00:00 | [580/1600 | 36.25%] VALID-SKIP | sample=5557 | SNN | TEMP-DRIFT-v2-budget-scaled | access_forwards_41 | eps=10%
2026-09-20T07:04:35.566012+00:00 | [580/1600 | 36.25%] VALID-SKIP | sample=5557 | SNN | TEMP-DRIFT-v2-budget-scaled | wallclock_snn | eps=10%
2026-09-20T07:04:35.566012+00:00 | [580/1600 | 36.25%] VALID-SKIP | sample=5557 | SNN | PGD | wallclock_snn | eps=10%
2026-09-20T07:04:35.567012+00:00 | [581/1600 | 36.25%] RUN | sample=5557 | QSNN | TEMP-DRIFT-v2-budget-scaled | access_candidates_21 | eps=5%
2026-09-20T07:04:35.788713+00:00 | [581/1600 | 36.31%] PASS | runtime=0.22s | valid=581 | remaining=1019 | elapsed=00:01:02 | ETA=calibrating...
2026-09-20T07:04:35.791712+00:00 | [582/1600 | 36.31%] RUN | sample=5557 | QSNN | TEMP-DRIFT-v2-budget-scaled | access_forwards_41 | eps=5%
2026-09-20T07:04:36.008969+00:00 | [582/1600 | 36.38%] PASS | runtime=0.22s | valid=582 | remaining=1018 | elapsed=00:01:02 | ETA=calibrating...
2026-09-20T07:04:36.010969+00:00 | PROGRESS | Records 582/1600 (36.38%) | Samples 7/100 (7.00%) | Remaining records 1018 | Remaining samples 93 | Elapsed 00:01:02 | ETA: calibrating... | Estimated finish: calibrating...
2026-09-20T07:04:36.011969+00:00 | [583/1600 | 36.38%] RUN | sample=5557 | QSNN | TEMP-DRIFT-v2-budget-scaled | wallclock_qsnn | eps=5%
2026-09-20T07:04:38.195027+00:00 | [583/1600 | 36.44%] PASS | runtime=2.18s | valid=583 | remaining=1017 | elapsed=00:01:04 | ETA=calibrating...
2026-09-20T07:04:38.196027+00:00 | [584/1600 | 36.44%] RUN | sample=5557 | QSNN | PGD | wallclock_qsnn | eps=5%
2026-09-20T07:04:40.541505+00:00 | [584/1600 | 36.50%] PASS | runtime=2.34s | valid=584 | remaining=1016 | elapsed=00:01:07 | ETA=calibrating...
2026-09-20T07:04:40.544507+00:00 | [585/1600 | 36.50%] RUN | sample=5557 | QSNN | TEMP-DRIFT-v2-budget-scaled | access_candidates_21 | eps=10%
2026-09-20T07:04:40.758503+00:00 | [585/1600 | 36.56%] PASS | runtime=0.21s | valid=585 | remaining=1015 | elapsed=00:01:07 | ETA=calibrating...
2026-09-20T07:04:40.761503+00:00 | [586/1600 | 36.56%] RUN | sample=5557 | QSNN | TEMP-DRIFT-v2-budget-scaled | access_forwards_41 | eps=10%
2026-09-20T07:04:40.970702+00:00 | [586/1600 | 36.62%] PASS | runtime=0.21s | valid=586 | remaining=1014 | elapsed=00:01:07 | ETA=calibrating...
2026-09-20T07:04:40.971701+00:00 | [587/1600 | 36.62%] RUN | sample=5557 | QSNN | TEMP-DRIFT-v2-budget-scaled | wallclock_qsnn | eps=10%
2026-09-20T07:04:43.152903+00:00 | [587/1600 | 36.69%] PASS | runtime=2.18s | valid=587 | remaining=1013 | elapsed=00:01:09 | ETA=calibrating...
2026-09-20T07:04:43.153903+00:00 | [588/1600 | 36.69%] RUN | sample=5557 | QSNN | PGD | wallclock_qsnn | eps=10%
2026-09-20T07:04:45.286835+00:00 | [SAMPLE 8/100 | 8.00%] sample_id=5557 COMPLETE
2026-09-20T07:04:45.286835+00:00 | [588/1600 | 36.75%] PASS | runtime=2.13s | valid=588 | remaining=1012 | elapsed=00:01:11 | ETA=calibrating...
2026-09-20T07:04:45.290835+00:00 | [588/1600 | 36.75%] VALID-SKIP | sample=5367 | SNN | TEMP-DRIFT-v2-budget-scaled | access_candidates_21 | eps=5%
2026-09-20T07:04:45.292833+00:00 | [588/1600 | 36.75%] VALID-SKIP | sample=5367 | SNN | TEMP-DRIFT-v2-budget-scaled | access_forwards_41 | eps=5%
2026-09-20T07:04:45.292833+00:00 | [588/1600 | 36.75%] VALID-SKIP | sample=5367 | SNN | PGD | wallclock_snn | eps=5%
2026-09-20T07:04:45.292833+00:00 | [588/1600 | 36.75%] VALID-SKIP | sample=5367 | SNN | TEMP-DRIFT-v2-budget-scaled | wallclock_snn | eps=5%
2026-09-20T07:04:45.293833+00:00 | [588/1600 | 36.75%] VALID-SKIP | sample=5367 | SNN | TEMP-DRIFT-v2-budget-scaled | access_candidates_21 | eps=10%
2026-09-20T07:04:45.295833+00:00 | [588/1600 | 36.75%] VALID-SKIP | sample=5367 | SNN | TEMP-DRIFT-v2-budget-scaled | access_forwards_41 | eps=10%
2026-09-20T07:04:45.295833+00:00 | [588/1600 | 36.75%] VALID-SKIP | sample=5367 | SNN | PGD | wallclock_snn | eps=10%
2026-09-20T07:04:45.295833+00:00 | [588/1600 | 36.75%] VALID-SKIP | sample=5367 | SNN | TEMP-DRIFT-v2-budget-scaled | wallclock_snn | eps=10%
2026-09-20T07:04:45.297834+00:00 | [589/1600 | 36.75%] RUN | sample=5367 | QSNN | TEMP-DRIFT-v2-budget-scaled | access_candidates_21 | eps=5%
2026-09-20T07:04:45.508910+00:00 | [589/1600 | 36.81%] PASS | runtime=0.21s | valid=589 | remaining=1011 | elapsed=00:01:12 | ETA=calibrating...
2026-09-20T07:04:45.511910+00:00 | [590/1600 | 36.81%] RUN | sample=5367 | QSNN | TEMP-DRIFT-v2-budget-scaled | access_forwards_41 | eps=5%
2026-09-20T07:04:45.725144+00:00 | [590/1600 | 36.88%] PASS | runtime=0.21s | valid=590 | remaining=1010 | elapsed=00:01:12 | ETA=calibrating...
2026-09-20T07:04:45.726144+00:00 | [591/1600 | 36.88%] RUN | sample=5367 | QSNN | PGD | wallclock_qsnn | eps=5%
2026-09-20T07:04:47.932822+00:00 | [591/1600 | 36.94%] PASS | runtime=2.20s | valid=591 | remaining=1009 | elapsed=00:01:14 | ETA=calibrating...
2026-09-20T07:04:47.933822+00:00 | [592/1600 | 36.94%] RUN | sample=5367 | QSNN | TEMP-DRIFT-v2-budget-scaled | wallclock_qsnn | eps=5%
2026-09-20T07:04:50.258643+00:00 | [592/1600 | 37.00%] PASS | runtime=2.32s | valid=592 | remaining=1008 | elapsed=00:01:16 | ETA=calibrating...
2026-09-20T07:04:50.262643+00:00 | [593/1600 | 37.00%] RUN | sample=5367 | QSNN | TEMP-DRIFT-v2-budget-scaled | access_candidates_21 | eps=10%
2026-09-20T07:04:50.477903+00:00 | [593/1600 | 37.06%] PASS | runtime=0.21s | valid=593 | remaining=1007 | elapsed=00:01:17 | ETA=calibrating...
2026-09-20T07:04:50.481903+00:00 | [594/1600 | 37.06%] RUN | sample=5367 | QSNN | TEMP-DRIFT-v2-budget-scaled | access_forwards_41 | eps=10%
2026-09-20T07:04:50.709331+00:00 | [594/1600 | 37.12%] PASS | runtime=0.23s | valid=594 | remaining=1006 | elapsed=00:01:17 | ETA=calibrating...
2026-09-20T07:04:50.710332+00:00 | [595/1600 | 37.12%] RUN | sample=5367 | QSNN | PGD | wallclock_qsnn | eps=10%
2026-09-20T07:04:52.925421+00:00 | [595/1600 | 37.19%] PASS | runtime=2.21s | valid=595 | remaining=1005 | elapsed=00:01:19 | ETA=calibrating...
2026-09-20T07:04:52.927421+00:00 | [596/1600 | 37.19%] RUN | sample=5367 | QSNN | TEMP-DRIFT-v2-budget-scaled | wallclock_qsnn | eps=10%
2026-09-20T07:04:55.208543+00:00 | [SAMPLE 9/100 | 9.00%] sample_id=5367 COMPLETE
2026-09-20T07:04:55.209544+00:00 | [596/1600 | 37.25%] PASS | runtime=2.28s | valid=596 | remaining=1004 | elapsed=00:01:21 | ETA=calibrating...
2026-09-20T07:04:55.212541+00:00 | [596/1600 | 37.25%] VALID-SKIP | sample=1622 | SNN | TEMP-DRIFT-v2-budget-scaled | access_candidates_21 | eps=5%
2026-09-20T07:04:55.214541+00:00 | [596/1600 | 37.25%] VALID-SKIP | sample=1622 | SNN | TEMP-DRIFT-v2-budget-scaled | access_forwards_41 | eps=5%
2026-09-20T07:04:55.214541+00:00 | [596/1600 | 37.25%] VALID-SKIP | sample=1622 | SNN | TEMP-DRIFT-v2-budget-scaled | wallclock_snn | eps=5%
2026-09-20T07:04:55.214541+00:00 | [596/1600 | 37.25%] VALID-SKIP | sample=1622 | SNN | PGD | wallclock_snn | eps=5%
2026-09-20T07:04:55.216541+00:00 | [596/1600 | 37.25%] VALID-SKIP | sample=1622 | SNN | TEMP-DRIFT-v2-budget-scaled | access_candidates_21 | eps=10%
2026-09-20T07:04:55.217541+00:00 | [596/1600 | 37.25%] VALID-SKIP | sample=1622 | SNN | TEMP-DRIFT-v2-budget-scaled | access_forwards_41 | eps=10%
2026-09-20T07:04:55.217541+00:00 | [596/1600 | 37.25%] VALID-SKIP | sample=1622 | SNN | TEMP-DRIFT-v2-budget-scaled | wallclock_snn | eps=10%
2026-09-20T07:04:55.217541+00:00 | [596/1600 | 37.25%] VALID-SKIP | sample=1622 | SNN | PGD | wallclock_snn | eps=10%
2026-09-20T07:04:55.219541+00:00 | [597/1600 | 37.25%] RUN | sample=1622 | QSNN | TEMP-DRIFT-v2-budget-scaled | access_candidates_21 | eps=5%
2026-09-20T07:04:55.436346+00:00 | [597/1600 | 37.31%] PASS | runtime=0.21s | valid=597 | remaining=1003 | elapsed=00:01:22 | ETA=calibrating...
2026-09-20T07:04:55.439345+00:00 | [598/1600 | 37.31%] RUN | sample=1622 | QSNN | TEMP-DRIFT-v2-budget-scaled | access_forwards_41 | eps=5%
2026-09-20T07:04:55.654665+00:00 | [598/1600 | 37.38%] PASS | runtime=0.21s | valid=598 | remaining=1002 | elapsed=00:01:22 | ETA=calibrating...
2026-09-20T07:04:55.656214+00:00 | [599/1600 | 37.38%] RUN | sample=1622 | QSNN | TEMP-DRIFT-v2-budget-scaled | wallclock_qsnn | eps=5%
2026-09-20T07:04:57.686691+00:00 | [599/1600 | 37.44%] PASS | runtime=2.03s | valid=599 | remaining=1001 | elapsed=00:01:24 | ETA=calibrating...
2026-09-20T07:04:57.687691+00:00 | [600/1600 | 37.44%] RUN | sample=1622 | QSNN | PGD | wallclock_qsnn | eps=5%
2026-09-20T07:04:59.892768+00:00 | [600/1600 | 37.50%] PASS | runtime=2.20s | valid=600 | remaining=1000 | elapsed=00:01:26 | ETA=calibrating...
2026-09-20T07:04:59.895768+00:00 | [601/1600 | 37.50%] RUN | sample=1622 | QSNN | TEMP-DRIFT-v2-budget-scaled | access_candidates_21 | eps=10%
2026-09-20T07:05:00.107211+00:00 | [601/1600 | 37.56%] PASS | runtime=0.21s | valid=601 | remaining=999 | elapsed=00:01:26 | ETA=calibrating...
2026-09-20T07:05:00.110211+00:00 | [602/1600 | 37.56%] RUN | sample=1622 | QSNN | TEMP-DRIFT-v2-budget-scaled | access_forwards_41 | eps=10%
2026-09-20T07:05:00.318925+00:00 | [602/1600 | 37.62%] PASS | runtime=0.21s | valid=602 | remaining=998 | elapsed=00:01:26 | ETA=calibrating...
2026-09-20T07:05:00.319925+00:00 | [603/1600 | 37.62%] RUN | sample=1622 | QSNN | TEMP-DRIFT-v2-budget-scaled | wallclock_qsnn | eps=10%
2026-09-20T07:05:02.320498+00:00 | [603/1600 | 37.69%] PASS | runtime=2.00s | valid=603 | remaining=997 | elapsed=00:01:28 | ETA=calibrating...
2026-09-20T07:05:02.321497+00:00 | [604/1600 | 37.69%] RUN | sample=1622 | QSNN | PGD | wallclock_qsnn | eps=10%
2026-09-20T07:05:04.483656+00:00 | [SAMPLE 10/100 | 10.00%] sample_id=1622 COMPLETE
2026-09-20T07:05:04.483656+00:00 | [604/1600 | 37.75%] PASS | runtime=2.16s | valid=604 | remaining=996 | elapsed=00:01:31 | ETA=calibrating...
2026-09-20T07:05:04.486655+00:00 | [604/1600 | 37.75%] VALID-SKIP | sample=6000 | SNN | TEMP-DRIFT-v2-budget-scaled | access_candidates_21 | eps=5%
2026-09-20T07:05:04.487655+00:00 | [604/1600 | 37.75%] VALID-SKIP | sample=6000 | SNN | TEMP-DRIFT-v2-budget-scaled | access_forwards_41 | eps=5%
2026-09-20T07:05:04.487655+00:00 | [604/1600 | 37.75%] VALID-SKIP | sample=6000 | SNN | PGD | wallclock_snn | eps=5%
2026-09-20T07:05:04.487655+00:00 | [604/1600 | 37.75%] VALID-SKIP | sample=6000 | SNN | TEMP-DRIFT-v2-budget-scaled | wallclock_snn | eps=5%
2026-09-20T07:05:04.489655+00:00 | [604/1600 | 37.75%] VALID-SKIP | sample=6000 | SNN | TEMP-DRIFT-v2-budget-scaled | access_candidates_21 | eps=10%
2026-09-20T07:05:04.490655+00:00 | [604/1600 | 37.75%] VALID-SKIP | sample=6000 | SNN | TEMP-DRIFT-v2-budget-scaled | access_forwards_41 | eps=10%
2026-09-20T07:05:04.490655+00:00 | [604/1600 | 37.75%] VALID-SKIP | sample=6000 | SNN | PGD | wallclock_snn | eps=10%
2026-09-20T07:05:04.490655+00:00 | [604/1600 | 37.75%] VALID-SKIP | sample=6000 | SNN | TEMP-DRIFT-v2-budget-scaled | wallclock_snn | eps=10%
2026-09-20T07:05:04.491655+00:00 | [605/1600 | 37.75%] RUN | sample=6000 | QSNN | TEMP-DRIFT-v2-budget-scaled | access_candidates_21 | eps=5%
2026-09-20T07:05:04.701918+00:00 | [605/1600 | 37.81%] PASS | runtime=0.21s | valid=605 | remaining=995 | elapsed=00:01:31 | ETA=calibrating...
2026-09-20T07:05:04.704925+00:00 | [606/1600 | 37.81%] RUN | sample=6000 | QSNN | TEMP-DRIFT-v2-budget-scaled | access_forwards_41 | eps=5%
2026-09-20T07:05:04.912843+00:00 | [606/1600 | 37.88%] PASS | runtime=0.21s | valid=606 | remaining=994 | elapsed=00:01:31 | ETA=calibrating...
2026-09-20T07:05:04.913843+00:00 | [607/1600 | 37.88%] RUN | sample=6000 | QSNN | PGD | wallclock_qsnn | eps=5%
2026-09-20T07:05:07.070896+00:00 | [607/1600 | 37.94%] PASS | runtime=2.16s | valid=607 | remaining=993 | elapsed=00:01:33 | ETA=calibrating...
2026-09-20T07:05:07.072905+00:00 | PROGRESS | Records 607/1600 (37.94%) | Samples 10/100 (10.00%) | Remaining records 993 | Remaining samples 90 | Elapsed 00:01:33 | ETA: calibrating... | Estimated finish: calibrating...
2026-09-20T07:05:07.074903+00:00 | [608/1600 | 37.94%] RUN | sample=6000 | QSNN | TEMP-DRIFT-v2-budget-scaled | wallclock_qsnn | eps=5%
2026-09-20T07:05:09.100516+00:00 | [608/1600 | 38.00%] PASS | runtime=2.02s | valid=608 | remaining=992 | elapsed=00:01:35 | ETA=calibrating...
2026-09-20T07:05:09.104517+00:00 | [609/1600 | 38.00%] RUN | sample=6000 | QSNN | TEMP-DRIFT-v2-budget-scaled | access_candidates_21 | eps=10%
2026-09-20T07:05:09.319838+00:00 | [609/1600 | 38.06%] PASS | runtime=0.21s | valid=609 | remaining=991 | elapsed=00:01:35 | ETA=calibrating...
2026-09-20T07:05:09.323348+00:00 | [610/1600 | 38.06%] RUN | sample=6000 | QSNN | TEMP-DRIFT-v2-budget-scaled | access_forwards_41 | eps=10%
2026-09-20T07:05:09.542998+00:00 | [610/1600 | 38.12%] PASS | runtime=0.22s | valid=610 | remaining=990 | elapsed=00:01:36 | ETA=calibrating...
2026-09-20T07:05:09.543997+00:00 | [611/1600 | 38.12%] RUN | sample=6000 | QSNN | PGD | wallclock_qsnn | eps=10%
2026-09-20T07:05:11.736591+00:00 | [611/1600 | 38.19%] PASS | runtime=2.19s | valid=611 | remaining=989 | elapsed=00:01:38 | ETA=calibrating...
2026-09-20T07:05:11.737589+00:00 | [612/1600 | 38.19%] RUN | sample=6000 | QSNN | TEMP-DRIFT-v2-budget-scaled | wallclock_qsnn | eps=10%
2026-09-20T07:05:13.734494+00:00 | [SAMPLE 11/100 | 11.00%] sample_id=6000 COMPLETE
2026-09-20T07:05:13.734494+00:00 | [612/1600 | 38.25%] PASS | runtime=2.00s | valid=612 | remaining=988 | elapsed=00:01:40 | ETA=calibrating...
2026-09-20T07:05:13.738494+00:00 | [612/1600 | 38.25%] VALID-SKIP | sample=10228 | SNN | TEMP-DRIFT-v2-budget-scaled | access_candidates_21 | eps=5%
2026-09-20T07:05:13.739495+00:00 | [612/1600 | 38.25%] VALID-SKIP | sample=10228 | SNN | TEMP-DRIFT-v2-budget-scaled | access_forwards_41 | eps=5%
2026-09-20T07:05:13.739495+00:00 | [612/1600 | 38.25%] VALID-SKIP | sample=10228 | SNN | TEMP-DRIFT-v2-budget-scaled | wallclock_snn | eps=5%
2026-09-20T07:05:13.739495+00:00 | [612/1600 | 38.25%] VALID-SKIP | sample=10228 | SNN | PGD | wallclock_snn | eps=5%
2026-09-20T07:05:13.741494+00:00 | [612/1600 | 38.25%] VALID-SKIP | sample=10228 | SNN | TEMP-DRIFT-v2-budget-scaled | access_candidates_21 | eps=10%
2026-09-20T07:05:13.743494+00:00 | [612/1600 | 38.25%] VALID-SKIP | sample=10228 | SNN | TEMP-DRIFT-v2-budget-scaled | access_forwards_41 | eps=10%
2026-09-20T07:05:13.743494+00:00 | [612/1600 | 38.25%] VALID-SKIP | sample=10228 | SNN | TEMP-DRIFT-v2-budget-scaled | wallclock_snn | eps=10%
2026-09-20T07:05:13.743494+00:00 | [612/1600 | 38.25%] VALID-SKIP | sample=10228 | SNN | PGD | wallclock_snn | eps=10%
2026-09-20T07:05:13.744499+00:00 | [613/1600 | 38.25%] RUN | sample=10228 | QSNN | TEMP-DRIFT-v2-budget-scaled | access_candidates_21 | eps=5%
2026-09-20T07:05:13.954577+00:00 | [613/1600 | 38.31%] PASS | runtime=0.21s | valid=613 | remaining=987 | elapsed=00:01:40 | ETA=calibrating...
2026-09-20T07:05:13.957578+00:00 | [614/1600 | 38.31%] RUN | sample=10228 | QSNN | TEMP-DRIFT-v2-budget-scaled | access_forwards_41 | eps=5%
2026-09-20T07:05:14.170853+00:00 | [614/1600 | 38.38%] PASS | runtime=0.21s | valid=614 | remaining=986 | elapsed=00:01:40 | ETA=calibrating...
2026-09-20T07:05:14.171854+00:00 | [615/1600 | 38.38%] RUN | sample=10228 | QSNN | TEMP-DRIFT-v2-budget-scaled | wallclock_qsnn | eps=5%
2026-09-20T07:05:16.213858+00:00 | [615/1600 | 38.44%] PASS | runtime=2.04s | valid=615 | remaining=985 | elapsed=00:01:42 | ETA=calibrating...
2026-09-20T07:05:16.214858+00:00 | [616/1600 | 38.44%] RUN | sample=10228 | QSNN | PGD | wallclock_qsnn | eps=5%
2026-09-20T07:05:18.398565+00:00 | [616/1600 | 38.50%] PASS | runtime=2.18s | valid=616 | remaining=984 | elapsed=00:01:44 | ETA=calibrating...
2026-09-20T07:05:18.401565+00:00 | [617/1600 | 38.50%] RUN | sample=10228 | QSNN | TEMP-DRIFT-v2-budget-scaled | access_candidates_21 | eps=10%
2026-09-20T07:05:18.614898+00:00 | [617/1600 | 38.56%] PASS | runtime=0.21s | valid=617 | remaining=983 | elapsed=00:01:45 | ETA=calibrating...
2026-09-20T07:05:18.617897+00:00 | [618/1600 | 38.56%] RUN | sample=10228 | QSNN | TEMP-DRIFT-v2-budget-scaled | access_forwards_41 | eps=10%
2026-09-20T07:05:18.833366+00:00 | [618/1600 | 38.62%] PASS | runtime=0.21s | valid=618 | remaining=982 | elapsed=00:01:45 | ETA=calibrating...
2026-09-20T07:05:18.834366+00:00 | [619/1600 | 38.62%] RUN | sample=10228 | QSNN | TEMP-DRIFT-v2-budget-scaled | wallclock_qsnn | eps=10%
2026-09-20T07:05:20.961431+00:00 | [619/1600 | 38.69%] PASS | runtime=2.13s | valid=619 | remaining=981 | elapsed=00:01:47 | ETA=calibrating...
2026-09-20T07:05:20.963431+00:00 | [620/1600 | 38.69%] RUN | sample=10228 | QSNN | PGD | wallclock_qsnn | eps=10%
2026-09-20T07:05:23.191358+00:00 | [SAMPLE 12/100 | 12.00%] sample_id=10228 COMPLETE
2026-09-20T07:05:23.191358+00:00 | [620/1600 | 38.75%] PASS | runtime=2.23s | valid=620 | remaining=980 | elapsed=00:01:49 | ETA=calibrating...
2026-09-20T07:05:23.194359+00:00 | [620/1600 | 38.75%] VALID-SKIP | sample=9822 | SNN | TEMP-DRIFT-v2-budget-scaled | access_candidates_21 | eps=5%
2026-09-20T07:05:23.196358+00:00 | [620/1600 | 38.75%] VALID-SKIP | sample=9822 | SNN | TEMP-DRIFT-v2-budget-scaled | access_forwards_41 | eps=5%
2026-09-20T07:05:23.196358+00:00 | [620/1600 | 38.75%] VALID-SKIP | sample=9822 | SNN | PGD | wallclock_snn | eps=5%
2026-09-20T07:05:23.196358+00:00 | [620/1600 | 38.75%] VALID-SKIP | sample=9822 | SNN | TEMP-DRIFT-v2-budget-scaled | wallclock_snn | eps=5%
2026-09-20T07:05:23.197359+00:00 | [620/1600 | 38.75%] VALID-SKIP | sample=9822 | SNN | TEMP-DRIFT-v2-budget-scaled | access_candidates_21 | eps=10%
2026-09-20T07:05:23.198358+00:00 | [620/1600 | 38.75%] VALID-SKIP | sample=9822 | SNN | TEMP-DRIFT-v2-budget-scaled | access_forwards_41 | eps=10%
2026-09-20T07:05:23.198358+00:00 | [620/1600 | 38.75%] VALID-SKIP | sample=9822 | SNN | PGD | wallclock_snn | eps=10%
2026-09-20T07:05:23.198358+00:00 | [620/1600 | 38.75%] VALID-SKIP | sample=9822 | SNN | TEMP-DRIFT-v2-budget-scaled | wallclock_snn | eps=10%
2026-09-20T07:05:23.200362+00:00 | [621/1600 | 38.75%] RUN | sample=9822 | QSNN | TEMP-DRIFT-v2-budget-scaled | access_candidates_21 | eps=5%
2026-09-20T07:05:23.388397+00:00 | [621/1600 | 38.81%] PASS | runtime=0.19s | valid=621 | remaining=979 | elapsed=00:01:49 | ETA=calibrating...
2026-09-20T07:05:23.391397+00:00 | [622/1600 | 38.81%] RUN | sample=9822 | QSNN | TEMP-DRIFT-v2-budget-scaled | access_forwards_41 | eps=5%
2026-09-20T07:05:23.614982+00:00 | [622/1600 | 38.88%] PASS | runtime=0.22s | valid=622 | remaining=978 | elapsed=00:01:50 | ETA=calibrating...
2026-09-20T07:05:23.615981+00:00 | [623/1600 | 38.88%] RUN | sample=9822 | QSNN | PGD | wallclock_qsnn | eps=5%
2026-09-20T07:05:25.972184+00:00 | [623/1600 | 38.94%] PASS | runtime=2.35s | valid=623 | remaining=977 | elapsed=00:01:52 | ETA=calibrating...
2026-09-20T07:05:25.973184+00:00 | [624/1600 | 38.94%] RUN | sample=9822 | QSNN | TEMP-DRIFT-v2-budget-scaled | wallclock_qsnn | eps=5%
2026-09-20T07:05:28.005063+00:00 | [624/1600 | 39.00%] PASS | runtime=2.03s | valid=624 | remaining=976 | elapsed=00:01:54 | ETA=calibrating...
2026-09-20T07:05:28.008062+00:00 | [625/1600 | 39.00%] RUN | sample=9822 | QSNN | TEMP-DRIFT-v2-budget-scaled | access_candidates_21 | eps=10%
2026-09-20T07:05:28.206000+00:00 | [625/1600 | 39.06%] PASS | runtime=0.20s | valid=625 | remaining=975 | elapsed=00:01:54 | ETA=calibrating...
2026-09-20T07:05:28.209002+00:00 | [626/1600 | 39.06%] RUN | sample=9822 | QSNN | TEMP-DRIFT-v2-budget-scaled | access_forwards_41 | eps=10%
2026-09-20T07:05:28.403795+00:00 | [626/1600 | 39.12%] PASS | runtime=0.19s | valid=626 | remaining=974 | elapsed=00:01:54 | ETA=calibrating...
2026-09-20T07:05:28.404795+00:00 | [627/1600 | 39.12%] RUN | sample=9822 | QSNN | PGD | wallclock_qsnn | eps=10%
2026-09-20T07:05:30.518029+00:00 | [627/1600 | 39.19%] PASS | runtime=2.11s | valid=627 | remaining=973 | elapsed=00:01:57 | ETA=calibrating...
2026-09-20T07:05:30.520030+00:00 | [628/1600 | 39.19%] RUN | sample=9822 | QSNN | TEMP-DRIFT-v2-budget-scaled | wallclock_qsnn | eps=10%
2026-09-20T07:05:32.459118+00:00 | [SAMPLE 13/100 | 13.00%] sample_id=9822 COMPLETE
2026-09-20T07:05:32.459118+00:00 | [628/1600 | 39.25%] PASS | runtime=1.94s | valid=628 | remaining=972 | elapsed=00:01:59 | ETA=calibrating...
2026-09-20T07:05:32.463117+00:00 | [628/1600 | 39.25%] VALID-SKIP | sample=7470 | SNN | TEMP-DRIFT-v2-budget-scaled | access_candidates_21 | eps=5%
2026-09-20T07:05:32.465117+00:00 | [628/1600 | 39.25%] VALID-SKIP | sample=7470 | SNN | TEMP-DRIFT-v2-budget-scaled | access_forwards_41 | eps=5%
2026-09-20T07:05:32.465117+00:00 | [628/1600 | 39.25%] VALID-SKIP | sample=7470 | SNN | TEMP-DRIFT-v2-budget-scaled | wallclock_snn | eps=5%
2026-09-20T07:05:32.465117+00:00 | [628/1600 | 39.25%] VALID-SKIP | sample=7470 | SNN | PGD | wallclock_snn | eps=5%
2026-09-20T07:05:32.466117+00:00 | [628/1600 | 39.25%] VALID-SKIP | sample=7470 | SNN | TEMP-DRIFT-v2-budget-scaled | access_candidates_21 | eps=10%
2026-09-20T07:05:32.468117+00:00 | [628/1600 | 39.25%] VALID-SKIP | sample=7470 | SNN | TEMP-DRIFT-v2-budget-scaled | access_forwards_41 | eps=10%
2026-09-20T07:05:32.468117+00:00 | [628/1600 | 39.25%] VALID-SKIP | sample=7470 | SNN | TEMP-DRIFT-v2-budget-scaled | wallclock_snn | eps=10%
2026-09-20T07:05:32.468117+00:00 | [628/1600 | 39.25%] VALID-SKIP | sample=7470 | SNN | PGD | wallclock_snn | eps=10%
2026-09-20T07:05:32.470118+00:00 | [629/1600 | 39.25%] RUN | sample=7470 | QSNN | TEMP-DRIFT-v2-budget-scaled | access_candidates_21 | eps=5%
2026-09-20T07:05:32.666934+00:00 | [629/1600 | 39.31%] PASS | runtime=0.20s | valid=629 | remaining=971 | elapsed=00:01:59 | ETA=calibrating...
2026-09-20T07:05:32.669439+00:00 | [630/1600 | 39.31%] RUN | sample=7470 | QSNN | TEMP-DRIFT-v2-budget-scaled | access_forwards_41 | eps=5%
2026-09-20T07:05:32.853539+00:00 | [630/1600 | 39.38%] PASS | runtime=0.18s | valid=630 | remaining=970 | elapsed=00:01:59 | ETA=calibrating...
2026-09-20T07:05:32.854537+00:00 | [631/1600 | 39.38%] RUN | sample=7470 | QSNN | TEMP-DRIFT-v2-budget-scaled | wallclock_qsnn | eps=5%
2026-09-20T07:05:34.812045+00:00 | [631/1600 | 39.44%] PASS | runtime=1.96s | valid=631 | remaining=969 | elapsed=00:02:01 | ETA=calibrating...
2026-09-20T07:05:34.813045+00:00 | [632/1600 | 39.44%] RUN | sample=7470 | QSNN | PGD | wallclock_qsnn | eps=5%
2026-09-20T07:05:36.977424+00:00 | [632/1600 | 39.50%] PASS | runtime=2.16s | valid=632 | remaining=968 | elapsed=00:02:03 | ETA=calibrating...
2026-09-20T07:05:36.978423+00:00 | PROGRESS | Records 632/1600 (39.50%) | Samples 13/100 (13.00%) | Remaining records 968 | Remaining samples 87 | Elapsed 00:02:03 | ETA: calibrating... | Estimated finish: calibrating...
2026-09-20T07:05:36.981423+00:00 | [633/1600 | 39.50%] RUN | sample=7470 | QSNN | TEMP-DRIFT-v2-budget-scaled | access_candidates_21 | eps=10%
2026-09-20T07:05:37.161757+00:00 | [633/1600 | 39.56%] PASS | runtime=0.18s | valid=633 | remaining=967 | elapsed=00:02:03 | ETA=calibrating...
2026-09-20T07:05:37.163757+00:00 | [634/1600 | 39.56%] RUN | sample=7470 | QSNN | TEMP-DRIFT-v2-budget-scaled | access_forwards_41 | eps=10%
2026-09-20T07:05:37.340473+00:00 | [634/1600 | 39.62%] PASS | runtime=0.17s | valid=634 | remaining=966 | elapsed=00:02:03 | ETA=calibrating...
2026-09-20T07:05:37.341474+00:00 | [635/1600 | 39.62%] RUN | sample=7470 | QSNN | TEMP-DRIFT-v2-budget-scaled | wallclock_qsnn | eps=10%
2026-09-20T07:05:39.239999+00:00 | [635/1600 | 39.69%] PASS | runtime=1.90s | valid=635 | remaining=965 | elapsed=00:02:05 | ETA=calibrating...
2026-09-20T07:05:39.240999+00:00 | [636/1600 | 39.69%] RUN | sample=7470 | QSNN | PGD | wallclock_qsnn | eps=10%
2026-09-20T07:05:41.326417+00:00 | [SAMPLE 14/100 | 14.00%] sample_id=7470 COMPLETE
2026-09-20T07:05:41.326417+00:00 | [636/1600 | 39.75%] PASS | runtime=2.08s | valid=636 | remaining=964 | elapsed=00:02:07 | ETA=calibrating...
2026-09-20T07:05:41.329416+00:00 | [636/1600 | 39.75%] VALID-SKIP | sample=10494 | SNN | TEMP-DRIFT-v2-budget-scaled | access_candidates_21 | eps=5%
2026-09-20T07:05:41.330416+00:00 | [636/1600 | 39.75%] VALID-SKIP | sample=10494 | SNN | TEMP-DRIFT-v2-budget-scaled | access_forwards_41 | eps=5%
2026-09-20T07:05:41.330416+00:00 | [636/1600 | 39.75%] VALID-SKIP | sample=10494 | SNN | PGD | wallclock_snn | eps=5%
2026-09-20T07:05:41.330416+00:00 | [636/1600 | 39.75%] VALID-SKIP | sample=10494 | SNN | TEMP-DRIFT-v2-budget-scaled | wallclock_snn | eps=5%
2026-09-20T07:05:41.332420+00:00 | [636/1600 | 39.75%] VALID-SKIP | sample=10494 | SNN | TEMP-DRIFT-v2-budget-scaled | access_candidates_21 | eps=10%
2026-09-20T07:05:41.333420+00:00 | [636/1600 | 39.75%] VALID-SKIP | sample=10494 | SNN | TEMP-DRIFT-v2-budget-scaled | access_forwards_41 | eps=10%
2026-09-20T07:05:41.333420+00:00 | [636/1600 | 39.75%] VALID-SKIP | sample=10494 | SNN | PGD | wallclock_snn | eps=10%
2026-09-20T07:05:41.333420+00:00 | [636/1600 | 39.75%] VALID-SKIP | sample=10494 | SNN | TEMP-DRIFT-v2-budget-scaled | wallclock_snn | eps=10%
2026-09-20T07:05:41.334420+00:00 | [637/1600 | 39.75%] RUN | sample=10494 | QSNN | TEMP-DRIFT-v2-budget-scaled | access_candidates_21 | eps=5%
2026-09-20T07:05:41.509511+00:00 | [637/1600 | 39.81%] PASS | runtime=0.17s | valid=637 | remaining=963 | elapsed=00:02:08 | ETA=calibrating...
2026-09-20T07:05:41.512511+00:00 | [638/1600 | 39.81%] RUN | sample=10494 | QSNN | TEMP-DRIFT-v2-budget-scaled | access_forwards_41 | eps=5%
2026-09-20T07:05:41.691058+00:00 | [638/1600 | 39.88%] PASS | runtime=0.18s | valid=638 | remaining=962 | elapsed=00:02:08 | ETA=calibrating...
2026-09-20T07:05:41.692057+00:00 | [639/1600 | 39.88%] RUN | sample=10494 | QSNN | PGD | wallclock_qsnn | eps=5%
2026-09-20T07:05:43.879745+00:00 | [639/1600 | 39.94%] PASS | runtime=2.19s | valid=639 | remaining=961 | elapsed=00:02:10 | ETA=calibrating...
2026-09-20T07:05:43.880749+00:00 | [640/1600 | 39.94%] RUN | sample=10494 | QSNN | TEMP-DRIFT-v2-budget-scaled | wallclock_qsnn | eps=5%
2026-09-20T07:05:45.696947+00:00 | [640/1600 | 40.00%] PASS | runtime=1.81s | valid=640 | remaining=960 | elapsed=00:02:12 | ETA=calibrating...
2026-09-20T07:05:45.700947+00:00 | [641/1600 | 40.00%] RUN | sample=10494 | QSNN | TEMP-DRIFT-v2-budget-scaled | access_candidates_21 | eps=10%
2026-09-20T07:05:45.895638+00:00 | [641/1600 | 40.06%] PASS | runtime=0.19s | valid=641 | remaining=959 | elapsed=00:02:12 | ETA=calibrating...
2026-09-20T07:05:45.899640+00:00 | [642/1600 | 40.06%] RUN | sample=10494 | QSNN | TEMP-DRIFT-v2-budget-scaled | access_forwards_41 | eps=10%
2026-09-20T07:05:46.099189+00:00 | [642/1600 | 40.12%] PASS | runtime=0.20s | valid=642 | remaining=958 | elapsed=00:02:12 | ETA=calibrating...
2026-09-20T07:05:46.100189+00:00 | [643/1600 | 40.12%] RUN | sample=10494 | QSNN | PGD | wallclock_qsnn | eps=10%
2026-09-20T07:05:48.188651+00:00 | [643/1600 | 40.19%] PASS | runtime=2.09s | valid=643 | remaining=957 | elapsed=00:02:14 | ETA=calibrating...
2026-09-20T07:05:48.189650+00:00 | [644/1600 | 40.19%] RUN | sample=10494 | QSNN | TEMP-DRIFT-v2-budget-scaled | wallclock_qsnn | eps=10%
2026-09-20T07:05:50.022252+00:00 | [SAMPLE 15/100 | 15.00%] sample_id=10494 COMPLETE
2026-09-20T07:05:50.023253+00:00 | [644/1600 | 40.25%] PASS | runtime=1.83s | valid=644 | remaining=956 | elapsed=00:02:16 | ETA=calibrating...
2026-09-20T07:05:50.026252+00:00 | [644/1600 | 40.25%] VALID-SKIP | sample=6209 | SNN | TEMP-DRIFT-v2-budget-scaled | access_candidates_21 | eps=5%
2026-09-20T07:05:50.028252+00:00 | [644/1600 | 40.25%] VALID-SKIP | sample=6209 | SNN | TEMP-DRIFT-v2-budget-scaled | access_forwards_41 | eps=5%
2026-09-20T07:05:50.028252+00:00 | [644/1600 | 40.25%] VALID-SKIP | sample=6209 | SNN | TEMP-DRIFT-v2-budget-scaled | wallclock_snn | eps=5%
2026-09-20T07:05:50.028252+00:00 | [644/1600 | 40.25%] VALID-SKIP | sample=6209 | SNN | PGD | wallclock_snn | eps=5%
2026-09-20T07:05:50.029252+00:00 | [644/1600 | 40.25%] VALID-SKIP | sample=6209 | SNN | TEMP-DRIFT-v2-budget-scaled | access_candidates_21 | eps=10%
2026-09-20T07:05:50.030754+00:00 | [644/1600 | 40.25%] VALID-SKIP | sample=6209 | SNN | TEMP-DRIFT-v2-budget-scaled | access_forwards_41 | eps=10%
2026-09-20T07:05:50.030754+00:00 | [644/1600 | 40.25%] VALID-SKIP | sample=6209 | SNN | TEMP-DRIFT-v2-budget-scaled | wallclock_snn | eps=10%
2026-09-20T07:05:50.030754+00:00 | [644/1600 | 40.25%] VALID-SKIP | sample=6209 | SNN | PGD | wallclock_snn | eps=10%
2026-09-20T07:05:50.033280+00:00 | [645/1600 | 40.25%] RUN | sample=6209 | QSNN | TEMP-DRIFT-v2-budget-scaled | access_candidates_21 | eps=5%
2026-09-20T07:05:50.231895+00:00 | [645/1600 | 40.31%] PASS | runtime=0.20s | valid=645 | remaining=955 | elapsed=00:02:16 | ETA=calibrating...
2026-09-20T07:05:50.234893+00:00 | [646/1600 | 40.31%] RUN | sample=6209 | QSNN | TEMP-DRIFT-v2-budget-scaled | access_forwards_41 | eps=5%
2026-09-20T07:05:50.415175+00:00 | [646/1600 | 40.38%] PASS | runtime=0.18s | valid=646 | remaining=954 | elapsed=00:02:16 | ETA=calibrating...
2026-09-20T07:05:50.416174+00:00 | [647/1600 | 40.38%] RUN | sample=6209 | QSNN | TEMP-DRIFT-v2-budget-scaled | wallclock_qsnn | eps=5%
2026-09-20T07:05:52.345643+00:00 | [647/1600 | 40.44%] PASS | runtime=1.93s | valid=647 | remaining=953 | elapsed=00:02:18 | ETA=calibrating...
2026-09-20T07:05:52.346643+00:00 | [648/1600 | 40.44%] RUN | sample=6209 | QSNN | PGD | wallclock_qsnn | eps=5%
2026-09-20T07:05:54.440687+00:00 | [648/1600 | 40.50%] PASS | runtime=2.09s | valid=648 | remaining=952 | elapsed=00:02:21 | ETA=calibrating...
2026-09-20T07:05:54.443686+00:00 | [649/1600 | 40.50%] RUN | sample=6209 | QSNN | TEMP-DRIFT-v2-budget-scaled | access_candidates_21 | eps=10%
2026-09-20T07:05:54.641105+00:00 | [649/1600 | 40.56%] PASS | runtime=0.20s | valid=649 | remaining=951 | elapsed=00:02:21 | ETA=calibrating...
2026-09-20T07:05:54.644107+00:00 | [650/1600 | 40.56%] RUN | sample=6209 | QSNN | TEMP-DRIFT-v2-budget-scaled | access_forwards_41 | eps=10%
2026-09-20T07:05:54.837691+00:00 | [650/1600 | 40.62%] PASS | runtime=0.19s | valid=650 | remaining=950 | elapsed=00:02:21 | ETA=calibrating...
2026-09-20T07:05:54.838691+00:00 | [651/1600 | 40.62%] RUN | sample=6209 | QSNN | TEMP-DRIFT-v2-budget-scaled | wallclock_qsnn | eps=10%
2026-09-20T07:05:56.772819+00:00 | [651/1600 | 40.69%] PASS | runtime=1.93s | valid=651 | remaining=949 | elapsed=00:02:23 | ETA=calibrating...
2026-09-20T07:05:56.774819+00:00 | [652/1600 | 40.69%] RUN | sample=6209 | QSNN | PGD | wallclock_qsnn | eps=10%
2026-09-20T07:05:58.875179+00:00 | [SAMPLE 16/100 | 16.00%] sample_id=6209 COMPLETE
2026-09-20T07:05:58.875179+00:00 | [652/1600 | 40.75%] PASS | runtime=2.10s | valid=652 | remaining=948 | elapsed=00:02:25 | ETA=calibrating...
2026-09-20T07:05:58.878179+00:00 | [652/1600 | 40.75%] VALID-SKIP | sample=6250 | SNN | TEMP-DRIFT-v2-budget-scaled | access_candidates_21 | eps=5%
2026-09-20T07:05:58.880179+00:00 | [652/1600 | 40.75%] VALID-SKIP | sample=6250 | SNN | TEMP-DRIFT-v2-budget-scaled | access_forwards_41 | eps=5%
2026-09-20T07:05:58.880179+00:00 | [652/1600 | 40.75%] VALID-SKIP | sample=6250 | SNN | PGD | wallclock_snn | eps=5%
2026-09-20T07:05:58.880179+00:00 | [652/1600 | 40.75%] VALID-SKIP | sample=6250 | SNN | TEMP-DRIFT-v2-budget-scaled | wallclock_snn | eps=5%
2026-09-20T07:05:58.881180+00:00 | [652/1600 | 40.75%] VALID-SKIP | sample=6250 | SNN | TEMP-DRIFT-v2-budget-scaled | access_candidates_21 | eps=10%
2026-09-20T07:05:58.882179+00:00 | [652/1600 | 40.75%] VALID-SKIP | sample=6250 | SNN | TEMP-DRIFT-v2-budget-scaled | access_forwards_41 | eps=10%
2026-09-20T07:05:58.882179+00:00 | [652/1600 | 40.75%] VALID-SKIP | sample=6250 | SNN | PGD | wallclock_snn | eps=10%
2026-09-20T07:05:58.882179+00:00 | [652/1600 | 40.75%] VALID-SKIP | sample=6250 | SNN | TEMP-DRIFT-v2-budget-scaled | wallclock_snn | eps=10%
2026-09-20T07:05:58.884179+00:00 | [653/1600 | 40.75%] RUN | sample=6250 | QSNN | TEMP-DRIFT-v2-budget-scaled | access_candidates_21 | eps=5%
2026-09-20T07:05:59.091400+00:00 | [653/1600 | 40.81%] PASS | runtime=0.21s | valid=653 | remaining=947 | elapsed=00:02:25 | ETA=calibrating...
2026-09-20T07:05:59.093401+00:00 | [654/1600 | 40.81%] RUN | sample=6250 | QSNN | TEMP-DRIFT-v2-budget-scaled | access_forwards_41 | eps=5%
2026-09-20T07:05:59.296989+00:00 | [654/1600 | 40.88%] PASS | runtime=0.20s | valid=654 | remaining=946 | elapsed=00:02:25 | ETA=calibrating...
2026-09-20T07:05:59.298988+00:00 | [655/1600 | 40.88%] RUN | sample=6250 | QSNN | PGD | wallclock_qsnn | eps=5%
2026-09-20T07:06:01.396743+00:00 | [655/1600 | 40.94%] PASS | runtime=2.10s | valid=655 | remaining=945 | elapsed=00:02:27 | ETA=calibrating...
2026-09-20T07:06:01.397744+00:00 | [656/1600 | 40.94%] RUN | sample=6250 | QSNN | TEMP-DRIFT-v2-budget-scaled | wallclock_qsnn | eps=5%
2026-09-20T07:06:03.338267+00:00 | [656/1600 | 41.00%] PASS | runtime=1.94s | valid=656 | remaining=944 | elapsed=00:02:29 | ETA=calibrating...
2026-09-20T07:06:03.342266+00:00 | [657/1600 | 41.00%] RUN | sample=6250 | QSNN | TEMP-DRIFT-v2-budget-scaled | access_candidates_21 | eps=10%
2026-09-20T07:06:03.536930+00:00 | [657/1600 | 41.06%] PASS | runtime=0.19s | valid=657 | remaining=943 | elapsed=00:02:30 | ETA=calibrating...
2026-09-20T07:06:03.538930+00:00 | PROGRESS | Records 657/1600 (41.06%) | Samples 16/100 (16.00%) | Remaining records 943 | Remaining samples 84 | Elapsed 00:02:30 | ETA: calibrating... | Estimated finish: calibrating...
2026-09-20T07:06:03.541930+00:00 | [658/1600 | 41.06%] RUN | sample=6250 | QSNN | TEMP-DRIFT-v2-budget-scaled | access_forwards_41 | eps=10%
2026-09-20T07:06:03.748020+00:00 | [658/1600 | 41.12%] PASS | runtime=0.20s | valid=658 | remaining=942 | elapsed=00:02:30 | ETA=calibrating...
2026-09-20T07:06:03.750018+00:00 | [659/1600 | 41.12%] RUN | sample=6250 | QSNN | PGD | wallclock_qsnn | eps=10%
2026-09-20T07:06:05.795145+00:00 | [659/1600 | 41.19%] PASS | runtime=2.04s | valid=659 | remaining=941 | elapsed=00:02:32 | ETA=calibrating...
2026-09-20T07:06:05.796148+00:00 | [660/1600 | 41.19%] RUN | sample=6250 | QSNN | TEMP-DRIFT-v2-budget-scaled | wallclock_qsnn | eps=10%
2026-09-20T07:06:07.716116+00:00 | [SAMPLE 17/100 | 17.00%] sample_id=6250 COMPLETE
2026-09-20T07:06:07.716116+00:00 | [660/1600 | 41.25%] PASS | runtime=1.92s | valid=660 | remaining=940 | elapsed=00:02:34 | ETA=calibrating...
2026-09-20T07:06:07.719119+00:00 | [660/1600 | 41.25%] VALID-SKIP | sample=8598 | SNN | TEMP-DRIFT-v2-budget-scaled | access_candidates_21 | eps=5%
2026-09-20T07:06:07.721119+00:00 | [660/1600 | 41.25%] VALID-SKIP | sample=8598 | SNN | TEMP-DRIFT-v2-budget-scaled | access_forwards_41 | eps=5%
2026-09-20T07:06:07.721119+00:00 | [660/1600 | 41.25%] VALID-SKIP | sample=8598 | SNN | TEMP-DRIFT-v2-budget-scaled | wallclock_snn | eps=5%
2026-09-20T07:06:07.721119+00:00 | [660/1600 | 41.25%] VALID-SKIP | sample=8598 | SNN | PGD | wallclock_snn | eps=5%
2026-09-20T07:06:07.723119+00:00 | [660/1600 | 41.25%] VALID-SKIP | sample=8598 | SNN | TEMP-DRIFT-v2-budget-scaled | access_candidates_21 | eps=10%
2026-09-20T07:06:07.725119+00:00 | [660/1600 | 41.25%] VALID-SKIP | sample=8598 | SNN | TEMP-DRIFT-v2-budget-scaled | access_forwards_41 | eps=10%
2026-09-20T07:06:07.725119+00:00 | [660/1600 | 41.25%] VALID-SKIP | sample=8598 | SNN | TEMP-DRIFT-v2-budget-scaled | wallclock_snn | eps=10%
2026-09-20T07:06:07.725119+00:00 | [660/1600 | 41.25%] VALID-SKIP | sample=8598 | SNN | PGD | wallclock_snn | eps=10%
2026-09-20T07:06:07.726119+00:00 | [661/1600 | 41.25%] RUN | sample=8598 | QSNN | TEMP-DRIFT-v2-budget-scaled | access_candidates_21 | eps=5%
2026-09-20T07:06:07.916806+00:00 | [661/1600 | 41.31%] PASS | runtime=0.19s | valid=661 | remaining=939 | elapsed=00:02:34 | ETA=calibrating...
2026-09-20T07:06:07.919806+00:00 | [662/1600 | 41.31%] RUN | sample=8598 | QSNN | TEMP-DRIFT-v2-budget-scaled | access_forwards_41 | eps=5%
2026-09-20T07:06:08.100008+00:00 | [662/1600 | 41.38%] PASS | runtime=0.18s | valid=662 | remaining=938 | elapsed=00:02:34 | ETA=calibrating...
2026-09-20T07:06:08.101008+00:00 | [663/1600 | 41.38%] RUN | sample=8598 | QSNN | TEMP-DRIFT-v2-budget-scaled | wallclock_qsnn | eps=5%
2026-09-20T07:06:10.034781+00:00 | [663/1600 | 41.44%] PASS | runtime=1.93s | valid=663 | remaining=937 | elapsed=00:02:36 | ETA=calibrating...
2026-09-20T07:06:10.035780+00:00 | [664/1600 | 41.44%] RUN | sample=8598 | QSNN | PGD | wallclock_qsnn | eps=5%
2026-09-20T07:06:12.099087+00:00 | [664/1600 | 41.50%] PASS | runtime=2.06s | valid=664 | remaining=936 | elapsed=00:02:38 | ETA=calibrating...
2026-09-20T07:06:12.101558+00:00 | [665/1600 | 41.50%] RUN | sample=8598 | QSNN | TEMP-DRIFT-v2-budget-scaled | access_candidates_21 | eps=10%
2026-09-20T07:06:12.287628+00:00 | [665/1600 | 41.56%] PASS | runtime=0.18s | valid=665 | remaining=935 | elapsed=00:02:38 | ETA=calibrating...
2026-09-20T07:06:12.290628+00:00 | [666/1600 | 41.56%] RUN | sample=8598 | QSNN | TEMP-DRIFT-v2-budget-scaled | access_forwards_41 | eps=10%
2026-09-20T07:06:12.470058+00:00 | [666/1600 | 41.62%] PASS | runtime=0.18s | valid=666 | remaining=934 | elapsed=00:02:39 | ETA=calibrating...
2026-09-20T07:06:12.472057+00:00 | [667/1600 | 41.62%] RUN | sample=8598 | QSNN | TEMP-DRIFT-v2-budget-scaled | wallclock_qsnn | eps=10%
2026-09-20T07:06:14.393255+00:00 | [667/1600 | 41.69%] PASS | runtime=1.92s | valid=667 | remaining=933 | elapsed=00:02:40 | ETA=calibrating...
2026-09-20T07:06:14.394256+00:00 | [668/1600 | 41.69%] RUN | sample=8598 | QSNN | PGD | wallclock_qsnn | eps=10%
2026-09-20T07:06:16.455148+00:00 | [SAMPLE 18/100 | 18.00%] sample_id=8598 COMPLETE
2026-09-20T07:06:16.456147+00:00 | [668/1600 | 41.75%] PASS | runtime=2.06s | valid=668 | remaining=932 | elapsed=00:02:43 | ETA=calibrating...
2026-09-20T07:06:16.459147+00:00 | [668/1600 | 41.75%] VALID-SKIP | sample=10254 | SNN | TEMP-DRIFT-v2-budget-scaled | access_candidates_21 | eps=5%
2026-09-20T07:06:16.460147+00:00 | [668/1600 | 41.75%] VALID-SKIP | sample=10254 | SNN | TEMP-DRIFT-v2-budget-scaled | access_forwards_41 | eps=5%
2026-09-20T07:06:16.460147+00:00 | [668/1600 | 41.75%] VALID-SKIP | sample=10254 | SNN | PGD | wallclock_snn | eps=5%
2026-09-20T07:06:16.460147+00:00 | [668/1600 | 41.75%] VALID-SKIP | sample=10254 | SNN | TEMP-DRIFT-v2-budget-scaled | wallclock_snn | eps=5%
2026-09-20T07:06:16.461147+00:00 | [668/1600 | 41.75%] VALID-SKIP | sample=10254 | SNN | TEMP-DRIFT-v2-budget-scaled | access_candidates_21 | eps=10%
2026-09-20T07:06:16.463147+00:00 | [668/1600 | 41.75%] VALID-SKIP | sample=10254 | SNN | TEMP-DRIFT-v2-budget-scaled | access_forwards_41 | eps=10%
2026-09-20T07:06:16.463147+00:00 | [668/1600 | 41.75%] VALID-SKIP | sample=10254 | SNN | PGD | wallclock_snn | eps=10%
2026-09-20T07:06:16.463147+00:00 | [668/1600 | 41.75%] VALID-SKIP | sample=10254 | SNN | TEMP-DRIFT-v2-budget-scaled | wallclock_snn | eps=10%
2026-09-20T07:06:16.464147+00:00 | [669/1600 | 41.75%] RUN | sample=10254 | QSNN | TEMP-DRIFT-v2-budget-scaled | access_candidates_21 | eps=5%
2026-09-20T07:06:16.668285+00:00 | [669/1600 | 41.81%] PASS | runtime=0.20s | valid=669 | remaining=931 | elapsed=00:02:43 | ETA=calibrating...
2026-09-20T07:06:16.672286+00:00 | [670/1600 | 41.81%] RUN | sample=10254 | QSNN | TEMP-DRIFT-v2-budget-scaled | access_forwards_41 | eps=5%
2026-09-20T07:06:16.875657+00:00 | [670/1600 | 41.88%] PASS | runtime=0.20s | valid=670 | remaining=930 | elapsed=00:02:43 | ETA=calibrating...
2026-09-20T07:06:16.876657+00:00 | [671/1600 | 41.88%] RUN | sample=10254 | QSNN | PGD | wallclock_qsnn | eps=5%
2026-09-20T07:06:18.940288+00:00 | [671/1600 | 41.94%] PASS | runtime=2.06s | valid=671 | remaining=929 | elapsed=00:02:45 | ETA=calibrating...
2026-09-20T07:06:18.942287+00:00 | [672/1600 | 41.94%] RUN | sample=10254 | QSNN | TEMP-DRIFT-v2-budget-scaled | wallclock_qsnn | eps=5%
2026-09-20T07:06:20.928690+00:00 | [672/1600 | 42.00%] PASS | runtime=1.99s | valid=672 | remaining=928 | elapsed=00:02:47 | ETA=calibrating...
2026-09-20T07:06:20.932210+00:00 | [673/1600 | 42.00%] RUN | sample=10254 | QSNN | TEMP-DRIFT-v2-budget-scaled | access_candidates_21 | eps=10%
2026-09-20T07:06:21.143776+00:00 | [673/1600 | 42.06%] PASS | runtime=0.21s | valid=673 | remaining=927 | elapsed=00:02:47 | ETA=calibrating...
2026-09-20T07:06:21.146780+00:00 | [674/1600 | 42.06%] RUN | sample=10254 | QSNN | TEMP-DRIFT-v2-budget-scaled | access_forwards_41 | eps=10%
2026-09-20T07:06:21.377200+00:00 | [674/1600 | 42.12%] PASS | runtime=0.23s | valid=674 | remaining=926 | elapsed=00:02:47 | ETA=calibrating...
2026-09-20T07:06:21.379200+00:00 | [675/1600 | 42.12%] RUN | sample=10254 | QSNN | PGD | wallclock_qsnn | eps=10%
2026-09-20T07:06:23.557754+00:00 | [675/1600 | 42.19%] PASS | runtime=2.18s | valid=675 | remaining=925 | elapsed=00:02:50 | ETA=calibrating...
2026-09-20T07:06:23.558753+00:00 | [676/1600 | 42.19%] RUN | sample=10254 | QSNN | TEMP-DRIFT-v2-budget-scaled | wallclock_qsnn | eps=10%
2026-09-20T07:06:25.576066+00:00 | [SAMPLE 19/100 | 19.00%] sample_id=10254 COMPLETE
2026-09-20T07:06:25.577066+00:00 | [676/1600 | 42.25%] PASS | runtime=2.02s | valid=676 | remaining=924 | elapsed=00:02:52 | ETA=calibrating...
2026-09-20T07:06:25.580067+00:00 | [676/1600 | 42.25%] VALID-SKIP | sample=10024 | SNN | TEMP-DRIFT-v2-budget-scaled | access_candidates_21 | eps=5%
2026-09-20T07:06:25.582066+00:00 | [676/1600 | 42.25%] VALID-SKIP | sample=10024 | SNN | TEMP-DRIFT-v2-budget-scaled | access_forwards_41 | eps=5%
2026-09-20T07:06:25.582066+00:00 | [676/1600 | 42.25%] VALID-SKIP | sample=10024 | SNN | TEMP-DRIFT-v2-budget-scaled | wallclock_snn | eps=5%
2026-09-20T07:06:25.582066+00:00 | [676/1600 | 42.25%] VALID-SKIP | sample=10024 | SNN | PGD | wallclock_snn | eps=5%
2026-09-20T07:06:25.583067+00:00 | [676/1600 | 42.25%] VALID-SKIP | sample=10024 | SNN | TEMP-DRIFT-v2-budget-scaled | access_candidates_21 | eps=10%
2026-09-20T07:06:25.585066+00:00 | [676/1600 | 42.25%] VALID-SKIP | sample=10024 | SNN | TEMP-DRIFT-v2-budget-scaled | access_forwards_41 | eps=10%
2026-09-20T07:06:25.585066+00:00 | [676/1600 | 42.25%] VALID-SKIP | sample=10024 | SNN | TEMP-DRIFT-v2-budget-scaled | wallclock_snn | eps=10%
2026-09-20T07:06:25.585066+00:00 | [676/1600 | 42.25%] VALID-SKIP | sample=10024 | SNN | PGD | wallclock_snn | eps=10%
2026-09-20T07:06:25.587066+00:00 | [677/1600 | 42.25%] RUN | sample=10024 | QSNN | TEMP-DRIFT-v2-budget-scaled | access_candidates_21 | eps=5%
2026-09-20T07:06:25.800806+00:00 | [677/1600 | 42.31%] PASS | runtime=0.21s | valid=677 | remaining=923 | elapsed=00:02:52 | ETA=calibrating...
2026-09-20T07:06:25.803808+00:00 | [678/1600 | 42.31%] RUN | sample=10024 | QSNN | TEMP-DRIFT-v2-budget-scaled | access_forwards_41 | eps=5%
2026-09-20T07:06:25.993337+00:00 | [678/1600 | 42.38%] PASS | runtime=0.19s | valid=678 | remaining=922 | elapsed=00:02:52 | ETA=calibrating...
2026-09-20T07:06:25.994338+00:00 | [679/1600 | 42.38%] RUN | sample=10024 | QSNN | TEMP-DRIFT-v2-budget-scaled | wallclock_qsnn | eps=5%
2026-09-20T07:06:28.050502+00:00 | [679/1600 | 42.44%] PASS | runtime=2.05s | valid=679 | remaining=921 | elapsed=00:02:54 | ETA=calibrating...
2026-09-20T07:06:28.052502+00:00 | [680/1600 | 42.44%] RUN | sample=10024 | QSNN | PGD | wallclock_qsnn | eps=5%
2026-09-20T07:06:30.369105+00:00 | [680/1600 | 42.50%] PASS | runtime=2.31s | valid=680 | remaining=920 | elapsed=00:02:56 | ETA=calibrating...
2026-09-20T07:06:30.371106+00:00 | [681/1600 | 42.50%] RUN | sample=10024 | QSNN | TEMP-DRIFT-v2-budget-scaled | access_candidates_21 | eps=10%
2026-09-20T07:06:30.555430+00:00 | [681/1600 | 42.56%] PASS | runtime=0.18s | valid=681 | remaining=919 | elapsed=00:02:57 | ETA=calibrating...
2026-09-20T07:06:30.558426+00:00 | [682/1600 | 42.56%] RUN | sample=10024 | QSNN | TEMP-DRIFT-v2-budget-scaled | access_forwards_41 | eps=10%
2026-09-20T07:06:30.749795+00:00 | [682/1600 | 42.62%] PASS | runtime=0.19s | valid=682 | remaining=918 | elapsed=00:02:57 | ETA=calibrating...
2026-09-20T07:06:30.751796+00:00 | PROGRESS | Records 682/1600 (42.62%) | Samples 19/100 (19.00%) | Remaining records 918 | Remaining samples 81 | Elapsed 00:02:57 | ETA: calibrating... | Estimated finish: calibrating...
2026-09-20T07:06:30.752797+00:00 | [683/1600 | 42.62%] RUN | sample=10024 | QSNN | TEMP-DRIFT-v2-budget-scaled | wallclock_qsnn | eps=10%
2026-09-20T07:06:32.679805+00:00 | [683/1600 | 42.69%] PASS | runtime=1.92s | valid=683 | remaining=917 | elapsed=00:02:59 | ETA=calibrating...
2026-09-20T07:06:32.680806+00:00 | [684/1600 | 42.69%] RUN | sample=10024 | QSNN | PGD | wallclock_qsnn | eps=10%
2026-09-20T07:06:34.842705+00:00 | [SAMPLE 20/100 | 20.00%] sample_id=10024 COMPLETE
2026-09-20T07:06:34.842705+00:00 | [684/1600 | 42.75%] PASS | runtime=2.16s | valid=684 | remaining=916 | elapsed=00:03:01 | ETA=calibrating...
2026-09-20T07:06:34.847329+00:00 | [684/1600 | 42.75%] VALID-SKIP | sample=16394 | SNN | TEMP-DRIFT-v2-budget-scaled | access_candidates_21 | eps=5%
2026-09-20T07:06:34.848335+00:00 | [684/1600 | 42.75%] VALID-SKIP | sample=16394 | SNN | TEMP-DRIFT-v2-budget-scaled | access_forwards_41 | eps=5%
2026-09-20T07:06:34.848335+00:00 | [684/1600 | 42.75%] VALID-SKIP | sample=16394 | SNN | PGD | wallclock_snn | eps=5%
2026-09-20T07:06:34.848335+00:00 | [684/1600 | 42.75%] VALID-SKIP | sample=16394 | SNN | TEMP-DRIFT-v2-budget-scaled | wallclock_snn | eps=5%
2026-09-20T07:06:34.850335+00:00 | [684/1600 | 42.75%] VALID-SKIP | sample=16394 | SNN | TEMP-DRIFT-v2-budget-scaled | access_candidates_21 | eps=10%
2026-09-20T07:06:34.852335+00:00 | [684/1600 | 42.75%] VALID-SKIP | sample=16394 | SNN | TEMP-DRIFT-v2-budget-scaled | access_forwards_41 | eps=10%
2026-09-20T07:06:34.852335+00:00 | [684/1600 | 42.75%] VALID-SKIP | sample=16394 | SNN | PGD | wallclock_snn | eps=10%
2026-09-20T07:06:34.852335+00:00 | [684/1600 | 42.75%] VALID-SKIP | sample=16394 | SNN | TEMP-DRIFT-v2-budget-scaled | wallclock_snn | eps=10%
2026-09-20T07:06:34.854335+00:00 | [685/1600 | 42.75%] RUN | sample=16394 | QSNN | TEMP-DRIFT-v2-budget-scaled | access_candidates_21 | eps=5%
2026-09-20T07:06:35.071049+00:00 | [685/1600 | 42.81%] PASS | runtime=0.21s | valid=685 | remaining=915 | elapsed=00:03:01 | ETA=calibrating...
2026-09-20T07:06:35.074049+00:00 | [686/1600 | 42.81%] RUN | sample=16394 | QSNN | TEMP-DRIFT-v2-budget-scaled | access_forwards_41 | eps=5%
2026-09-20T07:06:35.287601+00:00 | [686/1600 | 42.88%] PASS | runtime=0.21s | valid=686 | remaining=914 | elapsed=00:03:01 | ETA=calibrating...
2026-09-20T07:06:35.288601+00:00 | [687/1600 | 42.88%] RUN | sample=16394 | QSNN | PGD | wallclock_qsnn | eps=5%
2026-09-20T07:06:37.429335+00:00 | [687/1600 | 42.94%] PASS | runtime=2.14s | valid=687 | remaining=913 | elapsed=00:03:04 | ETA=calibrating...
2026-09-20T07:06:37.430334+00:00 | [688/1600 | 42.94%] RUN | sample=16394 | QSNN | TEMP-DRIFT-v2-budget-scaled | wallclock_qsnn | eps=5%
2026-09-20T07:06:39.641210+00:00 | [688/1600 | 43.00%] PASS | runtime=2.21s | valid=688 | remaining=912 | elapsed=00:03:06 | ETA=calibrating...
2026-09-20T07:06:39.644210+00:00 | [689/1600 | 43.00%] RUN | sample=16394 | QSNN | TEMP-DRIFT-v2-budget-scaled | access_candidates_21 | eps=10%
2026-09-20T07:06:39.858269+00:00 | [689/1600 | 43.06%] PASS | runtime=0.21s | valid=689 | remaining=911 | elapsed=00:03:06 | ETA=calibrating...
2026-09-20T07:06:39.861269+00:00 | [690/1600 | 43.06%] RUN | sample=16394 | QSNN | TEMP-DRIFT-v2-budget-scaled | access_forwards_41 | eps=10%
2026-09-20T07:06:40.079758+00:00 | [690/1600 | 43.12%] PASS | runtime=0.22s | valid=690 | remaining=910 | elapsed=00:03:06 | ETA=calibrating...
2026-09-20T07:06:40.080758+00:00 | [691/1600 | 43.12%] RUN | sample=16394 | QSNN | PGD | wallclock_qsnn | eps=10%
2026-09-20T07:06:42.286528+00:00 | [691/1600 | 43.19%] PASS | runtime=2.20s | valid=691 | remaining=909 | elapsed=00:03:08 | ETA=calibrating...
2026-09-20T07:06:42.287528+00:00 | [692/1600 | 43.19%] RUN | sample=16394 | QSNN | TEMP-DRIFT-v2-budget-scaled | wallclock_qsnn | eps=10%
2026-09-20T07:06:44.499717+00:00 | [SAMPLE 21/100 | 21.00%] sample_id=16394 COMPLETE
2026-09-20T07:06:44.499717+00:00 | [692/1600 | 43.25%] PASS | runtime=2.21s | valid=692 | remaining=908 | elapsed=00:03:11 | ETA=calibrating...
2026-09-20T07:06:44.503717+00:00 | [692/1600 | 43.25%] VALID-SKIP | sample=13480 | SNN | TEMP-DRIFT-v2-budget-scaled | access_candidates_21 | eps=5%
2026-09-20T07:06:44.505717+00:00 | [692/1600 | 43.25%] VALID-SKIP | sample=13480 | SNN | TEMP-DRIFT-v2-budget-scaled | access_forwards_41 | eps=5%
2026-09-20T07:06:44.505717+00:00 | [692/1600 | 43.25%] VALID-SKIP | sample=13480 | SNN | TEMP-DRIFT-v2-budget-scaled | wallclock_snn | eps=5%
2026-09-20T07:06:44.505717+00:00 | [692/1600 | 43.25%] VALID-SKIP | sample=13480 | SNN | PGD | wallclock_snn | eps=5%
2026-09-20T07:06:44.507717+00:00 | [692/1600 | 43.25%] VALID-SKIP | sample=13480 | SNN | TEMP-DRIFT-v2-budget-scaled | access_candidates_21 | eps=10%
2026-09-20T07:06:44.508717+00:00 | [692/1600 | 43.25%] VALID-SKIP | sample=13480 | SNN | TEMP-DRIFT-v2-budget-scaled | access_forwards_41 | eps=10%
2026-09-20T07:06:44.508717+00:00 | [692/1600 | 43.25%] VALID-SKIP | sample=13480 | SNN | TEMP-DRIFT-v2-budget-scaled | wallclock_snn | eps=10%
2026-09-20T07:06:44.508717+00:00 | [692/1600 | 43.25%] VALID-SKIP | sample=13480 | SNN | PGD | wallclock_snn | eps=10%
2026-09-20T07:06:44.510717+00:00 | [693/1600 | 43.25%] RUN | sample=13480 | QSNN | TEMP-DRIFT-v2-budget-scaled | access_candidates_21 | eps=5%
2026-09-20T07:06:44.715816+00:00 | [693/1600 | 43.31%] PASS | runtime=0.20s | valid=693 | remaining=907 | elapsed=00:03:11 | ETA=calibrating...
2026-09-20T07:06:44.718811+00:00 | [694/1600 | 43.31%] RUN | sample=13480 | QSNN | TEMP-DRIFT-v2-budget-scaled | access_forwards_41 | eps=5%
2026-09-20T07:06:44.928473+00:00 | [694/1600 | 43.38%] PASS | runtime=0.21s | valid=694 | remaining=906 | elapsed=00:03:11 | ETA=calibrating...
2026-09-20T07:06:44.930473+00:00 | [695/1600 | 43.38%] RUN | sample=13480 | QSNN | TEMP-DRIFT-v2-budget-scaled | wallclock_qsnn | eps=5%
2026-09-20T07:06:46.975616+00:00 | [695/1600 | 43.44%] PASS | runtime=2.04s | valid=695 | remaining=905 | elapsed=00:03:13 | ETA=calibrating...
2026-09-20T07:06:46.977143+00:00 | [696/1600 | 43.44%] RUN | sample=13480 | QSNN | PGD | wallclock_qsnn | eps=5%
2026-09-20T07:06:49.262851+00:00 | [696/1600 | 43.50%] PASS | runtime=2.28s | valid=696 | remaining=904 | elapsed=00:03:15 | ETA=calibrating...
2026-09-20T07:06:49.264850+00:00 | [697/1600 | 43.50%] RUN | sample=13480 | QSNN | TEMP-DRIFT-v2-budget-scaled | access_candidates_21 | eps=10%
2026-09-20T07:06:49.477467+00:00 | [697/1600 | 43.56%] PASS | runtime=0.21s | valid=697 | remaining=903 | elapsed=00:03:16 | ETA=calibrating...
2026-09-20T07:06:49.481513+00:00 | [698/1600 | 43.56%] RUN | sample=13480 | QSNN | TEMP-DRIFT-v2-budget-scaled | access_forwards_41 | eps=10%
2026-09-20T07:06:49.693114+00:00 | [698/1600 | 43.62%] PASS | runtime=0.21s | valid=698 | remaining=902 | elapsed=00:03:16 | ETA=calibrating...
2026-09-20T07:06:49.695114+00:00 | [699/1600 | 43.62%] RUN | sample=13480 | QSNN | TEMP-DRIFT-v2-budget-scaled | wallclock_qsnn | eps=10%
2026-09-20T07:06:51.738867+00:00 | [699/1600 | 43.69%] PASS | runtime=2.04s | valid=699 | remaining=901 | elapsed=00:03:18 | ETA=calibrating...
2026-09-20T07:06:51.740869+00:00 | [700/1600 | 43.69%] RUN | sample=13480 | QSNN | PGD | wallclock_qsnn | eps=10%
2026-09-20T07:06:53.997640+00:00 | [SAMPLE 22/100 | 22.00%] sample_id=13480 COMPLETE
2026-09-20T07:06:53.997640+00:00 | [700/1600 | 43.75%] PASS | runtime=2.25s | valid=700 | remaining=900 | elapsed=00:03:20 | ETA=calibrating...
2026-09-20T07:06:54.000638+00:00 | [700/1600 | 43.75%] VALID-SKIP | sample=14353 | SNN | TEMP-DRIFT-v2-budget-scaled | access_candidates_21 | eps=5%
2026-09-20T07:06:54.002637+00:00 | [700/1600 | 43.75%] VALID-SKIP | sample=14353 | SNN | TEMP-DRIFT-v2-budget-scaled | access_forwards_41 | eps=5%
2026-09-20T07:06:54.002637+00:00 | [700/1600 | 43.75%] VALID-SKIP | sample=14353 | SNN | PGD | wallclock_snn | eps=5%
2026-09-20T07:06:54.002637+00:00 | [700/1600 | 43.75%] VALID-SKIP | sample=14353 | SNN | TEMP-DRIFT-v2-budget-scaled | wallclock_snn | eps=5%
2026-09-20T07:06:54.003641+00:00 | [700/1600 | 43.75%] VALID-SKIP | sample=14353 | SNN | TEMP-DRIFT-v2-budget-scaled | access_candidates_21 | eps=10%
2026-09-20T07:06:54.004638+00:00 | [700/1600 | 43.75%] VALID-SKIP | sample=14353 | SNN | TEMP-DRIFT-v2-budget-scaled | access_forwards_41 | eps=10%
2026-09-20T07:06:54.004638+00:00 | [700/1600 | 43.75%] VALID-SKIP | sample=14353 | SNN | PGD | wallclock_snn | eps=10%
2026-09-20T07:06:54.004638+00:00 | [700/1600 | 43.75%] VALID-SKIP | sample=14353 | SNN | TEMP-DRIFT-v2-budget-scaled | wallclock_snn | eps=10%
2026-09-20T07:06:54.006637+00:00 | [701/1600 | 43.75%] RUN | sample=14353 | QSNN | TEMP-DRIFT-v2-budget-scaled | access_candidates_21 | eps=5%
2026-09-20T07:06:54.199748+00:00 | [701/1600 | 43.81%] PASS | runtime=0.19s | valid=701 | remaining=899 | elapsed=00:03:20 | ETA=calibrating...
2026-09-20T07:06:54.202747+00:00 | [702/1600 | 43.81%] RUN | sample=14353 | QSNN | TEMP-DRIFT-v2-budget-scaled | access_forwards_41 | eps=5%
2026-09-20T07:06:54.393285+00:00 | [702/1600 | 43.88%] PASS | runtime=0.19s | valid=702 | remaining=898 | elapsed=00:03:20 | ETA=calibrating...
2026-09-20T07:06:54.394285+00:00 | [703/1600 | 43.88%] RUN | sample=14353 | QSNN | PGD | wallclock_qsnn | eps=5%
2026-09-20T07:06:56.571222+00:00 | [703/1600 | 43.94%] PASS | runtime=2.18s | valid=703 | remaining=897 | elapsed=00:03:23 | ETA=calibrating...
2026-09-20T07:06:56.572222+00:00 | [704/1600 | 43.94%] RUN | sample=14353 | QSNN | TEMP-DRIFT-v2-budget-scaled | wallclock_qsnn | eps=5%
2026-09-20T07:06:58.507408+00:00 | [704/1600 | 44.00%] PASS | runtime=1.93s | valid=704 | remaining=896 | elapsed=00:03:25 | ETA=calibrating...
2026-09-20T07:06:58.511408+00:00 | [705/1600 | 44.00%] RUN | sample=14353 | QSNN | TEMP-DRIFT-v2-budget-scaled | access_candidates_21 | eps=10%
2026-09-20T07:06:58.716991+00:00 | [705/1600 | 44.06%] PASS | runtime=0.20s | valid=705 | remaining=895 | elapsed=00:03:25 | ETA=calibrating...
2026-09-20T07:06:58.719993+00:00 | [706/1600 | 44.06%] RUN | sample=14353 | QSNN | TEMP-DRIFT-v2-budget-scaled | access_forwards_41 | eps=10%
2026-09-20T07:06:58.906560+00:00 | [706/1600 | 44.12%] PASS | runtime=0.18s | valid=706 | remaining=894 | elapsed=00:03:25 | ETA=calibrating...
2026-09-20T07:06:58.907561+00:00 | [707/1600 | 44.12%] RUN | sample=14353 | QSNN | PGD | wallclock_qsnn | eps=10%
2026-09-20T07:07:01.014289+00:00 | [707/1600 | 44.19%] PASS | runtime=2.11s | valid=707 | remaining=893 | elapsed=00:03:27 | ETA=calibrating...
2026-09-20T07:07:01.015792+00:00 | PROGRESS | Records 707/1600 (44.19%) | Samples 22/100 (22.00%) | Remaining records 893 | Remaining samples 78 | Elapsed 00:03:27 | ETA: calibrating... | Estimated finish: calibrating...
2026-09-20T07:07:01.017321+00:00 | [708/1600 | 44.19%] RUN | sample=14353 | QSNN | TEMP-DRIFT-v2-budget-scaled | wallclock_qsnn | eps=10%
2026-09-20T07:07:03.008587+00:00 | [SAMPLE 23/100 | 23.00%] sample_id=14353 COMPLETE
2026-09-20T07:07:03.008587+00:00 | [708/1600 | 44.25%] PASS | runtime=1.99s | valid=708 | remaining=892 | elapsed=00:03:29 | ETA=calibrating...
2026-09-20T07:07:03.012591+00:00 | [708/1600 | 44.25%] VALID-SKIP | sample=16447 | SNN | TEMP-DRIFT-v2-budget-scaled | access_candidates_21 | eps=5%
2026-09-20T07:07:03.014590+00:00 | [708/1600 | 44.25%] VALID-SKIP | sample=16447 | SNN | TEMP-DRIFT-v2-budget-scaled | access_forwards_41 | eps=5%
2026-09-20T07:07:03.014590+00:00 | [708/1600 | 44.25%] VALID-SKIP | sample=16447 | SNN | TEMP-DRIFT-v2-budget-scaled | wallclock_snn | eps=5%
2026-09-20T07:07:03.014590+00:00 | [708/1600 | 44.25%] VALID-SKIP | sample=16447 | SNN | PGD | wallclock_snn | eps=5%
2026-09-20T07:07:03.016591+00:00 | [708/1600 | 44.25%] VALID-SKIP | sample=16447 | SNN | TEMP-DRIFT-v2-budget-scaled | access_candidates_21 | eps=10%
2026-09-20T07:07:03.018094+00:00 | [708/1600 | 44.25%] VALID-SKIP | sample=16447 | SNN | TEMP-DRIFT-v2-budget-scaled | access_forwards_41 | eps=10%
2026-09-20T07:07:03.018094+00:00 | [708/1600 | 44.25%] VALID-SKIP | sample=16447 | SNN | TEMP-DRIFT-v2-budget-scaled | wallclock_snn | eps=10%
2026-09-20T07:07:03.018094+00:00 | [708/1600 | 44.25%] VALID-SKIP | sample=16447 | SNN | PGD | wallclock_snn | eps=10%
2026-09-20T07:07:03.019611+00:00 | [709/1600 | 44.25%] RUN | sample=16447 | QSNN | TEMP-DRIFT-v2-budget-scaled | access_candidates_21 | eps=5%
2026-09-20T07:07:03.239434+00:00 | [709/1600 | 44.31%] PASS | runtime=0.22s | valid=709 | remaining=891 | elapsed=00:03:29 | ETA=calibrating...
2026-09-20T07:07:03.242431+00:00 | [710/1600 | 44.31%] RUN | sample=16447 | QSNN | TEMP-DRIFT-v2-budget-scaled | access_forwards_41 | eps=5%
2026-09-20T07:07:03.457489+00:00 | [710/1600 | 44.38%] PASS | runtime=0.21s | valid=710 | remaining=890 | elapsed=00:03:30 | ETA=calibrating...
2026-09-20T07:07:03.459488+00:00 | [711/1600 | 44.38%] RUN | sample=16447 | QSNN | TEMP-DRIFT-v2-budget-scaled | wallclock_qsnn | eps=5%
2026-09-20T07:07:05.713097+00:00 | [711/1600 | 44.44%] PASS | runtime=2.25s | valid=711 | remaining=889 | elapsed=00:03:32 | ETA=calibrating...
2026-09-20T07:07:05.715098+00:00 | [712/1600 | 44.44%] RUN | sample=16447 | QSNN | PGD | wallclock_qsnn | eps=5%
2026-09-20T07:07:07.844611+00:00 | [712/1600 | 44.50%] PASS | runtime=2.13s | valid=712 | remaining=888 | elapsed=00:03:34 | ETA=calibrating...
2026-09-20T07:07:07.848612+00:00 | [713/1600 | 44.50%] RUN | sample=16447 | QSNN | TEMP-DRIFT-v2-budget-scaled | access_candidates_21 | eps=10%
2026-09-20T07:07:08.054894+00:00 | [713/1600 | 44.56%] PASS | runtime=0.20s | valid=713 | remaining=887 | elapsed=00:03:34 | ETA=calibrating...
2026-09-20T07:07:08.057893+00:00 | [714/1600 | 44.56%] RUN | sample=16447 | QSNN | TEMP-DRIFT-v2-budget-scaled | access_forwards_41 | eps=10%
2026-09-20T07:07:08.269358+00:00 | [714/1600 | 44.62%] PASS | runtime=0.21s | valid=714 | remaining=886 | elapsed=00:03:34 | ETA=calibrating...
2026-09-20T07:07:08.271362+00:00 | [715/1600 | 44.62%] RUN | sample=16447 | QSNN | TEMP-DRIFT-v2-budget-scaled | wallclock_qsnn | eps=10%
2026-09-20T07:07:10.478958+00:00 | [715/1600 | 44.69%] PASS | runtime=2.21s | valid=715 | remaining=885 | elapsed=00:03:37 | ETA=calibrating...
2026-09-20T07:07:10.480958+00:00 | [716/1600 | 44.69%] RUN | sample=16447 | QSNN | PGD | wallclock_qsnn | eps=10%
2026-09-20T07:07:12.524091+00:00 | [SAMPLE 24/100 | 24.00%] sample_id=16447 COMPLETE
2026-09-20T07:07:12.525095+00:00 | [716/1600 | 44.75%] PASS | runtime=2.04s | valid=716 | remaining=884 | elapsed=00:03:39 | ETA=calibrating...
2026-09-20T07:07:12.528095+00:00 | [716/1600 | 44.75%] VALID-SKIP | sample=13533 | SNN | TEMP-DRIFT-v2-budget-scaled | access_candidates_21 | eps=5%
2026-09-20T07:07:12.529095+00:00 | [716/1600 | 44.75%] VALID-SKIP | sample=13533 | SNN | TEMP-DRIFT-v2-budget-scaled | access_forwards_41 | eps=5%
2026-09-20T07:07:12.529095+00:00 | [716/1600 | 44.75%] VALID-SKIP | sample=13533 | SNN | PGD | wallclock_snn | eps=5%
2026-09-20T07:07:12.529095+00:00 | [716/1600 | 44.75%] VALID-SKIP | sample=13533 | SNN | TEMP-DRIFT-v2-budget-scaled | wallclock_snn | eps=5%
2026-09-20T07:07:12.531095+00:00 | [716/1600 | 44.75%] VALID-SKIP | sample=13533 | SNN | TEMP-DRIFT-v2-budget-scaled | access_candidates_21 | eps=10%
2026-09-20T07:07:12.532095+00:00 | [716/1600 | 44.75%] VALID-SKIP | sample=13533 | SNN | TEMP-DRIFT-v2-budget-scaled | access_forwards_41 | eps=10%
2026-09-20T07:07:12.532095+00:00 | [716/1600 | 44.75%] VALID-SKIP | sample=13533 | SNN | PGD | wallclock_snn | eps=10%
2026-09-20T07:07:12.532095+00:00 | [716/1600 | 44.75%] VALID-SKIP | sample=13533 | SNN | TEMP-DRIFT-v2-budget-scaled | wallclock_snn | eps=10%
2026-09-20T07:07:12.533096+00:00 | [717/1600 | 44.75%] RUN | sample=13533 | QSNN | TEMP-DRIFT-v2-budget-scaled | access_candidates_21 | eps=5%
2026-09-20T07:07:12.741242+00:00 | [717/1600 | 44.81%] PASS | runtime=0.21s | valid=717 | remaining=883 | elapsed=00:03:39 | ETA=calibrating...
2026-09-20T07:07:12.744240+00:00 | [718/1600 | 44.81%] RUN | sample=13533 | QSNN | TEMP-DRIFT-v2-budget-scaled | access_forwards_41 | eps=5%
2026-09-20T07:07:12.947786+00:00 | [718/1600 | 44.88%] PASS | runtime=0.20s | valid=718 | remaining=882 | elapsed=00:03:39 | ETA=calibrating...
2026-09-20T07:07:12.949784+00:00 | [719/1600 | 44.88%] RUN | sample=13533 | QSNN | PGD | wallclock_qsnn | eps=5%
2026-09-20T07:07:14.964762+00:00 | [719/1600 | 44.94%] PASS | runtime=2.01s | valid=719 | remaining=881 | elapsed=00:03:41 | ETA=calibrating...
2026-09-20T07:07:14.965762+00:00 | [720/1600 | 44.94%] RUN | sample=13533 | QSNN | TEMP-DRIFT-v2-budget-scaled | wallclock_qsnn | eps=5%
2026-09-20T07:07:17.008915+00:00 | [720/1600 | 45.00%] PASS | runtime=2.04s | valid=720 | remaining=880 | elapsed=00:03:43 | ETA=calibrating...
2026-09-20T07:07:17.011916+00:00 | [721/1600 | 45.00%] RUN | sample=13533 | QSNN | TEMP-DRIFT-v2-budget-scaled | access_candidates_21 | eps=10%
2026-09-20T07:07:17.222977+00:00 | [721/1600 | 45.06%] PASS | runtime=0.21s | valid=721 | remaining=879 | elapsed=00:03:43 | ETA=calibrating...
2026-09-20T07:07:17.225978+00:00 | [722/1600 | 45.06%] RUN | sample=13533 | QSNN | TEMP-DRIFT-v2-budget-scaled | access_forwards_41 | eps=10%
2026-09-20T07:07:17.433850+00:00 | [722/1600 | 45.12%] PASS | runtime=0.21s | valid=722 | remaining=878 | elapsed=00:03:44 | ETA=calibrating...
2026-09-20T07:07:17.434850+00:00 | [723/1600 | 45.12%] RUN | sample=13533 | QSNN | PGD | wallclock_qsnn | eps=10%
2026-09-20T07:07:19.675936+00:00 | [723/1600 | 45.19%] PASS | runtime=2.24s | valid=723 | remaining=877 | elapsed=00:03:46 | ETA=calibrating...
2026-09-20T07:07:19.676936+00:00 | [724/1600 | 45.19%] RUN | sample=13533 | QSNN | TEMP-DRIFT-v2-budget-scaled | wallclock_qsnn | eps=10%
2026-09-20T07:07:21.681647+00:00 | [SAMPLE 25/100 | 25.00%] sample_id=13533 COMPLETE
2026-09-20T07:07:21.681647+00:00 | [724/1600 | 45.25%] PASS | runtime=2.00s | valid=724 | remaining=876 | elapsed=00:03:48 | ETA=calibrating...
2026-09-20T07:07:21.685149+00:00 | [724/1600 | 45.25%] VALID-SKIP | sample=17167 | SNN | TEMP-DRIFT-v2-budget-scaled | access_candidates_21 | eps=5%
2026-09-20T07:07:21.687759+00:00 | [724/1600 | 45.25%] VALID-SKIP | sample=17167 | SNN | TEMP-DRIFT-v2-budget-scaled | access_forwards_41 | eps=5%
2026-09-20T07:07:21.687759+00:00 | [724/1600 | 45.25%] VALID-SKIP | sample=17167 | SNN | TEMP-DRIFT-v2-budget-scaled | wallclock_snn | eps=5%
2026-09-20T07:07:21.687759+00:00 | [724/1600 | 45.25%] VALID-SKIP | sample=17167 | SNN | PGD | wallclock_snn | eps=5%
2026-09-20T07:07:21.689759+00:00 | [724/1600 | 45.25%] VALID-SKIP | sample=17167 | SNN | TEMP-DRIFT-v2-budget-scaled | access_candidates_21 | eps=10%
2026-09-20T07:07:21.691759+00:00 | [724/1600 | 45.25%] VALID-SKIP | sample=17167 | SNN | TEMP-DRIFT-v2-budget-scaled | access_forwards_41 | eps=10%
2026-09-20T07:07:21.691759+00:00 | [724/1600 | 45.25%] VALID-SKIP | sample=17167 | SNN | TEMP-DRIFT-v2-budget-scaled | wallclock_snn | eps=10%
2026-09-20T07:07:21.691759+00:00 | [724/1600 | 45.25%] VALID-SKIP | sample=17167 | SNN | PGD | wallclock_snn | eps=10%
2026-09-20T07:07:21.692759+00:00 | [725/1600 | 45.25%] RUN | sample=17167 | QSNN | TEMP-DRIFT-v2-budget-scaled | access_candidates_21 | eps=5%
2026-09-20T07:07:21.906450+00:00 | [725/1600 | 45.31%] PASS | runtime=0.21s | valid=725 | remaining=875 | elapsed=00:03:48 | ETA=calibrating...
2026-09-20T07:07:21.909451+00:00 | [726/1600 | 45.31%] RUN | sample=17167 | QSNN | TEMP-DRIFT-v2-budget-scaled | access_forwards_41 | eps=5%
2026-09-20T07:07:22.126820+00:00 | [726/1600 | 45.38%] PASS | runtime=0.22s | valid=726 | remaining=874 | elapsed=00:03:48 | ETA=calibrating...
2026-09-20T07:07:22.127820+00:00 | [727/1600 | 45.38%] RUN | sample=17167 | QSNN | TEMP-DRIFT-v2-budget-scaled | wallclock_qsnn | eps=5%
2026-09-20T07:07:24.406714+00:00 | [727/1600 | 45.44%] PASS | runtime=2.28s | valid=727 | remaining=873 | elapsed=00:03:50 | ETA=calibrating...
2026-09-20T07:07:24.408713+00:00 | [728/1600 | 45.44%] RUN | sample=17167 | QSNN | PGD | wallclock_qsnn | eps=5%
2026-09-20T07:07:26.615948+00:00 | [728/1600 | 45.50%] PASS | runtime=2.21s | valid=728 | remaining=872 | elapsed=00:03:53 | ETA=calibrating...
2026-09-20T07:07:26.618864+00:00 | [729/1600 | 45.50%] RUN | sample=17167 | QSNN | TEMP-DRIFT-v2-budget-scaled | access_candidates_21 | eps=10%
2026-09-20T07:07:26.829957+00:00 | [729/1600 | 45.56%] PASS | runtime=0.21s | valid=729 | remaining=871 | elapsed=00:03:53 | ETA=calibrating...
2026-09-20T07:07:26.832956+00:00 | [730/1600 | 45.56%] RUN | sample=17167 | QSNN | TEMP-DRIFT-v2-budget-scaled | access_forwards_41 | eps=10%
2026-09-20T07:07:27.044833+00:00 | [730/1600 | 45.62%] PASS | runtime=0.21s | valid=730 | remaining=870 | elapsed=00:03:53 | ETA=calibrating...
2026-09-20T07:07:27.045832+00:00 | [731/1600 | 45.62%] RUN | sample=17167 | QSNN | TEMP-DRIFT-v2-budget-scaled | wallclock_qsnn | eps=10%
2026-09-20T07:07:29.285129+00:00 | [731/1600 | 45.69%] PASS | runtime=2.24s | valid=731 | remaining=869 | elapsed=00:03:55 | ETA=calibrating...
2026-09-20T07:07:29.287129+00:00 | [732/1600 | 45.69%] RUN | sample=17167 | QSNN | PGD | wallclock_qsnn | eps=10%
2026-09-20T07:07:31.536197+00:00 | [SAMPLE 26/100 | 26.00%] sample_id=17167 COMPLETE
2026-09-20T07:07:31.536197+00:00 | [732/1600 | 45.75%] PASS | runtime=2.25s | valid=732 | remaining=868 | elapsed=00:03:58 | ETA=calibrating...
2026-09-20T07:07:31.538197+00:00 | PROGRESS | Records 732/1600 (45.75%) | Samples 26/100 (26.00%) | Remaining records 868 | Remaining samples 74 | Elapsed 00:03:58 | ETA: calibrating... | Estimated finish: calibrating...
2026-09-20T07:07:31.541196+00:00 | [732/1600 | 45.75%] VALID-SKIP | sample=15702 | SNN | TEMP-DRIFT-v2-budget-scaled | access_candidates_21 | eps=5%
2026-09-20T07:07:31.542199+00:00 | [732/1600 | 45.75%] VALID-SKIP | sample=15702 | SNN | TEMP-DRIFT-v2-budget-scaled | access_forwards_41 | eps=5%
2026-09-20T07:07:31.542199+00:00 | [732/1600 | 45.75%] VALID-SKIP | sample=15702 | SNN | PGD | wallclock_snn | eps=5%
2026-09-20T07:07:31.542199+00:00 | [732/1600 | 45.75%] VALID-SKIP | sample=15702 | SNN | TEMP-DRIFT-v2-budget-scaled | wallclock_snn | eps=5%
2026-09-20T07:07:31.544197+00:00 | [732/1600 | 45.75%] VALID-SKIP | sample=15702 | SNN | TEMP-DRIFT-v2-budget-scaled | access_candidates_21 | eps=10%
2026-09-20T07:07:31.545701+00:00 | [732/1600 | 45.75%] VALID-SKIP | sample=15702 | SNN | TEMP-DRIFT-v2-budget-scaled | access_forwards_41 | eps=10%
2026-09-20T07:07:31.545701+00:00 | [732/1600 | 45.75%] VALID-SKIP | sample=15702 | SNN | PGD | wallclock_snn | eps=10%
2026-09-20T07:07:31.545701+00:00 | [732/1600 | 45.75%] VALID-SKIP | sample=15702 | SNN | TEMP-DRIFT-v2-budget-scaled | wallclock_snn | eps=10%
2026-09-20T07:07:31.546704+00:00 | [733/1600 | 45.75%] RUN | sample=15702 | QSNN | TEMP-DRIFT-v2-budget-scaled | access_candidates_21 | eps=5%
2026-09-20T07:07:31.758086+00:00 | [733/1600 | 45.81%] PASS | runtime=0.21s | valid=733 | remaining=867 | elapsed=00:03:58 | ETA=calibrating...
2026-09-20T07:07:31.761087+00:00 | [734/1600 | 45.81%] RUN | sample=15702 | QSNN | TEMP-DRIFT-v2-budget-scaled | access_forwards_41 | eps=5%
2026-09-20T07:07:31.975301+00:00 | [734/1600 | 45.88%] PASS | runtime=0.21s | valid=734 | remaining=866 | elapsed=00:03:58 | ETA=calibrating...
2026-09-20T07:07:31.976301+00:00 | [735/1600 | 45.88%] RUN | sample=15702 | QSNN | PGD | wallclock_qsnn | eps=5%
2026-09-20T07:07:34.146398+00:00 | [735/1600 | 45.94%] PASS | runtime=2.17s | valid=735 | remaining=865 | elapsed=00:04:00 | ETA=calibrating...
2026-09-20T07:07:34.147398+00:00 | [736/1600 | 45.94%] RUN | sample=15702 | QSNN | TEMP-DRIFT-v2-budget-scaled | wallclock_qsnn | eps=5%
2026-09-20T07:07:36.337059+00:00 | [736/1600 | 46.00%] PASS | runtime=2.19s | valid=736 | remaining=864 | elapsed=00:04:02 | ETA=calibrating...
2026-09-20T07:07:36.341054+00:00 | [737/1600 | 46.00%] RUN | sample=15702 | QSNN | TEMP-DRIFT-v2-budget-scaled | access_candidates_21 | eps=10%
2026-09-20T07:07:36.525474+00:00 | [737/1600 | 46.06%] PASS | runtime=0.18s | valid=737 | remaining=863 | elapsed=00:04:03 | ETA=calibrating...
2026-09-20T07:07:36.528472+00:00 | [738/1600 | 46.06%] RUN | sample=15702 | QSNN | TEMP-DRIFT-v2-budget-scaled | access_forwards_41 | eps=10%
2026-09-20T07:07:36.744046+00:00 | [738/1600 | 46.12%] PASS | runtime=0.21s | valid=738 | remaining=862 | elapsed=00:04:03 | ETA=calibrating...
2026-09-20T07:07:36.745044+00:00 | [739/1600 | 46.12%] RUN | sample=15702 | QSNN | PGD | wallclock_qsnn | eps=10%
2026-09-20T07:07:38.942484+00:00 | [739/1600 | 46.19%] PASS | runtime=2.20s | valid=739 | remaining=861 | elapsed=00:04:05 | ETA=calibrating...
2026-09-20T07:07:38.943483+00:00 | [740/1600 | 46.19%] RUN | sample=15702 | QSNN | TEMP-DRIFT-v2-budget-scaled | wallclock_qsnn | eps=10%
2026-09-20T07:07:41.118809+00:00 | [SAMPLE 27/100 | 27.00%] sample_id=15702 COMPLETE
2026-09-20T07:07:41.118809+00:00 | [740/1600 | 46.25%] PASS | runtime=2.17s | valid=740 | remaining=860 | elapsed=00:04:07 | ETA=calibrating...
2026-09-20T07:07:41.122811+00:00 | [740/1600 | 46.25%] VALID-SKIP | sample=14921 | SNN | TEMP-DRIFT-v2-budget-scaled | access_candidates_21 | eps=5%
2026-09-20T07:07:41.124810+00:00 | [740/1600 | 46.25%] VALID-SKIP | sample=14921 | SNN | TEMP-DRIFT-v2-budget-scaled | access_forwards_41 | eps=5%
2026-09-20T07:07:41.124810+00:00 | [740/1600 | 46.25%] VALID-SKIP | sample=14921 | SNN | TEMP-DRIFT-v2-budget-scaled | wallclock_snn | eps=5%
2026-09-20T07:07:41.124810+00:00 | [740/1600 | 46.25%] VALID-SKIP | sample=14921 | SNN | PGD | wallclock_snn | eps=5%
2026-09-20T07:07:41.126810+00:00 | [740/1600 | 46.25%] VALID-SKIP | sample=14921 | SNN | TEMP-DRIFT-v2-budget-scaled | access_candidates_21 | eps=10%
2026-09-20T07:07:41.128810+00:00 | [740/1600 | 46.25%] VALID-SKIP | sample=14921 | SNN | TEMP-DRIFT-v2-budget-scaled | access_forwards_41 | eps=10%
2026-09-20T07:07:41.128810+00:00 | [740/1600 | 46.25%] VALID-SKIP | sample=14921 | SNN | TEMP-DRIFT-v2-budget-scaled | wallclock_snn | eps=10%
2026-09-20T07:07:41.128810+00:00 | [740/1600 | 46.25%] VALID-SKIP | sample=14921 | SNN | PGD | wallclock_snn | eps=10%
2026-09-20T07:07:41.130314+00:00 | [741/1600 | 46.25%] RUN | sample=14921 | QSNN | TEMP-DRIFT-v2-budget-scaled | access_candidates_21 | eps=5%
2026-09-20T07:07:41.342575+00:00 | [741/1600 | 46.31%] PASS | runtime=0.21s | valid=741 | remaining=859 | elapsed=00:04:07 | ETA=calibrating...
2026-09-20T07:07:41.344573+00:00 | [742/1600 | 46.31%] RUN | sample=14921 | QSNN | TEMP-DRIFT-v2-budget-scaled | access_forwards_41 | eps=5%
2026-09-20T07:07:41.559691+00:00 | [742/1600 | 46.38%] PASS | runtime=0.21s | valid=742 | remaining=858 | elapsed=00:04:08 | ETA=calibrating...
2026-09-20T07:07:41.560690+00:00 | [743/1600 | 46.38%] RUN | sample=14921 | QSNN | TEMP-DRIFT-v2-budget-scaled | wallclock_qsnn | eps=5%
2026-09-20T07:07:43.818179+00:00 | [743/1600 | 46.44%] PASS | runtime=2.26s | valid=743 | remaining=857 | elapsed=00:04:10 | ETA=calibrating...
2026-09-20T07:07:43.820184+00:00 | [744/1600 | 46.44%] RUN | sample=14921 | QSNN | PGD | wallclock_qsnn | eps=5%
2026-09-20T07:07:46.007982+00:00 | [744/1600 | 46.50%] PASS | runtime=2.19s | valid=744 | remaining=856 | elapsed=00:04:12 | ETA=calibrating...
2026-09-20T07:07:46.010983+00:00 | [745/1600 | 46.50%] RUN | sample=14921 | QSNN | TEMP-DRIFT-v2-budget-scaled | access_candidates_21 | eps=10%
2026-09-20T07:07:46.222988+00:00 | [745/1600 | 46.56%] PASS | runtime=0.21s | valid=745 | remaining=855 | elapsed=00:04:12 | ETA=calibrating...
2026-09-20T07:07:46.225989+00:00 | [746/1600 | 46.56%] RUN | sample=14921 | QSNN | TEMP-DRIFT-v2-budget-scaled | access_forwards_41 | eps=10%
2026-09-20T07:07:46.436813+00:00 | [746/1600 | 46.62%] PASS | runtime=0.21s | valid=746 | remaining=854 | elapsed=00:04:13 | ETA=calibrating...
2026-09-20T07:07:46.438812+00:00 | [747/1600 | 46.62%] RUN | sample=14921 | QSNN | TEMP-DRIFT-v2-budget-scaled | wallclock_qsnn | eps=10%
2026-09-20T07:07:48.680647+00:00 | [747/1600 | 46.69%] PASS | runtime=2.24s | valid=747 | remaining=853 | elapsed=00:04:15 | ETA=calibrating...
2026-09-20T07:07:48.681648+00:00 | [748/1600 | 46.69%] RUN | sample=14921 | QSNN | PGD | wallclock_qsnn | eps=10%
2026-09-20T07:07:50.880973+00:00 | [SAMPLE 28/100 | 28.00%] sample_id=14921 COMPLETE
2026-09-20T07:07:50.881973+00:00 | [748/1600 | 46.75%] PASS | runtime=2.20s | valid=748 | remaining=852 | elapsed=00:04:17 | ETA=calibrating...
2026-09-20T07:07:50.884973+00:00 | [748/1600 | 46.75%] VALID-SKIP | sample=18265 | SNN | TEMP-DRIFT-v2-budget-scaled | access_candidates_21 | eps=5%
2026-09-20T07:07:50.885973+00:00 | [748/1600 | 46.75%] VALID-SKIP | sample=18265 | SNN | TEMP-DRIFT-v2-budget-scaled | access_forwards_41 | eps=5%
2026-09-20T07:07:50.886973+00:00 | [748/1600 | 46.75%] VALID-SKIP | sample=18265 | SNN | PGD | wallclock_snn | eps=5%
2026-09-20T07:07:50.886973+00:00 | [748/1600 | 46.75%] VALID-SKIP | sample=18265 | SNN | TEMP-DRIFT-v2-budget-scaled | wallclock_snn | eps=5%
2026-09-20T07:07:50.887973+00:00 | [748/1600 | 46.75%] VALID-SKIP | sample=18265 | SNN | TEMP-DRIFT-v2-budget-scaled | access_candidates_21 | eps=10%
2026-09-20T07:07:50.889973+00:00 | [748/1600 | 46.75%] VALID-SKIP | sample=18265 | SNN | TEMP-DRIFT-v2-budget-scaled | access_forwards_41 | eps=10%
2026-09-20T07:07:50.889973+00:00 | [748/1600 | 46.75%] VALID-SKIP | sample=18265 | SNN | PGD | wallclock_snn | eps=10%
2026-09-20T07:07:50.889973+00:00 | [748/1600 | 46.75%] VALID-SKIP | sample=18265 | SNN | TEMP-DRIFT-v2-budget-scaled | wallclock_snn | eps=10%
2026-09-20T07:07:50.890973+00:00 | [749/1600 | 46.75%] RUN | sample=18265 | QSNN | TEMP-DRIFT-v2-budget-scaled | access_candidates_21 | eps=5%
2026-09-20T07:07:51.099427+00:00 | [749/1600 | 46.81%] PASS | runtime=0.21s | valid=749 | remaining=851 | elapsed=00:04:17 | ETA=calibrating...
2026-09-20T07:07:51.102428+00:00 | [750/1600 | 46.81%] RUN | sample=18265 | QSNN | TEMP-DRIFT-v2-budget-scaled | access_forwards_41 | eps=5%
2026-09-20T07:07:51.314758+00:00 | [750/1600 | 46.88%] PASS | runtime=0.21s | valid=750 | remaining=850 | elapsed=00:04:17 | ETA=calibrating...
2026-09-20T07:07:51.315758+00:00 | [751/1600 | 46.88%] RUN | sample=18265 | QSNN | PGD | wallclock_qsnn | eps=5%
2026-09-20T07:07:53.424208+00:00 | [751/1600 | 46.94%] PASS | runtime=2.11s | valid=751 | remaining=849 | elapsed=00:04:20 | ETA=calibrating...
2026-09-20T07:07:53.425209+00:00 | [752/1600 | 46.94%] RUN | sample=18265 | QSNN | TEMP-DRIFT-v2-budget-scaled | wallclock_qsnn | eps=5%
2026-09-20T07:07:55.588966+00:00 | [752/1600 | 47.00%] PASS | runtime=2.16s | valid=752 | remaining=848 | elapsed=00:04:22 | ETA=calibrating...
2026-09-20T07:07:55.592966+00:00 | [753/1600 | 47.00%] RUN | sample=18265 | QSNN | TEMP-DRIFT-v2-budget-scaled | access_candidates_21 | eps=10%
2026-09-20T07:07:55.775050+00:00 | [753/1600 | 47.06%] PASS | runtime=0.18s | valid=753 | remaining=847 | elapsed=00:04:22 | ETA=calibrating...
2026-09-20T07:07:55.778050+00:00 | [754/1600 | 47.06%] RUN | sample=18265 | QSNN | TEMP-DRIFT-v2-budget-scaled | access_forwards_41 | eps=10%
2026-09-20T07:07:55.976121+00:00 | [754/1600 | 47.12%] PASS | runtime=0.20s | valid=754 | remaining=846 | elapsed=00:04:22 | ETA=calibrating...
2026-09-20T07:07:55.977122+00:00 | [755/1600 | 47.12%] RUN | sample=18265 | QSNN | PGD | wallclock_qsnn | eps=10%
2026-09-20T07:07:58.192791+00:00 | [755/1600 | 47.19%] PASS | runtime=2.21s | valid=755 | remaining=845 | elapsed=00:04:24 | ETA=calibrating...
2026-09-20T07:07:58.194790+00:00 | [756/1600 | 47.19%] RUN | sample=18265 | QSNN | TEMP-DRIFT-v2-budget-scaled | wallclock_qsnn | eps=10%
2026-09-20T07:08:00.431202+00:00 | [SAMPLE 29/100 | 29.00%] sample_id=18265 COMPLETE
2026-09-20T07:08:00.432202+00:00 | [756/1600 | 47.25%] PASS | runtime=2.24s | valid=756 | remaining=844 | elapsed=00:04:27 | ETA=calibrating...
2026-09-20T07:08:00.436202+00:00 | [756/1600 | 47.25%] VALID-SKIP | sample=14648 | SNN | TEMP-DRIFT-v2-budget-scaled | access_candidates_21 | eps=5%
2026-09-20T07:08:00.438201+00:00 | [756/1600 | 47.25%] VALID-SKIP | sample=14648 | SNN | TEMP-DRIFT-v2-budget-scaled | access_forwards_41 | eps=5%
2026-09-20T07:08:00.438201+00:00 | [756/1600 | 47.25%] VALID-SKIP | sample=14648 | SNN | TEMP-DRIFT-v2-budget-scaled | wallclock_snn | eps=5%
2026-09-20T07:08:00.438201+00:00 | [756/1600 | 47.25%] VALID-SKIP | sample=14648 | SNN | PGD | wallclock_snn | eps=5%
2026-09-20T07:08:00.440202+00:00 | [756/1600 | 47.25%] VALID-SKIP | sample=14648 | SNN | TEMP-DRIFT-v2-budget-scaled | access_candidates_21 | eps=10%
2026-09-20T07:08:00.442201+00:00 | [756/1600 | 47.25%] VALID-SKIP | sample=14648 | SNN | TEMP-DRIFT-v2-budget-scaled | access_forwards_41 | eps=10%
2026-09-20T07:08:00.442201+00:00 | [756/1600 | 47.25%] VALID-SKIP | sample=14648 | SNN | TEMP-DRIFT-v2-budget-scaled | wallclock_snn | eps=10%
2026-09-20T07:08:00.442201+00:00 | [756/1600 | 47.25%] VALID-SKIP | sample=14648 | SNN | PGD | wallclock_snn | eps=10%
2026-09-20T07:08:00.444202+00:00 | [757/1600 | 47.25%] RUN | sample=14648 | QSNN | TEMP-DRIFT-v2-budget-scaled | access_candidates_21 | eps=5%
2026-09-20T07:08:00.661629+00:00 | [757/1600 | 47.31%] PASS | runtime=0.22s | valid=757 | remaining=843 | elapsed=00:04:27 | ETA=calibrating...
2026-09-20T07:08:00.663627+00:00 | PROGRESS | Records 757/1600 (47.31%) | Samples 29/100 (29.00%) | Remaining records 843 | Remaining samples 71 | Elapsed 00:04:27 | ETA: calibrating... | Estimated finish: calibrating...
2026-09-20T07:08:00.665629+00:00 | [758/1600 | 47.31%] RUN | sample=14648 | QSNN | TEMP-DRIFT-v2-budget-scaled | access_forwards_41 | eps=5%
2026-09-20T07:08:00.881000+00:00 | [758/1600 | 47.38%] PASS | runtime=0.21s | valid=758 | remaining=842 | elapsed=00:04:27 | ETA=calibrating...
2026-09-20T07:08:00.881999+00:00 | [759/1600 | 47.38%] RUN | sample=14648 | QSNN | TEMP-DRIFT-v2-budget-scaled | wallclock_qsnn | eps=5%
2026-09-20T07:08:03.069091+00:00 | [759/1600 | 47.44%] PASS | runtime=2.19s | valid=759 | remaining=841 | elapsed=00:04:29 | ETA=calibrating...
2026-09-20T07:08:03.070091+00:00 | [760/1600 | 47.44%] RUN | sample=14648 | QSNN | PGD | wallclock_qsnn | eps=5%
2026-09-20T07:08:05.205629+00:00 | [760/1600 | 47.50%] PASS | runtime=2.13s | valid=760 | remaining=840 | elapsed=00:04:31 | ETA=calibrating...
2026-09-20T07:08:05.208629+00:00 | [761/1600 | 47.50%] RUN | sample=14648 | QSNN | TEMP-DRIFT-v2-budget-scaled | access_candidates_21 | eps=10%
2026-09-20T07:08:05.416629+00:00 | [761/1600 | 47.56%] PASS | runtime=0.21s | valid=761 | remaining=839 | elapsed=00:04:32 | ETA=calibrating...
2026-09-20T07:08:05.420169+00:00 | [762/1600 | 47.56%] RUN | sample=14648 | QSNN | TEMP-DRIFT-v2-budget-scaled | access_forwards_41 | eps=10%
2026-09-20T07:08:05.627248+00:00 | [762/1600 | 47.62%] PASS | runtime=0.21s | valid=762 | remaining=838 | elapsed=00:04:32 | ETA=calibrating...
2026-09-20T07:08:05.628248+00:00 | [763/1600 | 47.62%] RUN | sample=14648 | QSNN | TEMP-DRIFT-v2-budget-scaled | wallclock_qsnn | eps=10%
2026-09-20T07:08:07.774569+00:00 | [763/1600 | 47.69%] PASS | runtime=2.14s | valid=763 | remaining=837 | elapsed=00:04:34 | ETA=calibrating...
2026-09-20T07:08:07.775565+00:00 | [764/1600 | 47.69%] RUN | sample=14648 | QSNN | PGD | wallclock_qsnn | eps=10%
2026-09-20T07:08:09.919688+00:00 | [SAMPLE 30/100 | 30.00%] sample_id=14648 COMPLETE
2026-09-20T07:08:09.919688+00:00 | [764/1600 | 47.75%] PASS | runtime=2.14s | valid=764 | remaining=836 | elapsed=00:04:36 | ETA=calibrating...
2026-09-20T07:08:09.922687+00:00 | [764/1600 | 47.75%] VALID-SKIP | sample=20471 | SNN | TEMP-DRIFT-v2-budget-scaled | access_candidates_21 | eps=5%
2026-09-20T07:08:09.924687+00:00 | [764/1600 | 47.75%] VALID-SKIP | sample=20471 | SNN | TEMP-DRIFT-v2-budget-scaled | access_forwards_41 | eps=5%
2026-09-20T07:08:09.924687+00:00 | [764/1600 | 47.75%] VALID-SKIP | sample=20471 | SNN | PGD | wallclock_snn | eps=5%
2026-09-20T07:08:09.924687+00:00 | [764/1600 | 47.75%] VALID-SKIP | sample=20471 | SNN | TEMP-DRIFT-v2-budget-scaled | wallclock_snn | eps=5%
2026-09-20T07:08:09.925687+00:00 | [764/1600 | 47.75%] VALID-SKIP | sample=20471 | SNN | TEMP-DRIFT-v2-budget-scaled | access_candidates_21 | eps=10%
2026-09-20T07:08:09.927686+00:00 | [764/1600 | 47.75%] VALID-SKIP | sample=20471 | SNN | TEMP-DRIFT-v2-budget-scaled | access_forwards_41 | eps=10%
2026-09-20T07:08:09.927686+00:00 | [764/1600 | 47.75%] VALID-SKIP | sample=20471 | SNN | PGD | wallclock_snn | eps=10%
2026-09-20T07:08:09.927686+00:00 | [764/1600 | 47.75%] VALID-SKIP | sample=20471 | SNN | TEMP-DRIFT-v2-budget-scaled | wallclock_snn | eps=10%
2026-09-20T07:08:09.928687+00:00 | [765/1600 | 47.75%] RUN | sample=20471 | QSNN | TEMP-DRIFT-v2-budget-scaled | access_candidates_21 | eps=5%
2026-09-20T07:08:10.134311+00:00 | [765/1600 | 47.81%] PASS | runtime=0.20s | valid=765 | remaining=835 | elapsed=00:04:36 | ETA=calibrating...
2026-09-20T07:08:10.138310+00:00 | [766/1600 | 47.81%] RUN | sample=20471 | QSNN | TEMP-DRIFT-v2-budget-scaled | access_forwards_41 | eps=5%
2026-09-20T07:08:10.344556+00:00 | [766/1600 | 47.88%] PASS | runtime=0.20s | valid=766 | remaining=834 | elapsed=00:04:36 | ETA=calibrating...
2026-09-20T07:08:10.345559+00:00 | [767/1600 | 47.88%] RUN | sample=20471 | QSNN | PGD | wallclock_qsnn | eps=5%
2026-09-20T07:08:12.442681+00:00 | [767/1600 | 47.94%] PASS | runtime=2.10s | valid=767 | remaining=833 | elapsed=00:04:39 | ETA=calibrating...
2026-09-20T07:08:12.443679+00:00 | [768/1600 | 47.94%] RUN | sample=20471 | QSNN | TEMP-DRIFT-v2-budget-scaled | wallclock_qsnn | eps=5%
2026-09-20T07:08:14.470734+00:00 | [768/1600 | 48.00%] PASS | runtime=2.03s | valid=768 | remaining=832 | elapsed=00:04:41 | ETA=calibrating...
2026-09-20T07:08:14.473733+00:00 | [769/1600 | 48.00%] RUN | sample=20471 | QSNN | TEMP-DRIFT-v2-budget-scaled | access_candidates_21 | eps=10%
2026-09-20T07:08:14.686388+00:00 | [769/1600 | 48.06%] PASS | runtime=0.21s | valid=769 | remaining=831 | elapsed=00:04:41 | ETA=calibrating...
2026-09-20T07:08:14.689387+00:00 | [770/1600 | 48.06%] RUN | sample=20471 | QSNN | TEMP-DRIFT-v2-budget-scaled | access_forwards_41 | eps=10%
2026-09-20T07:08:14.895779+00:00 | [770/1600 | 48.12%] PASS | runtime=0.21s | valid=770 | remaining=830 | elapsed=00:04:41 | ETA=calibrating...
2026-09-20T07:08:14.897779+00:00 | [771/1600 | 48.12%] RUN | sample=20471 | QSNN | PGD | wallclock_qsnn | eps=10%
2026-09-20T07:08:17.042459+00:00 | [771/1600 | 48.19%] PASS | runtime=2.14s | valid=771 | remaining=829 | elapsed=00:04:43 | ETA=calibrating...
2026-09-20T07:08:17.043460+00:00 | [772/1600 | 48.19%] RUN | sample=20471 | QSNN | TEMP-DRIFT-v2-budget-scaled | wallclock_qsnn | eps=10%
2026-09-20T07:08:19.069599+00:00 | [SAMPLE 31/100 | 31.00%] sample_id=20471 COMPLETE
2026-09-20T07:08:19.070600+00:00 | [772/1600 | 48.25%] PASS | runtime=2.02s | valid=772 | remaining=828 | elapsed=00:04:45 | ETA=calibrating...
2026-09-20T07:08:19.073599+00:00 | [772/1600 | 48.25%] VALID-SKIP | sample=20568 | SNN | TEMP-DRIFT-v2-budget-scaled | access_candidates_21 | eps=5%
2026-09-20T07:08:19.075600+00:00 | [772/1600 | 48.25%] VALID-SKIP | sample=20568 | SNN | TEMP-DRIFT-v2-budget-scaled | access_forwards_41 | eps=5%
2026-09-20T07:08:19.075600+00:00 | [772/1600 | 48.25%] VALID-SKIP | sample=20568 | SNN | TEMP-DRIFT-v2-budget-scaled | wallclock_snn | eps=5%
2026-09-20T07:08:19.075600+00:00 | [772/1600 | 48.25%] VALID-SKIP | sample=20568 | SNN | PGD | wallclock_snn | eps=5%
2026-09-20T07:08:19.077600+00:00 | [772/1600 | 48.25%] VALID-SKIP | sample=20568 | SNN | TEMP-DRIFT-v2-budget-scaled | access_candidates_21 | eps=10%
2026-09-20T07:08:19.079599+00:00 | [772/1600 | 48.25%] VALID-SKIP | sample=20568 | SNN | TEMP-DRIFT-v2-budget-scaled | access_forwards_41 | eps=10%
2026-09-20T07:08:19.079599+00:00 | [772/1600 | 48.25%] VALID-SKIP | sample=20568 | SNN | TEMP-DRIFT-v2-budget-scaled | wallclock_snn | eps=10%
2026-09-20T07:08:19.079599+00:00 | [773/1600 | 48.25%] RUN | sample=20568 | SNN | PGD | wallclock_snn | eps=10%
2026-09-20T07:08:19.465027+00:00 | [773/1600 | 48.31%] PASS | runtime=0.38s | valid=773 | remaining=827 | elapsed=00:04:46 | ETA=calibrating...
2026-09-20T07:08:19.468028+00:00 | [774/1600 | 48.31%] RUN | sample=20568 | QSNN | TEMP-DRIFT-v2-budget-scaled | access_candidates_21 | eps=5%
2026-09-20T07:08:19.681101+00:00 | [774/1600 | 48.38%] PASS | runtime=0.21s | valid=774 | remaining=826 | elapsed=00:04:46 | ETA=calibrating...
2026-09-20T07:08:19.684104+00:00 | [775/1600 | 48.38%] RUN | sample=20568 | QSNN | TEMP-DRIFT-v2-budget-scaled | access_forwards_41 | eps=5%
2026-09-20T07:08:19.898961+00:00 | [775/1600 | 48.44%] PASS | runtime=0.21s | valid=775 | remaining=825 | elapsed=00:04:46 | ETA=calibrating...
2026-09-20T07:08:19.899962+00:00 | [776/1600 | 48.44%] RUN | sample=20568 | QSNN | TEMP-DRIFT-v2-budget-scaled | wallclock_qsnn | eps=5%
2026-09-20T07:08:22.186095+00:00 | [776/1600 | 48.50%] PASS | runtime=2.28s | valid=776 | remaining=824 | elapsed=00:04:48 | ETA=calibrating...
2026-09-20T07:08:22.187094+00:00 | [777/1600 | 48.50%] RUN | sample=20568 | QSNN | PGD | wallclock_qsnn | eps=5%
2026-09-20T07:08:24.340479+00:00 | [777/1600 | 48.56%] PASS | runtime=2.15s | valid=777 | remaining=823 | elapsed=00:04:50 | ETA=calibrating...
2026-09-20T07:08:24.343479+00:00 | [778/1600 | 48.56%] RUN | sample=20568 | QSNN | TEMP-DRIFT-v2-budget-scaled | access_candidates_21 | eps=10%
2026-09-20T07:08:24.550956+00:00 | [778/1600 | 48.62%] PASS | runtime=0.21s | valid=778 | remaining=822 | elapsed=00:04:51 | ETA=calibrating...
2026-09-20T07:08:24.553956+00:00 | [779/1600 | 48.62%] RUN | sample=20568 | QSNN | TEMP-DRIFT-v2-budget-scaled | access_forwards_41 | eps=10%
2026-09-20T07:08:24.764602+00:00 | [779/1600 | 48.69%] PASS | runtime=0.21s | valid=779 | remaining=821 | elapsed=00:04:51 | ETA=calibrating...
2026-09-20T07:08:24.765602+00:00 | [780/1600 | 48.69%] RUN | sample=20568 | QSNN | TEMP-DRIFT-v2-budget-scaled | wallclock_qsnn | eps=10%
2026-09-20T07:08:27.055557+00:00 | [780/1600 | 48.75%] PASS | runtime=2.29s | valid=780 | remaining=820 | elapsed=00:04:53 | ETA=calibrating...
2026-09-20T07:08:27.057557+00:00 | [781/1600 | 48.75%] RUN | sample=20568 | QSNN | PGD | wallclock_qsnn | eps=10%
2026-09-20T07:08:29.214879+00:00 | [SAMPLE 32/100 | 32.00%] sample_id=20568 COMPLETE
2026-09-20T07:08:29.214879+00:00 | [781/1600 | 48.81%] PASS | runtime=2.16s | valid=781 | remaining=819 | elapsed=00:04:55 | ETA=calibrating...
2026-09-20T07:08:29.217891+00:00 | [781/1600 | 48.81%] VALID-SKIP | sample=20275 | SNN | TEMP-DRIFT-v2-budget-scaled | access_candidates_21 | eps=5%
2026-09-20T07:08:29.219891+00:00 | [781/1600 | 48.81%] VALID-SKIP | sample=20275 | SNN | TEMP-DRIFT-v2-budget-scaled | access_forwards_41 | eps=5%
2026-09-20T07:08:29.219891+00:00 | [781/1600 | 48.81%] VALID-SKIP | sample=20275 | SNN | PGD | wallclock_snn | eps=5%
2026-09-20T07:08:29.219891+00:00 | [781/1600 | 48.81%] VALID-SKIP | sample=20275 | SNN | TEMP-DRIFT-v2-budget-scaled | wallclock_snn | eps=5%
2026-09-20T07:08:29.220891+00:00 | [781/1600 | 48.81%] VALID-SKIP | sample=20275 | SNN | TEMP-DRIFT-v2-budget-scaled | access_candidates_21 | eps=10%
2026-09-20T07:08:29.222891+00:00 | [781/1600 | 48.81%] VALID-SKIP | sample=20275 | SNN | TEMP-DRIFT-v2-budget-scaled | access_forwards_41 | eps=10%
2026-09-20T07:08:29.222891+00:00 | [781/1600 | 48.81%] VALID-SKIP | sample=20275 | SNN | PGD | wallclock_snn | eps=10%
2026-09-20T07:08:29.222891+00:00 | [781/1600 | 48.81%] VALID-SKIP | sample=20275 | SNN | TEMP-DRIFT-v2-budget-scaled | wallclock_snn | eps=10%
2026-09-20T07:08:29.223891+00:00 | [782/1600 | 48.81%] RUN | sample=20275 | QSNN | TEMP-DRIFT-v2-budget-scaled | access_candidates_21 | eps=5%
2026-09-20T07:08:29.432760+00:00 | [782/1600 | 48.88%] PASS | runtime=0.21s | valid=782 | remaining=818 | elapsed=00:04:56 | ETA=calibrating...
2026-09-20T07:08:29.434760+00:00 | PROGRESS | Records 782/1600 (48.88%) | Samples 32/100 (32.00%) | Remaining records 818 | Remaining samples 68 | Elapsed 00:04:56 | ETA: calibrating... | Estimated finish: calibrating...
2026-09-20T07:08:29.437759+00:00 | [783/1600 | 48.88%] RUN | sample=20275 | QSNN | TEMP-DRIFT-v2-budget-scaled | access_forwards_41 | eps=5%
2026-09-20T07:08:29.645566+00:00 | [783/1600 | 48.94%] PASS | runtime=0.21s | valid=783 | remaining=817 | elapsed=00:04:56 | ETA=calibrating...
2026-09-20T07:08:29.647566+00:00 | [784/1600 | 48.94%] RUN | sample=20275 | QSNN | PGD | wallclock_qsnn | eps=5%
2026-09-20T07:08:31.753689+00:00 | [784/1600 | 49.00%] PASS | runtime=2.10s | valid=784 | remaining=816 | elapsed=00:04:58 | ETA=calibrating...
2026-09-20T07:08:31.754688+00:00 | [785/1600 | 49.00%] RUN | sample=20275 | QSNN | TEMP-DRIFT-v2-budget-scaled | wallclock_qsnn | eps=5%
2026-09-20T07:08:33.874913+00:00 | [785/1600 | 49.06%] PASS | runtime=2.12s | valid=785 | remaining=815 | elapsed=00:05:00 | ETA=calibrating...
2026-09-20T07:08:33.878916+00:00 | [786/1600 | 49.06%] RUN | sample=20275 | QSNN | TEMP-DRIFT-v2-budget-scaled | access_candidates_21 | eps=10%
2026-09-20T07:08:34.088908+00:00 | [786/1600 | 49.12%] PASS | runtime=0.21s | valid=786 | remaining=814 | elapsed=00:05:00 | ETA=calibrating...
2026-09-20T07:08:34.091908+00:00 | [787/1600 | 49.12%] RUN | sample=20275 | QSNN | TEMP-DRIFT-v2-budget-scaled | access_forwards_41 | eps=10%
2026-09-20T07:08:34.301483+00:00 | [787/1600 | 49.19%] PASS | runtime=0.21s | valid=787 | remaining=813 | elapsed=00:05:00 | ETA=calibrating...
2026-09-20T07:08:34.302482+00:00 | [788/1600 | 49.19%] RUN | sample=20275 | QSNN | PGD | wallclock_qsnn | eps=10%
2026-09-20T07:08:36.449571+00:00 | [788/1600 | 49.25%] PASS | runtime=2.15s | valid=788 | remaining=812 | elapsed=00:05:03 | ETA=calibrating...
2026-09-20T07:08:36.450570+00:00 | [789/1600 | 49.25%] RUN | sample=20275 | QSNN | TEMP-DRIFT-v2-budget-scaled | wallclock_qsnn | eps=10%
2026-09-20T07:08:38.592925+00:00 | [SAMPLE 33/100 | 33.00%] sample_id=20275 COMPLETE
2026-09-20T07:08:38.593925+00:00 | [789/1600 | 49.31%] PASS | runtime=2.14s | valid=789 | remaining=811 | elapsed=00:05:05 | ETA=calibrating...
2026-09-20T07:08:38.596925+00:00 | [789/1600 | 49.31%] VALID-SKIP | sample=24340 | SNN | TEMP-DRIFT-v2-budget-scaled | access_candidates_21 | eps=5%
2026-09-20T07:08:38.598926+00:00 | [789/1600 | 49.31%] VALID-SKIP | sample=24340 | SNN | TEMP-DRIFT-v2-budget-scaled | access_forwards_41 | eps=5%
2026-09-20T07:08:38.598926+00:00 | [789/1600 | 49.31%] VALID-SKIP | sample=24340 | SNN | TEMP-DRIFT-v2-budget-scaled | wallclock_snn | eps=5%
2026-09-20T07:08:38.598926+00:00 | [789/1600 | 49.31%] VALID-SKIP | sample=24340 | SNN | PGD | wallclock_snn | eps=5%
2026-09-20T07:08:38.600926+00:00 | [789/1600 | 49.31%] VALID-SKIP | sample=24340 | SNN | TEMP-DRIFT-v2-budget-scaled | access_candidates_21 | eps=10%
2026-09-20T07:08:38.602926+00:00 | [789/1600 | 49.31%] VALID-SKIP | sample=24340 | SNN | TEMP-DRIFT-v2-budget-scaled | access_forwards_41 | eps=10%
2026-09-20T07:08:38.602926+00:00 | [789/1600 | 49.31%] VALID-SKIP | sample=24340 | SNN | TEMP-DRIFT-v2-budget-scaled | wallclock_snn | eps=10%
2026-09-20T07:08:38.602926+00:00 | [789/1600 | 49.31%] VALID-SKIP | sample=24340 | SNN | PGD | wallclock_snn | eps=10%
2026-09-20T07:08:38.604926+00:00 | [790/1600 | 49.31%] RUN | sample=24340 | QSNN | TEMP-DRIFT-v2-budget-scaled | access_candidates_21 | eps=5%
2026-09-20T07:08:38.817560+00:00 | [790/1600 | 49.38%] PASS | runtime=0.21s | valid=790 | remaining=810 | elapsed=00:05:05 | ETA=calibrating...
2026-09-20T07:08:38.820562+00:00 | [791/1600 | 49.38%] RUN | sample=24340 | QSNN | TEMP-DRIFT-v2-budget-scaled | access_forwards_41 | eps=5%
2026-09-20T07:08:39.031219+00:00 | [791/1600 | 49.44%] PASS | runtime=0.21s | valid=791 | remaining=809 | elapsed=00:05:05 | ETA=calibrating...
2026-09-20T07:08:39.033219+00:00 | [792/1600 | 49.44%] RUN | sample=24340 | QSNN | TEMP-DRIFT-v2-budget-scaled | wallclock_qsnn | eps=5%
2026-09-20T07:08:41.086550+00:00 | [792/1600 | 49.50%] PASS | runtime=2.05s | valid=792 | remaining=808 | elapsed=00:05:07 | ETA=calibrating...
2026-09-20T07:08:41.088550+00:00 | [793/1600 | 49.50%] RUN | sample=24340 | QSNN | PGD | wallclock_qsnn | eps=5%
2026-09-20T07:08:43.273485+00:00 | [793/1600 | 49.56%] PASS | runtime=2.18s | valid=793 | remaining=807 | elapsed=00:05:09 | ETA=calibrating...
2026-09-20T07:08:43.276483+00:00 | [794/1600 | 49.56%] RUN | sample=24340 | QSNN | TEMP-DRIFT-v2-budget-scaled | access_candidates_21 | eps=10%
2026-09-20T07:08:43.482574+00:00 | [794/1600 | 49.62%] PASS | runtime=0.21s | valid=794 | remaining=806 | elapsed=00:05:10 | ETA=calibrating...
2026-09-20T07:08:43.485573+00:00 | [795/1600 | 49.62%] RUN | sample=24340 | QSNN | TEMP-DRIFT-v2-budget-scaled | access_forwards_41 | eps=10%
2026-09-20T07:08:43.692050+00:00 | [795/1600 | 49.69%] PASS | runtime=0.20s | valid=795 | remaining=805 | elapsed=00:05:10 | ETA=calibrating...
2026-09-20T07:08:43.693049+00:00 | [796/1600 | 49.69%] RUN | sample=24340 | QSNN | TEMP-DRIFT-v2-budget-scaled | wallclock_qsnn | eps=10%
2026-09-20T07:08:45.739477+00:00 | [796/1600 | 49.75%] PASS | runtime=2.04s | valid=796 | remaining=804 | elapsed=00:05:12 | ETA=calibrating...
2026-09-20T07:08:45.740477+00:00 | [797/1600 | 49.75%] RUN | sample=24340 | QSNN | PGD | wallclock_qsnn | eps=10%
2026-09-20T07:08:47.909984+00:00 | [SAMPLE 34/100 | 34.00%] sample_id=24340 COMPLETE
2026-09-20T07:08:47.910984+00:00 | [797/1600 | 49.81%] PASS | runtime=2.17s | valid=797 | remaining=803 | elapsed=00:05:14 | ETA=calibrating...
2026-09-20T07:08:47.913984+00:00 | [797/1600 | 49.81%] VALID-SKIP | sample=19400 | SNN | TEMP-DRIFT-v2-budget-scaled | access_candidates_21 | eps=5%
2026-09-20T07:08:47.914984+00:00 | [797/1600 | 49.81%] VALID-SKIP | sample=19400 | SNN | TEMP-DRIFT-v2-budget-scaled | access_forwards_41 | eps=5%
2026-09-20T07:08:47.915984+00:00 | [797/1600 | 49.81%] VALID-SKIP | sample=19400 | SNN | PGD | wallclock_snn | eps=5%
2026-09-20T07:08:47.915984+00:00 | [797/1600 | 49.81%] VALID-SKIP | sample=19400 | SNN | TEMP-DRIFT-v2-budget-scaled | wallclock_snn | eps=5%
2026-09-20T07:08:47.916984+00:00 | [797/1600 | 49.81%] VALID-SKIP | sample=19400 | SNN | TEMP-DRIFT-v2-budget-scaled | access_candidates_21 | eps=10%
2026-09-20T07:08:47.918984+00:00 | [797/1600 | 49.81%] VALID-SKIP | sample=19400 | SNN | TEMP-DRIFT-v2-budget-scaled | access_forwards_41 | eps=10%
2026-09-20T07:08:47.918984+00:00 | [797/1600 | 49.81%] VALID-SKIP | sample=19400 | SNN | PGD | wallclock_snn | eps=10%
2026-09-20T07:08:47.918984+00:00 | [797/1600 | 49.81%] VALID-SKIP | sample=19400 | SNN | TEMP-DRIFT-v2-budget-scaled | wallclock_snn | eps=10%
2026-09-20T07:08:47.919985+00:00 | [798/1600 | 49.81%] RUN | sample=19400 | QSNN | TEMP-DRIFT-v2-budget-scaled | access_candidates_21 | eps=5%
2026-09-20T07:08:48.130892+00:00 | [798/1600 | 49.88%] PASS | runtime=0.21s | valid=798 | remaining=802 | elapsed=00:05:14 | ETA=calibrating...
2026-09-20T07:08:48.133893+00:00 | [799/1600 | 49.88%] RUN | sample=19400 | QSNN | TEMP-DRIFT-v2-budget-scaled | access_forwards_41 | eps=5%
2026-09-20T07:08:48.346996+00:00 | [799/1600 | 49.94%] PASS | runtime=0.21s | valid=799 | remaining=801 | elapsed=00:05:14 | ETA=calibrating...
2026-09-20T07:08:48.347996+00:00 | [800/1600 | 49.94%] RUN | sample=19400 | QSNN | PGD | wallclock_qsnn | eps=5%
2026-09-20T07:08:50.510721+00:00 | [800/1600 | 50.00%] PASS | runtime=2.16s | valid=800 | remaining=800 | elapsed=00:05:17 | ETA=calibrating...
2026-09-20T07:08:50.511720+00:00 | [801/1600 | 50.00%] RUN | sample=19400 | QSNN | TEMP-DRIFT-v2-budget-scaled | wallclock_qsnn | eps=5%
2026-09-20T07:08:52.745848+00:00 | [801/1600 | 50.06%] PASS | runtime=2.23s | valid=801 | remaining=799 | elapsed=00:05:19 | ETA=calibrating...
2026-09-20T07:08:52.749848+00:00 | [802/1600 | 50.06%] RUN | sample=19400 | QSNN | TEMP-DRIFT-v2-budget-scaled | access_candidates_21 | eps=10%
2026-09-20T07:08:52.965967+00:00 | [802/1600 | 50.12%] PASS | runtime=0.21s | valid=802 | remaining=798 | elapsed=00:05:19 | ETA=calibrating...
2026-09-20T07:08:52.968588+00:00 | [803/1600 | 50.12%] RUN | sample=19400 | QSNN | TEMP-DRIFT-v2-budget-scaled | access_forwards_41 | eps=10%
2026-09-20T07:08:53.187379+00:00 | [803/1600 | 50.19%] PASS | runtime=0.22s | valid=803 | remaining=797 | elapsed=00:05:19 | ETA=calibrating...
2026-09-20T07:08:53.188379+00:00 | [804/1600 | 50.19%] RUN | sample=19400 | QSNN | PGD | wallclock_qsnn | eps=10%
2026-09-20T07:08:55.374836+00:00 | [804/1600 | 50.25%] PASS | runtime=2.18s | valid=804 | remaining=796 | elapsed=00:05:21 | ETA=calibrating...
2026-09-20T07:08:55.376836+00:00 | [805/1600 | 50.25%] RUN | sample=19400 | QSNN | TEMP-DRIFT-v2-budget-scaled | wallclock_qsnn | eps=10%
2026-09-20T07:08:57.608052+00:00 | [SAMPLE 35/100 | 35.00%] sample_id=19400 COMPLETE
2026-09-20T07:08:57.609052+00:00 | [805/1600 | 50.31%] PASS | runtime=2.23s | valid=805 | remaining=795 | elapsed=00:05:24 | ETA=calibrating...
2026-09-20T07:08:57.612052+00:00 | [805/1600 | 50.31%] VALID-SKIP | sample=23430 | SNN | TEMP-DRIFT-v2-budget-scaled | access_candidates_21 | eps=5%
2026-09-20T07:08:57.614052+00:00 | [805/1600 | 50.31%] VALID-SKIP | sample=23430 | SNN | TEMP-DRIFT-v2-budget-scaled | access_forwards_41 | eps=5%
2026-09-20T07:08:57.614052+00:00 | [805/1600 | 50.31%] VALID-SKIP | sample=23430 | SNN | TEMP-DRIFT-v2-budget-scaled | wallclock_snn | eps=5%
2026-09-20T07:08:57.614052+00:00 | [805/1600 | 50.31%] VALID-SKIP | sample=23430 | SNN | PGD | wallclock_snn | eps=5%
2026-09-20T07:08:57.616052+00:00 | [805/1600 | 50.31%] VALID-SKIP | sample=23430 | SNN | TEMP-DRIFT-v2-budget-scaled | access_candidates_21 | eps=10%
2026-09-20T07:08:57.618051+00:00 | [805/1600 | 50.31%] VALID-SKIP | sample=23430 | SNN | TEMP-DRIFT-v2-budget-scaled | access_forwards_41 | eps=10%
2026-09-20T07:08:57.618051+00:00 | [805/1600 | 50.31%] VALID-SKIP | sample=23430 | SNN | TEMP-DRIFT-v2-budget-scaled | wallclock_snn | eps=10%
2026-09-20T07:08:57.618051+00:00 | [805/1600 | 50.31%] VALID-SKIP | sample=23430 | SNN | PGD | wallclock_snn | eps=10%
2026-09-20T07:08:57.620052+00:00 | [806/1600 | 50.31%] RUN | sample=23430 | QSNN | TEMP-DRIFT-v2-budget-scaled | access_candidates_21 | eps=5%
2026-09-20T07:08:57.832236+00:00 | [806/1600 | 50.38%] PASS | runtime=0.21s | valid=806 | remaining=794 | elapsed=00:05:24 | ETA=calibrating...
2026-09-20T07:08:57.835236+00:00 | [807/1600 | 50.38%] RUN | sample=23430 | QSNN | TEMP-DRIFT-v2-budget-scaled | access_forwards_41 | eps=5%
2026-09-20T07:08:58.050582+00:00 | [807/1600 | 50.44%] PASS | runtime=0.21s | valid=807 | remaining=793 | elapsed=00:05:24 | ETA=calibrating...
2026-09-20T07:08:58.052581+00:00 | PROGRESS | Records 807/1600 (50.44%) | Samples 35/100 (35.00%) | Remaining records 793 | Remaining samples 65 | Elapsed 00:05:24 | ETA: calibrating... | Estimated finish: calibrating...
2026-09-20T07:08:58.053581+00:00 | [808/1600 | 50.44%] RUN | sample=23430 | QSNN | TEMP-DRIFT-v2-budget-scaled | wallclock_qsnn | eps=5%
2026-09-20T07:09:00.210925+00:00 | [808/1600 | 50.50%] PASS | runtime=2.16s | valid=808 | remaining=792 | elapsed=00:05:26 | ETA=calibrating...
2026-09-20T07:09:00.212923+00:00 | [809/1600 | 50.50%] RUN | sample=23430 | QSNN | PGD | wallclock_qsnn | eps=5%
2026-09-20T07:09:02.366559+00:00 | [809/1600 | 50.56%] PASS | runtime=2.15s | valid=809 | remaining=791 | elapsed=00:05:28 | ETA=calibrating...
2026-09-20T07:09:02.370562+00:00 | [810/1600 | 50.56%] RUN | sample=23430 | QSNN | TEMP-DRIFT-v2-budget-scaled | access_candidates_21 | eps=10%
2026-09-20T07:09:02.576853+00:00 | [810/1600 | 50.62%] PASS | runtime=0.20s | valid=810 | remaining=790 | elapsed=00:05:29 | ETA=calibrating...
2026-09-20T07:09:02.579852+00:00 | [811/1600 | 50.62%] RUN | sample=23430 | QSNN | TEMP-DRIFT-v2-budget-scaled | access_forwards_41 | eps=10%
2026-09-20T07:09:02.786610+00:00 | [811/1600 | 50.69%] PASS | runtime=0.21s | valid=811 | remaining=789 | elapsed=00:05:29 | ETA=calibrating...
2026-09-20T07:09:02.787610+00:00 | [812/1600 | 50.69%] RUN | sample=23430 | QSNN | TEMP-DRIFT-v2-budget-scaled | wallclock_qsnn | eps=10%
2026-09-20T07:09:04.929685+00:00 | [812/1600 | 50.75%] PASS | runtime=2.14s | valid=812 | remaining=788 | elapsed=00:05:31 | ETA=calibrating...
2026-09-20T07:09:04.929685+00:00 | [813/1600 | 50.75%] RUN | sample=23430 | QSNN | PGD | wallclock_qsnn | eps=10%
2026-09-20T07:09:07.065563+00:00 | [SAMPLE 36/100 | 36.00%] sample_id=23430 COMPLETE
2026-09-20T07:09:07.066563+00:00 | [813/1600 | 50.81%] PASS | runtime=2.13s | valid=813 | remaining=787 | elapsed=00:05:33 | ETA=calibrating...
2026-09-20T07:09:07.069627+00:00 | [813/1600 | 50.81%] VALID-SKIP | sample=20071 | SNN | TEMP-DRIFT-v2-budget-scaled | access_candidates_21 | eps=5%
2026-09-20T07:09:07.071338+00:00 | [813/1600 | 50.81%] VALID-SKIP | sample=20071 | SNN | TEMP-DRIFT-v2-budget-scaled | access_forwards_41 | eps=5%
2026-09-20T07:09:07.071338+00:00 | [813/1600 | 50.81%] VALID-SKIP | sample=20071 | SNN | PGD | wallclock_snn | eps=5%
2026-09-20T07:09:07.071338+00:00 | [813/1600 | 50.81%] VALID-SKIP | sample=20071 | SNN | TEMP-DRIFT-v2-budget-scaled | wallclock_snn | eps=5%
2026-09-20T07:09:07.073343+00:00 | [813/1600 | 50.81%] VALID-SKIP | sample=20071 | SNN | TEMP-DRIFT-v2-budget-scaled | access_candidates_21 | eps=10%
2026-09-20T07:09:07.074342+00:00 | [813/1600 | 50.81%] VALID-SKIP | sample=20071 | SNN | TEMP-DRIFT-v2-budget-scaled | access_forwards_41 | eps=10%
2026-09-20T07:09:07.074342+00:00 | [813/1600 | 50.81%] VALID-SKIP | sample=20071 | SNN | PGD | wallclock_snn | eps=10%
2026-09-20T07:09:07.074342+00:00 | [813/1600 | 50.81%] VALID-SKIP | sample=20071 | SNN | TEMP-DRIFT-v2-budget-scaled | wallclock_snn | eps=10%
2026-09-20T07:09:07.076342+00:00 | [814/1600 | 50.81%] RUN | sample=20071 | QSNN | TEMP-DRIFT-v2-budget-scaled | access_candidates_21 | eps=5%
2026-09-20T07:09:07.283895+00:00 | [814/1600 | 50.88%] PASS | runtime=0.21s | valid=814 | remaining=786 | elapsed=00:05:33 | ETA=calibrating...
2026-09-20T07:09:07.286895+00:00 | [815/1600 | 50.88%] RUN | sample=20071 | QSNN | TEMP-DRIFT-v2-budget-scaled | access_forwards_41 | eps=5%
2026-09-20T07:09:07.497168+00:00 | [815/1600 | 50.94%] PASS | runtime=0.21s | valid=815 | remaining=785 | elapsed=00:05:34 | ETA=calibrating...
2026-09-20T07:09:07.499168+00:00 | [816/1600 | 50.94%] RUN | sample=20071 | QSNN | PGD | wallclock_qsnn | eps=5%
2026-09-20T07:09:09.636864+00:00 | [816/1600 | 51.00%] PASS | runtime=2.14s | valid=816 | remaining=784 | elapsed=00:05:36 | ETA=calibrating...
2026-09-20T07:09:09.637864+00:00 | [817/1600 | 51.00%] RUN | sample=20071 | QSNN | TEMP-DRIFT-v2-budget-scaled | wallclock_qsnn | eps=5%
2026-09-20T07:09:11.763630+00:00 | [817/1600 | 51.06%] PASS | runtime=2.12s | valid=817 | remaining=783 | elapsed=00:05:38 | ETA=calibrating...
2026-09-20T07:09:11.766666+00:00 | [818/1600 | 51.06%] RUN | sample=20071 | QSNN | TEMP-DRIFT-v2-budget-scaled | access_candidates_21 | eps=10%
2026-09-20T07:09:11.972796+00:00 | [818/1600 | 51.12%] PASS | runtime=0.20s | valid=818 | remaining=782 | elapsed=00:05:38 | ETA=calibrating...
2026-09-20T07:09:11.975795+00:00 | [819/1600 | 51.12%] RUN | sample=20071 | QSNN | TEMP-DRIFT-v2-budget-scaled | access_forwards_41 | eps=10%
2026-09-20T07:09:12.184454+00:00 | [819/1600 | 51.19%] PASS | runtime=0.21s | valid=819 | remaining=781 | elapsed=00:05:38 | ETA=calibrating...
2026-09-20T07:09:12.185454+00:00 | [820/1600 | 51.19%] RUN | sample=20071 | QSNN | PGD | wallclock_qsnn | eps=10%
2026-09-20T07:09:14.323042+00:00 | [820/1600 | 51.25%] PASS | runtime=2.14s | valid=820 | remaining=780 | elapsed=00:05:40 | ETA=calibrating...
2026-09-20T07:09:14.324042+00:00 | [821/1600 | 51.25%] RUN | sample=20071 | QSNN | TEMP-DRIFT-v2-budget-scaled | wallclock_qsnn | eps=10%
2026-09-20T07:09:16.451790+00:00 | [SAMPLE 37/100 | 37.00%] sample_id=20071 COMPLETE
2026-09-20T07:09:16.451790+00:00 | [821/1600 | 51.31%] PASS | runtime=2.13s | valid=821 | remaining=779 | elapsed=00:05:43 | ETA=calibrating...
2026-09-20T07:09:16.455789+00:00 | [821/1600 | 51.31%] VALID-SKIP | sample=22879 | SNN | TEMP-DRIFT-v2-budget-scaled | access_candidates_21 | eps=5%
2026-09-20T07:09:16.456789+00:00 | [821/1600 | 51.31%] VALID-SKIP | sample=22879 | SNN | TEMP-DRIFT-v2-budget-scaled | access_forwards_41 | eps=5%
2026-09-20T07:09:16.456789+00:00 | [822/1600 | 51.31%] RUN | sample=22879 | SNN | TEMP-DRIFT-v2-budget-scaled | wallclock_snn | eps=5%
2026-09-20T07:09:16.760750+00:00 | [822/1600 | 51.38%] PASS | runtime=0.30s | valid=822 | remaining=778 | elapsed=00:05:43 | ETA=calibrating...
2026-09-20T07:09:16.762748+00:00 | [822/1600 | 51.38%] VALID-SKIP | sample=22879 | SNN | PGD | wallclock_snn | eps=5%
2026-09-20T07:09:16.764748+00:00 | [822/1600 | 51.38%] VALID-SKIP | sample=22879 | SNN | TEMP-DRIFT-v2-budget-scaled | access_candidates_21 | eps=10%
2026-09-20T07:09:16.766748+00:00 | [822/1600 | 51.38%] VALID-SKIP | sample=22879 | SNN | TEMP-DRIFT-v2-budget-scaled | access_forwards_41 | eps=10%
2026-09-20T07:09:16.766748+00:00 | [822/1600 | 51.38%] VALID-SKIP | sample=22879 | SNN | TEMP-DRIFT-v2-budget-scaled | wallclock_snn | eps=10%
2026-09-20T07:09:16.766748+00:00 | [822/1600 | 51.38%] VALID-SKIP | sample=22879 | SNN | PGD | wallclock_snn | eps=10%
2026-09-20T07:09:16.767748+00:00 | [823/1600 | 51.38%] RUN | sample=22879 | QSNN | TEMP-DRIFT-v2-budget-scaled | access_candidates_21 | eps=5%
2026-09-20T07:09:16.976056+00:00 | [823/1600 | 51.44%] PASS | runtime=0.21s | valid=823 | remaining=777 | elapsed=00:05:43 | ETA=calibrating...
2026-09-20T07:09:16.979056+00:00 | [824/1600 | 51.44%] RUN | sample=22879 | QSNN | TEMP-DRIFT-v2-budget-scaled | access_forwards_41 | eps=5%
2026-09-20T07:09:17.185710+00:00 | [824/1600 | 51.50%] PASS | runtime=0.21s | valid=824 | remaining=776 | elapsed=00:05:43 | ETA=calibrating...
2026-09-20T07:09:17.186465+00:00 | [825/1600 | 51.50%] RUN | sample=22879 | QSNN | TEMP-DRIFT-v2-budget-scaled | wallclock_qsnn | eps=5%
2026-09-20T07:09:19.132654+00:00 | [825/1600 | 51.56%] PASS | runtime=1.94s | valid=825 | remaining=775 | elapsed=00:05:45 | ETA=calibrating...
2026-09-20T07:09:19.133652+00:00 | [826/1600 | 51.56%] RUN | sample=22879 | QSNN | PGD | wallclock_qsnn | eps=5%
2026-09-20T07:09:21.259565+00:00 | [826/1600 | 51.62%] PASS | runtime=2.12s | valid=826 | remaining=774 | elapsed=00:05:47 | ETA=calibrating...
2026-09-20T07:09:21.262566+00:00 | [827/1600 | 51.62%] RUN | sample=22879 | QSNN | TEMP-DRIFT-v2-budget-scaled | access_candidates_21 | eps=10%
2026-09-20T07:09:21.464670+00:00 | [827/1600 | 51.69%] PASS | runtime=0.20s | valid=827 | remaining=773 | elapsed=00:05:48 | ETA=calibrating...
2026-09-20T07:09:21.466671+00:00 | [828/1600 | 51.69%] RUN | sample=22879 | QSNN | TEMP-DRIFT-v2-budget-scaled | access_forwards_41 | eps=10%
2026-09-20T07:09:21.670800+00:00 | [828/1600 | 51.75%] PASS | runtime=0.20s | valid=828 | remaining=772 | elapsed=00:05:48 | ETA=calibrating...
2026-09-20T07:09:21.671799+00:00 | [829/1600 | 51.75%] RUN | sample=22879 | QSNN | TEMP-DRIFT-v2-budget-scaled | wallclock_qsnn | eps=10%
2026-09-20T07:09:23.610166+00:00 | [829/1600 | 51.81%] PASS | runtime=1.94s | valid=829 | remaining=771 | elapsed=00:05:50 | ETA=calibrating...
2026-09-20T07:09:23.612166+00:00 | [830/1600 | 51.81%] RUN | sample=22879 | QSNN | PGD | wallclock_qsnn | eps=10%
2026-09-20T07:09:25.756556+00:00 | [SAMPLE 38/100 | 38.00%] sample_id=22879 COMPLETE
2026-09-20T07:09:25.757555+00:00 | [830/1600 | 51.88%] PASS | runtime=2.14s | valid=830 | remaining=770 | elapsed=00:05:52 | ETA=calibrating...
2026-09-20T07:09:25.760555+00:00 | [830/1600 | 51.88%] VALID-SKIP | sample=23170 | SNN | TEMP-DRIFT-v2-budget-scaled | access_candidates_21 | eps=5%
2026-09-20T07:09:25.762555+00:00 | [830/1600 | 51.88%] VALID-SKIP | sample=23170 | SNN | TEMP-DRIFT-v2-budget-scaled | access_forwards_41 | eps=5%
2026-09-20T07:09:25.762555+00:00 | [830/1600 | 51.88%] VALID-SKIP | sample=23170 | SNN | PGD | wallclock_snn | eps=5%
2026-09-20T07:09:25.762555+00:00 | [830/1600 | 51.88%] VALID-SKIP | sample=23170 | SNN | TEMP-DRIFT-v2-budget-scaled | wallclock_snn | eps=5%
2026-09-20T07:09:25.763556+00:00 | [830/1600 | 51.88%] VALID-SKIP | sample=23170 | SNN | TEMP-DRIFT-v2-budget-scaled | access_candidates_21 | eps=10%
2026-09-20T07:09:25.765559+00:00 | [830/1600 | 51.88%] VALID-SKIP | sample=23170 | SNN | TEMP-DRIFT-v2-budget-scaled | access_forwards_41 | eps=10%
2026-09-20T07:09:25.765559+00:00 | [830/1600 | 51.88%] VALID-SKIP | sample=23170 | SNN | PGD | wallclock_snn | eps=10%
2026-09-20T07:09:25.765559+00:00 | [830/1600 | 51.88%] VALID-SKIP | sample=23170 | SNN | TEMP-DRIFT-v2-budget-scaled | wallclock_snn | eps=10%
2026-09-20T07:09:25.766559+00:00 | [831/1600 | 51.88%] RUN | sample=23170 | QSNN | TEMP-DRIFT-v2-budget-scaled | access_candidates_21 | eps=5%
2026-09-20T07:09:25.975671+00:00 | [831/1600 | 51.94%] PASS | runtime=0.21s | valid=831 | remaining=769 | elapsed=00:05:52 | ETA=calibrating...
2026-09-20T07:09:25.978670+00:00 | [832/1600 | 51.94%] RUN | sample=23170 | QSNN | TEMP-DRIFT-v2-budget-scaled | access_forwards_41 | eps=5%
2026-09-20T07:09:26.190490+00:00 | [832/1600 | 52.00%] PASS | runtime=0.21s | valid=832 | remaining=768 | elapsed=00:05:52 | ETA=calibrating...
2026-09-20T07:09:26.193021+00:00 | PROGRESS | Records 832/1600 (52.00%) | Samples 38/100 (38.00%) | Remaining records 768 | Remaining samples 62 | Elapsed 00:05:52 | ETA: calibrating... | Estimated finish: calibrating...
2026-09-20T07:09:26.194555+00:00 | [833/1600 | 52.00%] RUN | sample=23170 | QSNN | PGD | wallclock_qsnn | eps=5%
2026-09-20T07:09:28.357887+00:00 | [833/1600 | 52.06%] PASS | runtime=2.16s | valid=833 | remaining=767 | elapsed=00:05:54 | ETA=calibrating...
2026-09-20T07:09:28.358885+00:00 | [834/1600 | 52.06%] RUN | sample=23170 | QSNN | TEMP-DRIFT-v2-budget-scaled | wallclock_qsnn | eps=5%
2026-09-20T07:09:30.538724+00:00 | [834/1600 | 52.12%] PASS | runtime=2.18s | valid=834 | remaining=766 | elapsed=00:05:57 | ETA=calibrating...
2026-09-20T07:09:30.542256+00:00 | [835/1600 | 52.12%] RUN | sample=23170 | QSNN | TEMP-DRIFT-v2-budget-scaled | access_candidates_21 | eps=10%
2026-09-20T07:09:30.764157+00:00 | [835/1600 | 52.19%] PASS | runtime=0.22s | valid=835 | remaining=765 | elapsed=00:05:57 | ETA=calibrating...
2026-09-20T07:09:30.767156+00:00 | [836/1600 | 52.19%] RUN | sample=23170 | QSNN | TEMP-DRIFT-v2-budget-scaled | access_forwards_41 | eps=10%
2026-09-20T07:09:30.981044+00:00 | [836/1600 | 52.25%] PASS | runtime=0.21s | valid=836 | remaining=764 | elapsed=00:05:57 | ETA=calibrating...
2026-09-20T07:09:30.983044+00:00 | [837/1600 | 52.25%] RUN | sample=23170 | QSNN | PGD | wallclock_qsnn | eps=10%
2026-09-20T07:09:33.169140+00:00 | [837/1600 | 52.31%] PASS | runtime=2.18s | valid=837 | remaining=763 | elapsed=00:05:59 | ETA=calibrating...
2026-09-20T07:09:33.170140+00:00 | [838/1600 | 52.31%] RUN | sample=23170 | QSNN | TEMP-DRIFT-v2-budget-scaled | wallclock_qsnn | eps=10%
2026-09-20T07:09:35.334044+00:00 | [SAMPLE 39/100 | 39.00%] sample_id=23170 COMPLETE
2026-09-20T07:09:35.334044+00:00 | [838/1600 | 52.38%] PASS | runtime=2.16s | valid=838 | remaining=762 | elapsed=00:06:01 | ETA=calibrating...
2026-09-20T07:09:35.338043+00:00 | [838/1600 | 52.38%] VALID-SKIP | sample=19366 | SNN | TEMP-DRIFT-v2-budget-scaled | access_candidates_21 | eps=5%
2026-09-20T07:09:35.340045+00:00 | [838/1600 | 52.38%] VALID-SKIP | sample=19366 | SNN | TEMP-DRIFT-v2-budget-scaled | access_forwards_41 | eps=5%
2026-09-20T07:09:35.340045+00:00 | [838/1600 | 52.38%] VALID-SKIP | sample=19366 | SNN | TEMP-DRIFT-v2-budget-scaled | wallclock_snn | eps=5%
2026-09-20T07:09:35.340045+00:00 | [838/1600 | 52.38%] VALID-SKIP | sample=19366 | SNN | PGD | wallclock_snn | eps=5%
2026-09-20T07:09:35.342042+00:00 | [838/1600 | 52.38%] VALID-SKIP | sample=19366 | SNN | TEMP-DRIFT-v2-budget-scaled | access_candidates_21 | eps=10%
2026-09-20T07:09:35.344042+00:00 | [838/1600 | 52.38%] VALID-SKIP | sample=19366 | SNN | TEMP-DRIFT-v2-budget-scaled | access_forwards_41 | eps=10%
2026-09-20T07:09:35.344042+00:00 | [838/1600 | 52.38%] VALID-SKIP | sample=19366 | SNN | TEMP-DRIFT-v2-budget-scaled | wallclock_snn | eps=10%
2026-09-20T07:09:35.344042+00:00 | [838/1600 | 52.38%] VALID-SKIP | sample=19366 | SNN | PGD | wallclock_snn | eps=10%
2026-09-20T07:09:35.346043+00:00 | [839/1600 | 52.38%] RUN | sample=19366 | QSNN | TEMP-DRIFT-v2-budget-scaled | access_candidates_21 | eps=5%
2026-09-20T07:09:35.553294+00:00 | [839/1600 | 52.44%] PASS | runtime=0.21s | valid=839 | remaining=761 | elapsed=00:06:02 | ETA=calibrating...
2026-09-20T07:09:35.556294+00:00 | [840/1600 | 52.44%] RUN | sample=19366 | QSNN | TEMP-DRIFT-v2-budget-scaled | access_forwards_41 | eps=5%
2026-09-20T07:09:35.767801+00:00 | [840/1600 | 52.50%] PASS | runtime=0.21s | valid=840 | remaining=760 | elapsed=00:06:02 | ETA=calibrating...
2026-09-20T07:09:35.769801+00:00 | [841/1600 | 52.50%] RUN | sample=19366 | QSNN | TEMP-DRIFT-v2-budget-scaled | wallclock_qsnn | eps=5%
2026-09-20T07:09:37.812588+00:00 | [841/1600 | 52.56%] PASS | runtime=2.04s | valid=841 | remaining=759 | elapsed=00:06:04 | ETA=calibrating...
2026-09-20T07:09:37.813586+00:00 | [842/1600 | 52.56%] RUN | sample=19366 | QSNN | PGD | wallclock_qsnn | eps=5%
2026-09-20T07:09:39.972477+00:00 | [842/1600 | 52.62%] PASS | runtime=2.16s | valid=842 | remaining=758 | elapsed=00:06:06 | ETA=calibrating...
2026-09-20T07:09:39.977012+00:00 | [843/1600 | 52.62%] RUN | sample=19366 | QSNN | TEMP-DRIFT-v2-budget-scaled | access_candidates_21 | eps=10%
2026-09-20T07:09:40.175188+00:00 | [843/1600 | 52.69%] PASS | runtime=0.20s | valid=843 | remaining=757 | elapsed=00:06:06 | ETA=calibrating...
2026-09-20T07:09:40.179186+00:00 | [844/1600 | 52.69%] RUN | sample=19366 | QSNN | TEMP-DRIFT-v2-budget-scaled | access_forwards_41 | eps=10%
2026-09-20T07:09:40.386087+00:00 | [844/1600 | 52.75%] PASS | runtime=0.21s | valid=844 | remaining=756 | elapsed=00:06:06 | ETA=calibrating...
2026-09-20T07:09:40.387087+00:00 | [845/1600 | 52.75%] RUN | sample=19366 | QSNN | TEMP-DRIFT-v2-budget-scaled | wallclock_qsnn | eps=10%
2026-09-20T07:09:42.418435+00:00 | [845/1600 | 52.81%] PASS | runtime=2.03s | valid=845 | remaining=755 | elapsed=00:06:09 | ETA=calibrating...
2026-09-20T07:09:42.419435+00:00 | [846/1600 | 52.81%] RUN | sample=19366 | QSNN | PGD | wallclock_qsnn | eps=10%
2026-09-20T07:09:44.572708+00:00 | [SAMPLE 40/100 | 40.00%] sample_id=19366 COMPLETE
2026-09-20T07:09:44.572708+00:00 | [846/1600 | 52.88%] PASS | runtime=2.15s | valid=846 | remaining=754 | elapsed=00:06:11 | ETA=calibrating...
2026-09-20T07:09:44.576708+00:00 | [846/1600 | 52.88%] VALID-SKIP | sample=25859 | SNN | TEMP-DRIFT-v2-budget-scaled | access_candidates_21 | eps=5%
2026-09-20T07:09:44.577708+00:00 | [846/1600 | 52.88%] VALID-SKIP | sample=25859 | SNN | TEMP-DRIFT-v2-budget-scaled | access_forwards_41 | eps=5%
2026-09-20T07:09:44.577708+00:00 | [846/1600 | 52.88%] VALID-SKIP | sample=25859 | SNN | PGD | wallclock_snn | eps=5%
2026-09-20T07:09:44.577708+00:00 | [846/1600 | 52.88%] VALID-SKIP | sample=25859 | SNN | TEMP-DRIFT-v2-budget-scaled | wallclock_snn | eps=5%
2026-09-20T07:09:44.579708+00:00 | [846/1600 | 52.88%] VALID-SKIP | sample=25859 | SNN | TEMP-DRIFT-v2-budget-scaled | access_candidates_21 | eps=10%
2026-09-20T07:09:44.580708+00:00 | [846/1600 | 52.88%] VALID-SKIP | sample=25859 | SNN | TEMP-DRIFT-v2-budget-scaled | access_forwards_41 | eps=10%
2026-09-20T07:09:44.580708+00:00 | [847/1600 | 52.88%] RUN | sample=25859 | SNN | PGD | wallclock_snn | eps=10%
2026-09-20T07:09:44.955976+00:00 | [847/1600 | 52.94%] PASS | runtime=0.37s | valid=847 | remaining=753 | elapsed=00:06:11 | ETA=calibrating...
2026-09-20T07:09:44.957976+00:00 | [847/1600 | 52.94%] VALID-SKIP | sample=25859 | SNN | TEMP-DRIFT-v2-budget-scaled | wallclock_snn | eps=10%
2026-09-20T07:09:44.958977+00:00 | [848/1600 | 52.94%] RUN | sample=25859 | QSNN | TEMP-DRIFT-v2-budget-scaled | access_candidates_21 | eps=5%
2026-09-20T07:09:45.165814+00:00 | [848/1600 | 53.00%] PASS | runtime=0.20s | valid=848 | remaining=752 | elapsed=00:06:11 | ETA=calibrating...
2026-09-20T07:09:45.168814+00:00 | [849/1600 | 53.00%] RUN | sample=25859 | QSNN | TEMP-DRIFT-v2-budget-scaled | access_forwards_41 | eps=5%
2026-09-20T07:09:45.378873+00:00 | [849/1600 | 53.06%] PASS | runtime=0.21s | valid=849 | remaining=751 | elapsed=00:06:11 | ETA=calibrating...
2026-09-20T07:09:45.379875+00:00 | [850/1600 | 53.06%] RUN | sample=25859 | QSNN | PGD | wallclock_qsnn | eps=5%
2026-09-20T07:09:47.520570+00:00 | [850/1600 | 53.12%] PASS | runtime=2.14s | valid=850 | remaining=750 | elapsed=00:06:14 | ETA=calibrating...
2026-09-20T07:09:47.521570+00:00 | [851/1600 | 53.12%] RUN | sample=25859 | QSNN | TEMP-DRIFT-v2-budget-scaled | wallclock_qsnn | eps=5%
2026-09-20T07:09:49.687983+00:00 | [851/1600 | 53.19%] PASS | runtime=2.16s | valid=851 | remaining=749 | elapsed=00:06:16 | ETA=calibrating...
2026-09-20T07:09:49.691983+00:00 | [852/1600 | 53.19%] RUN | sample=25859 | QSNN | TEMP-DRIFT-v2-budget-scaled | access_candidates_21 | eps=10%
2026-09-20T07:09:49.902719+00:00 | [852/1600 | 53.25%] PASS | runtime=0.21s | valid=852 | remaining=748 | elapsed=00:06:16 | ETA=calibrating...
2026-09-20T07:09:49.906719+00:00 | [853/1600 | 53.25%] RUN | sample=25859 | QSNN | TEMP-DRIFT-v2-budget-scaled | access_forwards_41 | eps=10%
2026-09-20T07:09:50.121306+00:00 | [853/1600 | 53.31%] PASS | runtime=0.21s | valid=853 | remaining=747 | elapsed=00:06:16 | ETA=calibrating...
2026-09-20T07:09:50.121306+00:00 | [854/1600 | 53.31%] RUN | sample=25859 | QSNN | PGD | wallclock_qsnn | eps=10%
2026-09-20T07:09:52.293462+00:00 | [854/1600 | 53.38%] PASS | runtime=2.17s | valid=854 | remaining=746 | elapsed=00:06:18 | ETA=calibrating...
2026-09-20T07:09:52.294475+00:00 | [855/1600 | 53.38%] RUN | sample=25859 | QSNN | TEMP-DRIFT-v2-budget-scaled | wallclock_qsnn | eps=10%
2026-09-20T07:09:54.454855+00:00 | [SAMPLE 41/100 | 41.00%] sample_id=25859 COMPLETE
2026-09-20T07:09:54.454855+00:00 | [855/1600 | 53.44%] PASS | runtime=2.16s | valid=855 | remaining=745 | elapsed=00:06:21 | ETA=calibrating...
2026-09-20T07:09:54.458855+00:00 | [855/1600 | 53.44%] VALID-SKIP | sample=25605 | SNN | TEMP-DRIFT-v2-budget-scaled | access_candidates_21 | eps=5%
2026-09-20T07:09:54.460855+00:00 | [855/1600 | 53.44%] VALID-SKIP | sample=25605 | SNN | TEMP-DRIFT-v2-budget-scaled | access_forwards_41 | eps=5%
2026-09-20T07:09:54.460855+00:00 | [855/1600 | 53.44%] VALID-SKIP | sample=25605 | SNN | TEMP-DRIFT-v2-budget-scaled | wallclock_snn | eps=5%
2026-09-20T07:09:54.460855+00:00 | [855/1600 | 53.44%] VALID-SKIP | sample=25605 | SNN | PGD | wallclock_snn | eps=5%
2026-09-20T07:09:54.462855+00:00 | [855/1600 | 53.44%] VALID-SKIP | sample=25605 | SNN | TEMP-DRIFT-v2-budget-scaled | access_candidates_21 | eps=10%
2026-09-20T07:09:54.464855+00:00 | [855/1600 | 53.44%] VALID-SKIP | sample=25605 | SNN | TEMP-DRIFT-v2-budget-scaled | access_forwards_41 | eps=10%
2026-09-20T07:09:54.464855+00:00 | [855/1600 | 53.44%] VALID-SKIP | sample=25605 | SNN | TEMP-DRIFT-v2-budget-scaled | wallclock_snn | eps=10%
2026-09-20T07:09:54.464855+00:00 | [855/1600 | 53.44%] VALID-SKIP | sample=25605 | SNN | PGD | wallclock_snn | eps=10%
2026-09-20T07:09:54.466855+00:00 | [856/1600 | 53.44%] RUN | sample=25605 | QSNN | TEMP-DRIFT-v2-budget-scaled | access_candidates_21 | eps=5%
2026-09-20T07:09:54.680899+00:00 | [856/1600 | 53.50%] PASS | runtime=0.21s | valid=856 | remaining=744 | elapsed=00:06:21 | ETA=calibrating...
2026-09-20T07:09:54.683898+00:00 | [857/1600 | 53.50%] RUN | sample=25605 | QSNN | TEMP-DRIFT-v2-budget-scaled | access_forwards_41 | eps=5%
2026-09-20T07:09:54.893766+00:00 | [857/1600 | 53.56%] PASS | runtime=0.21s | valid=857 | remaining=743 | elapsed=00:06:21 | ETA=calibrating...
2026-09-20T07:09:54.896270+00:00 | PROGRESS | Records 857/1600 (53.56%) | Samples 41/100 (41.00%) | Remaining records 743 | Remaining samples 59 | Elapsed 00:06:21 | ETA: calibrating... | Estimated finish: calibrating...
2026-09-20T07:09:54.897800+00:00 | [858/1600 | 53.56%] RUN | sample=25605 | QSNN | TEMP-DRIFT-v2-budget-scaled | wallclock_qsnn | eps=5%
2026-09-20T07:09:57.122865+00:00 | [858/1600 | 53.62%] PASS | runtime=2.22s | valid=858 | remaining=742 | elapsed=00:06:23 | ETA=calibrating...
2026-09-20T07:09:57.124865+00:00 | [859/1600 | 53.62%] RUN | sample=25605 | QSNN | PGD | wallclock_qsnn | eps=5%
2026-09-20T07:09:59.288750+00:00 | [859/1600 | 53.69%] PASS | runtime=2.16s | valid=859 | remaining=741 | elapsed=00:06:25 | ETA=calibrating...
2026-09-20T07:09:59.292750+00:00 | [860/1600 | 53.69%] RUN | sample=25605 | QSNN | TEMP-DRIFT-v2-budget-scaled | access_candidates_21 | eps=10%
2026-09-20T07:09:59.502893+00:00 | [860/1600 | 53.75%] PASS | runtime=0.21s | valid=860 | remaining=740 | elapsed=00:06:26 | ETA=calibrating...
2026-09-20T07:09:59.505893+00:00 | [861/1600 | 53.75%] RUN | sample=25605 | QSNN | TEMP-DRIFT-v2-budget-scaled | access_forwards_41 | eps=10%
2026-09-20T07:09:59.718722+00:00 | [861/1600 | 53.81%] PASS | runtime=0.21s | valid=861 | remaining=739 | elapsed=00:06:26 | ETA=calibrating...
2026-09-20T07:09:59.720722+00:00 | [862/1600 | 53.81%] RUN | sample=25605 | QSNN | TEMP-DRIFT-v2-budget-scaled | wallclock_qsnn | eps=10%
2026-09-20T07:10:01.946842+00:00 | [862/1600 | 53.88%] PASS | runtime=2.22s | valid=862 | remaining=738 | elapsed=00:06:28 | ETA=calibrating...
2026-09-20T07:10:01.947840+00:00 | [863/1600 | 53.88%] RUN | sample=25605 | QSNN | PGD | wallclock_qsnn | eps=10%
2026-09-20T07:10:04.085531+00:00 | [SAMPLE 42/100 | 42.00%] sample_id=25605 COMPLETE
2026-09-20T07:10:04.085531+00:00 | [863/1600 | 53.94%] PASS | runtime=2.14s | valid=863 | remaining=737 | elapsed=00:06:30 | ETA=calibrating...
2026-09-20T07:10:04.088534+00:00 | [863/1600 | 53.94%] VALID-SKIP | sample=26856 | SNN | TEMP-DRIFT-v2-budget-scaled | access_candidates_21 | eps=5%
2026-09-20T07:10:04.090534+00:00 | [863/1600 | 53.94%] VALID-SKIP | sample=26856 | SNN | TEMP-DRIFT-v2-budget-scaled | access_forwards_41 | eps=5%
2026-09-20T07:10:04.090534+00:00 | [863/1600 | 53.94%] VALID-SKIP | sample=26856 | SNN | PGD | wallclock_snn | eps=5%
2026-09-20T07:10:04.090534+00:00 | [863/1600 | 53.94%] VALID-SKIP | sample=26856 | SNN | TEMP-DRIFT-v2-budget-scaled | wallclock_snn | eps=5%
2026-09-20T07:10:04.092534+00:00 | [863/1600 | 53.94%] VALID-SKIP | sample=26856 | SNN | TEMP-DRIFT-v2-budget-scaled | access_candidates_21 | eps=10%
2026-09-20T07:10:04.093534+00:00 | [863/1600 | 53.94%] VALID-SKIP | sample=26856 | SNN | TEMP-DRIFT-v2-budget-scaled | access_forwards_41 | eps=10%
2026-09-20T07:10:04.093534+00:00 | [863/1600 | 53.94%] VALID-SKIP | sample=26856 | SNN | PGD | wallclock_snn | eps=10%
2026-09-20T07:10:04.093534+00:00 | [863/1600 | 53.94%] VALID-SKIP | sample=26856 | SNN | TEMP-DRIFT-v2-budget-scaled | wallclock_snn | eps=10%
2026-09-20T07:10:04.094534+00:00 | [864/1600 | 53.94%] RUN | sample=26856 | QSNN | TEMP-DRIFT-v2-budget-scaled | access_candidates_21 | eps=5%
2026-09-20T07:10:04.301546+00:00 | [864/1600 | 54.00%] PASS | runtime=0.21s | valid=864 | remaining=736 | elapsed=00:06:30 | ETA=calibrating...
2026-09-20T07:10:04.304547+00:00 | [865/1600 | 54.00%] RUN | sample=26856 | QSNN | TEMP-DRIFT-v2-budget-scaled | access_forwards_41 | eps=5%
2026-09-20T07:10:04.508951+00:00 | [865/1600 | 54.06%] PASS | runtime=0.20s | valid=865 | remaining=735 | elapsed=00:06:31 | ETA=calibrating...
2026-09-20T07:10:04.510955+00:00 | [866/1600 | 54.06%] RUN | sample=26856 | QSNN | PGD | wallclock_qsnn | eps=5%
2026-09-20T07:10:06.653809+00:00 | [866/1600 | 54.12%] PASS | runtime=2.14s | valid=866 | remaining=734 | elapsed=00:06:33 | ETA=calibrating...
2026-09-20T07:10:06.654809+00:00 | [867/1600 | 54.12%] RUN | sample=26856 | QSNN | TEMP-DRIFT-v2-budget-scaled | wallclock_qsnn | eps=5%
2026-09-20T07:10:08.607071+00:00 | [867/1600 | 54.19%] PASS | runtime=1.95s | valid=867 | remaining=733 | elapsed=00:06:35 | ETA=calibrating...
2026-09-20T07:10:08.610825+00:00 | [868/1600 | 54.19%] RUN | sample=26856 | QSNN | TEMP-DRIFT-v2-budget-scaled | access_candidates_21 | eps=10%
2026-09-20T07:10:08.821668+00:00 | [868/1600 | 54.25%] PASS | runtime=0.21s | valid=868 | remaining=732 | elapsed=00:06:35 | ETA=calibrating...
2026-09-20T07:10:08.824671+00:00 | [869/1600 | 54.25%] RUN | sample=26856 | QSNN | TEMP-DRIFT-v2-budget-scaled | access_forwards_41 | eps=10%
2026-09-20T07:10:09.029592+00:00 | [869/1600 | 54.31%] PASS | runtime=0.20s | valid=869 | remaining=731 | elapsed=00:06:35 | ETA=calibrating...
2026-09-20T07:10:09.031096+00:00 | [870/1600 | 54.31%] RUN | sample=26856 | QSNN | PGD | wallclock_qsnn | eps=10%
2026-09-20T07:10:11.188007+00:00 | [870/1600 | 54.38%] PASS | runtime=2.16s | valid=870 | remaining=730 | elapsed=00:06:37 | ETA=calibrating...
2026-09-20T07:10:11.190014+00:00 | [871/1600 | 54.38%] RUN | sample=26856 | QSNN | TEMP-DRIFT-v2-budget-scaled | wallclock_qsnn | eps=10%
2026-09-20T07:10:13.141374+00:00 | [SAMPLE 43/100 | 43.00%] sample_id=26856 COMPLETE
2026-09-20T07:10:13.141374+00:00 | [871/1600 | 54.44%] PASS | runtime=1.95s | valid=871 | remaining=729 | elapsed=00:06:39 | ETA=calibrating...
2026-09-20T07:10:13.145383+00:00 | [871/1600 | 54.44%] VALID-SKIP | sample=26556 | SNN | TEMP-DRIFT-v2-budget-scaled | access_candidates_21 | eps=5%
2026-09-20T07:10:13.148383+00:00 | [871/1600 | 54.44%] VALID-SKIP | sample=26556 | SNN | TEMP-DRIFT-v2-budget-scaled | access_forwards_41 | eps=5%
2026-09-20T07:10:13.148383+00:00 | [871/1600 | 54.44%] VALID-SKIP | sample=26556 | SNN | TEMP-DRIFT-v2-budget-scaled | wallclock_snn | eps=5%
2026-09-20T07:10:13.148383+00:00 | [871/1600 | 54.44%] VALID-SKIP | sample=26556 | SNN | PGD | wallclock_snn | eps=5%
2026-09-20T07:10:13.149888+00:00 | [871/1600 | 54.44%] VALID-SKIP | sample=26556 | SNN | TEMP-DRIFT-v2-budget-scaled | access_candidates_21 | eps=10%
2026-09-20T07:10:13.150892+00:00 | [871/1600 | 54.44%] VALID-SKIP | sample=26556 | SNN | TEMP-DRIFT-v2-budget-scaled | access_forwards_41 | eps=10%
2026-09-20T07:10:13.150892+00:00 | [871/1600 | 54.44%] VALID-SKIP | sample=26556 | SNN | TEMP-DRIFT-v2-budget-scaled | wallclock_snn | eps=10%
2026-09-20T07:10:13.150892+00:00 | [871/1600 | 54.44%] VALID-SKIP | sample=26556 | SNN | PGD | wallclock_snn | eps=10%
2026-09-20T07:10:13.153423+00:00 | [872/1600 | 54.44%] RUN | sample=26556 | QSNN | TEMP-DRIFT-v2-budget-scaled | access_candidates_21 | eps=5%
2026-09-20T07:10:13.368590+00:00 | [872/1600 | 54.50%] PASS | runtime=0.21s | valid=872 | remaining=728 | elapsed=00:06:39 | ETA=calibrating...
2026-09-20T07:10:13.371592+00:00 | [873/1600 | 54.50%] RUN | sample=26556 | QSNN | TEMP-DRIFT-v2-budget-scaled | access_forwards_41 | eps=5%
2026-09-20T07:10:13.581157+00:00 | [873/1600 | 54.56%] PASS | runtime=0.21s | valid=873 | remaining=727 | elapsed=00:06:40 | ETA=calibrating...
2026-09-20T07:10:13.583158+00:00 | [874/1600 | 54.56%] RUN | sample=26556 | QSNN | TEMP-DRIFT-v2-budget-scaled | wallclock_qsnn | eps=5%
2026-09-20T07:10:15.740893+00:00 | [874/1600 | 54.62%] PASS | runtime=2.16s | valid=874 | remaining=726 | elapsed=00:06:42 | ETA=calibrating...
2026-09-20T07:10:15.742397+00:00 | [875/1600 | 54.62%] RUN | sample=26556 | QSNN | PGD | wallclock_qsnn | eps=5%
2026-09-20T07:10:17.960739+00:00 | [875/1600 | 54.69%] PASS | runtime=2.22s | valid=875 | remaining=725 | elapsed=00:06:44 | ETA=calibrating...
2026-09-20T07:10:17.963738+00:00 | [876/1600 | 54.69%] RUN | sample=26556 | QSNN | TEMP-DRIFT-v2-budget-scaled | access_candidates_21 | eps=10%
2026-09-20T07:10:18.182143+00:00 | [876/1600 | 54.75%] PASS | runtime=0.22s | valid=876 | remaining=724 | elapsed=00:06:44 | ETA=calibrating...
2026-09-20T07:10:18.186144+00:00 | [877/1600 | 54.75%] RUN | sample=26556 | QSNN | TEMP-DRIFT-v2-budget-scaled | access_forwards_41 | eps=10%
2026-09-20T07:10:18.403285+00:00 | [877/1600 | 54.81%] PASS | runtime=0.22s | valid=877 | remaining=723 | elapsed=00:06:44 | ETA=calibrating...
2026-09-20T07:10:18.405284+00:00 | [878/1600 | 54.81%] RUN | sample=26556 | QSNN | TEMP-DRIFT-v2-budget-scaled | wallclock_qsnn | eps=10%
2026-09-20T07:10:20.662651+00:00 | [878/1600 | 54.88%] PASS | runtime=2.26s | valid=878 | remaining=722 | elapsed=00:06:47 | ETA=calibrating...
2026-09-20T07:10:20.664651+00:00 | [879/1600 | 54.88%] RUN | sample=26556 | QSNN | PGD | wallclock_qsnn | eps=10%
2026-09-20T07:10:22.809662+00:00 | [SAMPLE 44/100 | 44.00%] sample_id=26556 COMPLETE
2026-09-20T07:10:22.810662+00:00 | [879/1600 | 54.94%] PASS | runtime=2.14s | valid=879 | remaining=721 | elapsed=00:06:49 | ETA=calibrating...
2026-09-20T07:10:22.813662+00:00 | [879/1600 | 54.94%] VALID-SKIP | sample=28217 | SNN | TEMP-DRIFT-v2-budget-scaled | access_candidates_21 | eps=5%
2026-09-20T07:10:22.814662+00:00 | [879/1600 | 54.94%] VALID-SKIP | sample=28217 | SNN | TEMP-DRIFT-v2-budget-scaled | access_forwards_41 | eps=5%
2026-09-20T07:10:22.814662+00:00 | [879/1600 | 54.94%] VALID-SKIP | sample=28217 | SNN | PGD | wallclock_snn | eps=5%
2026-09-20T07:10:22.814662+00:00 | [879/1600 | 54.94%] VALID-SKIP | sample=28217 | SNN | TEMP-DRIFT-v2-budget-scaled | wallclock_snn | eps=5%
2026-09-20T07:10:22.816662+00:00 | [879/1600 | 54.94%] VALID-SKIP | sample=28217 | SNN | TEMP-DRIFT-v2-budget-scaled | access_candidates_21 | eps=10%
2026-09-20T07:10:22.818662+00:00 | [879/1600 | 54.94%] VALID-SKIP | sample=28217 | SNN | TEMP-DRIFT-v2-budget-scaled | access_forwards_41 | eps=10%
2026-09-20T07:10:22.818662+00:00 | [879/1600 | 54.94%] VALID-SKIP | sample=28217 | SNN | PGD | wallclock_snn | eps=10%
2026-09-20T07:10:22.818662+00:00 | [879/1600 | 54.94%] VALID-SKIP | sample=28217 | SNN | TEMP-DRIFT-v2-budget-scaled | wallclock_snn | eps=10%
2026-09-20T07:10:22.819662+00:00 | [880/1600 | 54.94%] RUN | sample=28217 | QSNN | TEMP-DRIFT-v2-budget-scaled | access_candidates_21 | eps=5%
2026-09-20T07:10:23.021921+00:00 | [880/1600 | 55.00%] PASS | runtime=0.20s | valid=880 | remaining=720 | elapsed=00:06:49 | ETA=calibrating...
2026-09-20T07:10:23.024922+00:00 | [881/1600 | 55.00%] RUN | sample=28217 | QSNN | TEMP-DRIFT-v2-budget-scaled | access_forwards_41 | eps=5%
2026-09-20T07:10:23.228936+00:00 | [881/1600 | 55.06%] PASS | runtime=0.20s | valid=881 | remaining=719 | elapsed=00:06:49 | ETA=calibrating...
2026-09-20T07:10:23.230937+00:00 | [882/1600 | 55.06%] RUN | sample=28217 | QSNN | PGD | wallclock_qsnn | eps=5%
2026-09-20T07:10:25.404494+00:00 | [882/1600 | 55.12%] PASS | runtime=2.17s | valid=882 | remaining=718 | elapsed=00:06:51 | ETA=calibrating...
2026-09-20T07:10:25.406494+00:00 | PROGRESS | Records 882/1600 (55.12%) | Samples 44/100 (44.00%) | Remaining records 718 | Remaining samples 56 | Elapsed 00:06:51 | ETA: calibrating... | Estimated finish: calibrating...
2026-09-20T07:10:25.407494+00:00 | [883/1600 | 55.12%] RUN | sample=28217 | QSNN | TEMP-DRIFT-v2-budget-scaled | wallclock_qsnn | eps=5%
2026-09-20T07:10:27.533344+00:00 | [883/1600 | 55.19%] PASS | runtime=2.12s | valid=883 | remaining=717 | elapsed=00:06:54 | ETA=calibrating...
2026-09-20T07:10:27.536347+00:00 | [884/1600 | 55.19%] RUN | sample=28217 | QSNN | TEMP-DRIFT-v2-budget-scaled | access_candidates_21 | eps=10%
2026-09-20T07:10:27.761216+00:00 | [884/1600 | 55.25%] PASS | runtime=0.22s | valid=884 | remaining=716 | elapsed=00:06:54 | ETA=calibrating...
2026-09-20T07:10:27.764216+00:00 | [885/1600 | 55.25%] RUN | sample=28217 | QSNN | TEMP-DRIFT-v2-budget-scaled | access_forwards_41 | eps=10%
2026-09-20T07:10:27.978441+00:00 | [885/1600 | 55.31%] PASS | runtime=0.21s | valid=885 | remaining=715 | elapsed=00:06:54 | ETA=calibrating...
2026-09-20T07:10:27.980441+00:00 | [886/1600 | 55.31%] RUN | sample=28217 | QSNN | PGD | wallclock_qsnn | eps=10%
2026-09-20T07:10:29.981117+00:00 | [886/1600 | 55.38%] PASS | runtime=2.00s | valid=886 | remaining=714 | elapsed=00:06:56 | ETA=calibrating...
2026-09-20T07:10:29.982117+00:00 | [887/1600 | 55.38%] RUN | sample=28217 | QSNN | TEMP-DRIFT-v2-budget-scaled | wallclock_qsnn | eps=10%
2026-09-20T07:10:32.168953+00:00 | [SAMPLE 45/100 | 45.00%] sample_id=28217 COMPLETE
2026-09-20T07:10:32.168953+00:00 | [887/1600 | 55.44%] PASS | runtime=2.18s | valid=887 | remaining=713 | elapsed=00:06:58 | ETA=calibrating...
2026-09-20T07:10:32.172953+00:00 | [887/1600 | 55.44%] VALID-SKIP | sample=29757 | SNN | TEMP-DRIFT-v2-budget-scaled | access_candidates_21 | eps=5%
2026-09-20T07:10:32.174953+00:00 | [887/1600 | 55.44%] VALID-SKIP | sample=29757 | SNN | TEMP-DRIFT-v2-budget-scaled | access_forwards_41 | eps=5%
2026-09-20T07:10:32.174953+00:00 | [887/1600 | 55.44%] VALID-SKIP | sample=29757 | SNN | TEMP-DRIFT-v2-budget-scaled | wallclock_snn | eps=5%
2026-09-20T07:10:32.174953+00:00 | [887/1600 | 55.44%] VALID-SKIP | sample=29757 | SNN | PGD | wallclock_snn | eps=5%
2026-09-20T07:10:32.176955+00:00 | [887/1600 | 55.44%] VALID-SKIP | sample=29757 | SNN | TEMP-DRIFT-v2-budget-scaled | access_candidates_21 | eps=10%
2026-09-20T07:10:32.178955+00:00 | [887/1600 | 55.44%] VALID-SKIP | sample=29757 | SNN | TEMP-DRIFT-v2-budget-scaled | access_forwards_41 | eps=10%
2026-09-20T07:10:32.178955+00:00 | [887/1600 | 55.44%] VALID-SKIP | sample=29757 | SNN | TEMP-DRIFT-v2-budget-scaled | wallclock_snn | eps=10%
2026-09-20T07:10:32.178955+00:00 | [887/1600 | 55.44%] VALID-SKIP | sample=29757 | SNN | PGD | wallclock_snn | eps=10%
2026-09-20T07:10:32.180954+00:00 | [888/1600 | 55.44%] RUN | sample=29757 | QSNN | TEMP-DRIFT-v2-budget-scaled | access_candidates_21 | eps=5%
2026-09-20T07:10:32.384777+00:00 | [888/1600 | 55.50%] PASS | runtime=0.20s | valid=888 | remaining=712 | elapsed=00:06:58 | ETA=calibrating...
2026-09-20T07:10:32.387778+00:00 | [889/1600 | 55.50%] RUN | sample=29757 | QSNN | TEMP-DRIFT-v2-budget-scaled | access_forwards_41 | eps=5%
2026-09-20T07:10:32.602090+00:00 | [889/1600 | 55.56%] PASS | runtime=0.21s | valid=889 | remaining=711 | elapsed=00:06:59 | ETA=calibrating...
2026-09-20T07:10:32.603091+00:00 | [890/1600 | 55.56%] RUN | sample=29757 | QSNN | TEMP-DRIFT-v2-budget-scaled | wallclock_qsnn | eps=5%
2026-09-20T07:10:34.578569+00:00 | [890/1600 | 55.62%] PASS | runtime=1.97s | valid=890 | remaining=710 | elapsed=00:07:01 | ETA=calibrating...
2026-09-20T07:10:34.581089+00:00 | [891/1600 | 55.62%] RUN | sample=29757 | QSNN | PGD | wallclock_qsnn | eps=5%
2026-09-20T07:10:36.607204+00:00 | [891/1600 | 55.69%] PASS | runtime=2.03s | valid=891 | remaining=709 | elapsed=00:07:03 | ETA=calibrating...
2026-09-20T07:10:36.610205+00:00 | [892/1600 | 55.69%] RUN | sample=29757 | QSNN | TEMP-DRIFT-v2-budget-scaled | access_candidates_21 | eps=10%
2026-09-20T07:10:36.809420+00:00 | [892/1600 | 55.75%] PASS | runtime=0.20s | valid=892 | remaining=708 | elapsed=00:07:03 | ETA=calibrating...
2026-09-20T07:10:36.812927+00:00 | [893/1600 | 55.75%] RUN | sample=29757 | QSNN | TEMP-DRIFT-v2-budget-scaled | access_forwards_41 | eps=10%
2026-09-20T07:10:37.024013+00:00 | [893/1600 | 55.81%] PASS | runtime=0.21s | valid=893 | remaining=707 | elapsed=00:07:03 | ETA=calibrating...
2026-09-20T07:10:37.025013+00:00 | [894/1600 | 55.81%] RUN | sample=29757 | QSNN | TEMP-DRIFT-v2-budget-scaled | wallclock_qsnn | eps=10%
2026-09-20T07:10:39.037168+00:00 | [894/1600 | 55.88%] PASS | runtime=2.01s | valid=894 | remaining=706 | elapsed=00:07:05 | ETA=calibrating...
2026-09-20T07:10:39.038168+00:00 | [895/1600 | 55.88%] RUN | sample=29757 | QSNN | PGD | wallclock_qsnn | eps=10%
2026-09-20T07:10:41.048913+00:00 | [SAMPLE 46/100 | 46.00%] sample_id=29757 COMPLETE
2026-09-20T07:10:41.049913+00:00 | [895/1600 | 55.94%] PASS | runtime=2.01s | valid=895 | remaining=705 | elapsed=00:07:07 | ETA=calibrating...
2026-09-20T07:10:41.052913+00:00 | [895/1600 | 55.94%] VALID-SKIP | sample=27112 | SNN | TEMP-DRIFT-v2-budget-scaled | access_candidates_21 | eps=5%
2026-09-20T07:10:41.053914+00:00 | [895/1600 | 55.94%] VALID-SKIP | sample=27112 | SNN | TEMP-DRIFT-v2-budget-scaled | access_forwards_41 | eps=5%
2026-09-20T07:10:41.053914+00:00 | [895/1600 | 55.94%] VALID-SKIP | sample=27112 | SNN | PGD | wallclock_snn | eps=5%
2026-09-20T07:10:41.053914+00:00 | [895/1600 | 55.94%] VALID-SKIP | sample=27112 | SNN | TEMP-DRIFT-v2-budget-scaled | wallclock_snn | eps=5%
2026-09-20T07:10:41.055914+00:00 | [895/1600 | 55.94%] VALID-SKIP | sample=27112 | SNN | TEMP-DRIFT-v2-budget-scaled | access_candidates_21 | eps=10%
2026-09-20T07:10:41.056914+00:00 | [895/1600 | 55.94%] VALID-SKIP | sample=27112 | SNN | TEMP-DRIFT-v2-budget-scaled | access_forwards_41 | eps=10%
2026-09-20T07:10:41.057913+00:00 | [895/1600 | 55.94%] VALID-SKIP | sample=27112 | SNN | PGD | wallclock_snn | eps=10%
2026-09-20T07:10:41.057913+00:00 | [895/1600 | 55.94%] VALID-SKIP | sample=27112 | SNN | TEMP-DRIFT-v2-budget-scaled | wallclock_snn | eps=10%
2026-09-20T07:10:41.058914+00:00 | [896/1600 | 55.94%] RUN | sample=27112 | QSNN | TEMP-DRIFT-v2-budget-scaled | access_candidates_21 | eps=5%
2026-09-20T07:10:41.257846+00:00 | [896/1600 | 56.00%] PASS | runtime=0.20s | valid=896 | remaining=704 | elapsed=00:07:07 | ETA=calibrating...
2026-09-20T07:10:41.261625+00:00 | [897/1600 | 56.00%] RUN | sample=27112 | QSNN | TEMP-DRIFT-v2-budget-scaled | access_forwards_41 | eps=5%
2026-09-20T07:10:41.479911+00:00 | [897/1600 | 56.06%] PASS | runtime=0.22s | valid=897 | remaining=703 | elapsed=00:07:08 | ETA=calibrating...
2026-09-20T07:10:41.480910+00:00 | [898/1600 | 56.06%] RUN | sample=27112 | QSNN | PGD | wallclock_qsnn | eps=5%
2026-09-20T07:10:43.380128+00:00 | [898/1600 | 56.12%] PASS | runtime=1.90s | valid=898 | remaining=702 | elapsed=00:07:09 | ETA=calibrating...
2026-09-20T07:10:43.381649+00:00 | [899/1600 | 56.12%] RUN | sample=27112 | QSNN | TEMP-DRIFT-v2-budget-scaled | wallclock_qsnn | eps=5%
2026-09-20T07:10:45.518931+00:00 | [899/1600 | 56.19%] PASS | runtime=2.13s | valid=899 | remaining=701 | elapsed=00:07:12 | ETA=calibrating...
2026-09-20T07:10:45.521931+00:00 | [900/1600 | 56.19%] RUN | sample=27112 | QSNN | TEMP-DRIFT-v2-budget-scaled | access_candidates_21 | eps=10%
2026-09-20T07:10:45.734011+00:00 | [900/1600 | 56.25%] PASS | runtime=0.21s | valid=900 | remaining=700 | elapsed=00:07:12 | ETA=calibrating...
2026-09-20T07:10:45.738010+00:00 | [901/1600 | 56.25%] RUN | sample=27112 | QSNN | TEMP-DRIFT-v2-budget-scaled | access_forwards_41 | eps=10%
2026-09-20T07:10:45.940822+00:00 | [901/1600 | 56.31%] PASS | runtime=0.20s | valid=901 | remaining=699 | elapsed=00:07:12 | ETA=calibrating...
2026-09-20T07:10:45.942822+00:00 | [902/1600 | 56.31%] RUN | sample=27112 | QSNN | PGD | wallclock_qsnn | eps=10%
2026-09-20T07:10:47.873932+00:00 | [902/1600 | 56.38%] PASS | runtime=1.93s | valid=902 | remaining=698 | elapsed=00:07:14 | ETA=calibrating...
2026-09-20T07:10:47.875931+00:00 | [903/1600 | 56.38%] RUN | sample=27112 | QSNN | TEMP-DRIFT-v2-budget-scaled | wallclock_qsnn | eps=10%
2026-09-20T07:10:49.977618+00:00 | [SAMPLE 47/100 | 47.00%] sample_id=27112 COMPLETE
2026-09-20T07:10:49.978618+00:00 | [903/1600 | 56.44%] PASS | runtime=2.10s | valid=903 | remaining=697 | elapsed=00:07:16 | ETA=calibrating...
2026-09-20T07:10:49.981618+00:00 | [903/1600 | 56.44%] VALID-SKIP | sample=28768 | SNN | TEMP-DRIFT-v2-budget-scaled | access_candidates_21 | eps=5%
2026-09-20T07:10:49.983618+00:00 | [903/1600 | 56.44%] VALID-SKIP | sample=28768 | SNN | TEMP-DRIFT-v2-budget-scaled | access_forwards_41 | eps=5%
2026-09-20T07:10:49.983618+00:00 | [903/1600 | 56.44%] VALID-SKIP | sample=28768 | SNN | TEMP-DRIFT-v2-budget-scaled | wallclock_snn | eps=5%
2026-09-20T07:10:49.983618+00:00 | [903/1600 | 56.44%] VALID-SKIP | sample=28768 | SNN | PGD | wallclock_snn | eps=5%
2026-09-20T07:10:49.985618+00:00 | [903/1600 | 56.44%] VALID-SKIP | sample=28768 | SNN | TEMP-DRIFT-v2-budget-scaled | access_candidates_21 | eps=10%
2026-09-20T07:10:49.986618+00:00 | [903/1600 | 56.44%] VALID-SKIP | sample=28768 | SNN | TEMP-DRIFT-v2-budget-scaled | access_forwards_41 | eps=10%
2026-09-20T07:10:49.986618+00:00 | [903/1600 | 56.44%] VALID-SKIP | sample=28768 | SNN | TEMP-DRIFT-v2-budget-scaled | wallclock_snn | eps=10%
2026-09-20T07:10:49.986618+00:00 | [903/1600 | 56.44%] VALID-SKIP | sample=28768 | SNN | PGD | wallclock_snn | eps=10%
2026-09-20T07:10:49.988618+00:00 | [904/1600 | 56.44%] RUN | sample=28768 | QSNN | TEMP-DRIFT-v2-budget-scaled | access_candidates_21 | eps=5%
2026-09-20T07:10:50.192962+00:00 | [904/1600 | 56.50%] PASS | runtime=0.20s | valid=904 | remaining=696 | elapsed=00:07:16 | ETA=calibrating...
2026-09-20T07:10:50.195963+00:00 | [905/1600 | 56.50%] RUN | sample=28768 | QSNN | TEMP-DRIFT-v2-budget-scaled | access_forwards_41 | eps=5%
2026-09-20T07:10:50.394339+00:00 | [905/1600 | 56.56%] PASS | runtime=0.20s | valid=905 | remaining=695 | elapsed=00:07:16 | ETA=calibrating...
2026-09-20T07:10:50.396339+00:00 | [906/1600 | 56.56%] RUN | sample=28768 | QSNN | TEMP-DRIFT-v2-budget-scaled | wallclock_qsnn | eps=5%
2026-09-20T07:10:52.335309+00:00 | [906/1600 | 56.62%] PASS | runtime=1.94s | valid=906 | remaining=694 | elapsed=00:07:18 | ETA=calibrating...
2026-09-20T07:10:52.337311+00:00 | [907/1600 | 56.62%] RUN | sample=28768 | QSNN | PGD | wallclock_qsnn | eps=5%
2026-09-20T07:10:54.243075+00:00 | [907/1600 | 56.69%] PASS | runtime=1.90s | valid=907 | remaining=693 | elapsed=00:07:20 | ETA=calibrating...
2026-09-20T07:10:54.246075+00:00 | PROGRESS | Records 907/1600 (56.69%) | Samples 47/100 (47.00%) | Remaining records 693 | Remaining samples 53 | Elapsed 00:07:20 | ETA: calibrating... | Estimated finish: calibrating...
2026-09-20T07:10:54.249074+00:00 | [908/1600 | 56.69%] RUN | sample=28768 | QSNN | TEMP-DRIFT-v2-budget-scaled | access_candidates_21 | eps=10%
2026-09-20T07:10:54.442357+00:00 | [908/1600 | 56.75%] PASS | runtime=0.19s | valid=908 | remaining=692 | elapsed=00:07:21 | ETA=calibrating...
2026-09-20T07:10:54.446357+00:00 | [909/1600 | 56.75%] RUN | sample=28768 | QSNN | TEMP-DRIFT-v2-budget-scaled | access_forwards_41 | eps=10%
2026-09-20T07:10:54.654040+00:00 | [909/1600 | 56.81%] PASS | runtime=0.21s | valid=909 | remaining=691 | elapsed=00:07:21 | ETA=calibrating...
2026-09-20T07:10:54.656040+00:00 | [910/1600 | 56.81%] RUN | sample=28768 | QSNN | TEMP-DRIFT-v2-budget-scaled | wallclock_qsnn | eps=10%
2026-09-20T07:10:56.585110+00:00 | [910/1600 | 56.88%] PASS | runtime=1.93s | valid=910 | remaining=690 | elapsed=00:07:23 | ETA=calibrating...
2026-09-20T07:10:56.586110+00:00 | [911/1600 | 56.88%] RUN | sample=28768 | QSNN | PGD | wallclock_qsnn | eps=10%
2026-09-20T07:10:58.627647+00:00 | [SAMPLE 48/100 | 48.00%] sample_id=28768 COMPLETE
2026-09-20T07:10:58.628647+00:00 | [911/1600 | 56.94%] PASS | runtime=2.04s | valid=911 | remaining=689 | elapsed=00:07:25 | ETA=calibrating...
2026-09-20T07:10:58.631646+00:00 | [911/1600 | 56.94%] VALID-SKIP | sample=25288 | SNN | TEMP-DRIFT-v2-budget-scaled | access_candidates_21 | eps=5%
2026-09-20T07:10:58.632646+00:00 | [911/1600 | 56.94%] VALID-SKIP | sample=25288 | SNN | TEMP-DRIFT-v2-budget-scaled | access_forwards_41 | eps=5%
2026-09-20T07:10:58.632646+00:00 | [911/1600 | 56.94%] VALID-SKIP | sample=25288 | SNN | PGD | wallclock_snn | eps=5%
2026-09-20T07:10:58.632646+00:00 | [911/1600 | 56.94%] VALID-SKIP | sample=25288 | SNN | TEMP-DRIFT-v2-budget-scaled | wallclock_snn | eps=5%
2026-09-20T07:10:58.634648+00:00 | [911/1600 | 56.94%] VALID-SKIP | sample=25288 | SNN | TEMP-DRIFT-v2-budget-scaled | access_candidates_21 | eps=10%
2026-09-20T07:10:58.636646+00:00 | [911/1600 | 56.94%] VALID-SKIP | sample=25288 | SNN | TEMP-DRIFT-v2-budget-scaled | access_forwards_41 | eps=10%
2026-09-20T07:10:58.636646+00:00 | [911/1600 | 56.94%] VALID-SKIP | sample=25288 | SNN | PGD | wallclock_snn | eps=10%
2026-09-20T07:10:58.636646+00:00 | [911/1600 | 56.94%] VALID-SKIP | sample=25288 | SNN | TEMP-DRIFT-v2-budget-scaled | wallclock_snn | eps=10%
2026-09-20T07:10:58.637646+00:00 | [912/1600 | 56.94%] RUN | sample=25288 | QSNN | TEMP-DRIFT-v2-budget-scaled | access_candidates_21 | eps=5%
2026-09-20T07:10:58.836305+00:00 | [912/1600 | 57.00%] PASS | runtime=0.20s | valid=912 | remaining=688 | elapsed=00:07:25 | ETA=calibrating...
2026-09-20T07:10:58.839305+00:00 | [913/1600 | 57.00%] RUN | sample=25288 | QSNN | TEMP-DRIFT-v2-budget-scaled | access_forwards_41 | eps=5%
2026-09-20T07:10:59.041429+00:00 | [913/1600 | 57.06%] PASS | runtime=0.20s | valid=913 | remaining=687 | elapsed=00:07:25 | ETA=calibrating...
2026-09-20T07:10:59.042429+00:00 | [914/1600 | 57.06%] RUN | sample=25288 | QSNN | PGD | wallclock_qsnn | eps=5%
2026-09-20T07:11:00.923461+00:00 | [914/1600 | 57.12%] PASS | runtime=1.88s | valid=914 | remaining=686 | elapsed=00:07:27 | ETA=calibrating...
2026-09-20T07:11:00.924458+00:00 | [915/1600 | 57.12%] RUN | sample=25288 | QSNN | TEMP-DRIFT-v2-budget-scaled | wallclock_qsnn | eps=5%
2026-09-20T07:11:03.052050+00:00 | [915/1600 | 57.19%] PASS | runtime=2.13s | valid=915 | remaining=685 | elapsed=00:07:29 | ETA=calibrating...
2026-09-20T07:11:03.055047+00:00 | [916/1600 | 57.19%] RUN | sample=25288 | QSNN | TEMP-DRIFT-v2-budget-scaled | access_candidates_21 | eps=10%
2026-09-20T07:11:03.257398+00:00 | [916/1600 | 57.25%] PASS | runtime=0.20s | valid=916 | remaining=684 | elapsed=00:07:29 | ETA=calibrating...
2026-09-20T07:11:03.260396+00:00 | [917/1600 | 57.25%] RUN | sample=25288 | QSNN | TEMP-DRIFT-v2-budget-scaled | access_forwards_41 | eps=10%
2026-09-20T07:11:03.475578+00:00 | [917/1600 | 57.31%] PASS | runtime=0.21s | valid=917 | remaining=683 | elapsed=00:07:30 | ETA=calibrating...
2026-09-20T07:11:03.477577+00:00 | [918/1600 | 57.31%] RUN | sample=25288 | QSNN | PGD | wallclock_qsnn | eps=10%
2026-09-20T07:11:05.363219+00:00 | [918/1600 | 57.38%] PASS | runtime=1.88s | valid=918 | remaining=682 | elapsed=00:07:31 | ETA=calibrating...
2026-09-20T07:11:05.364219+00:00 | [919/1600 | 57.38%] RUN | sample=25288 | QSNN | TEMP-DRIFT-v2-budget-scaled | wallclock_qsnn | eps=10%
2026-09-20T07:11:07.491530+00:00 | [SAMPLE 49/100 | 49.00%] sample_id=25288 COMPLETE
2026-09-20T07:11:07.492530+00:00 | [919/1600 | 57.44%] PASS | runtime=2.13s | valid=919 | remaining=681 | elapsed=00:07:34 | ETA=calibrating...
2026-09-20T07:11:07.495533+00:00 | [919/1600 | 57.44%] VALID-SKIP | sample=29219 | SNN | TEMP-DRIFT-v2-budget-scaled | access_candidates_21 | eps=5%
2026-09-20T07:11:07.498535+00:00 | [919/1600 | 57.44%] VALID-SKIP | sample=29219 | SNN | TEMP-DRIFT-v2-budget-scaled | access_forwards_41 | eps=5%
2026-09-20T07:11:07.498535+00:00 | [919/1600 | 57.44%] VALID-SKIP | sample=29219 | SNN | TEMP-DRIFT-v2-budget-scaled | wallclock_snn | eps=5%
2026-09-20T07:11:07.498535+00:00 | [919/1600 | 57.44%] VALID-SKIP | sample=29219 | SNN | PGD | wallclock_snn | eps=5%
2026-09-20T07:11:07.499535+00:00 | [919/1600 | 57.44%] VALID-SKIP | sample=29219 | SNN | TEMP-DRIFT-v2-budget-scaled | access_candidates_21 | eps=10%
2026-09-20T07:11:07.501537+00:00 | [919/1600 | 57.44%] VALID-SKIP | sample=29219 | SNN | TEMP-DRIFT-v2-budget-scaled | access_forwards_41 | eps=10%
2026-09-20T07:11:07.501537+00:00 | [919/1600 | 57.44%] VALID-SKIP | sample=29219 | SNN | TEMP-DRIFT-v2-budget-scaled | wallclock_snn | eps=10%
2026-09-20T07:11:07.501537+00:00 | [919/1600 | 57.44%] VALID-SKIP | sample=29219 | SNN | PGD | wallclock_snn | eps=10%
2026-09-20T07:11:07.503542+00:00 | [920/1600 | 57.44%] RUN | sample=29219 | QSNN | TEMP-DRIFT-v2-budget-scaled | access_candidates_21 | eps=5%
2026-09-20T07:11:07.707921+00:00 | [920/1600 | 57.50%] PASS | runtime=0.20s | valid=920 | remaining=680 | elapsed=00:07:34 | ETA=calibrating...
2026-09-20T07:11:07.710923+00:00 | [921/1600 | 57.50%] RUN | sample=29219 | QSNN | TEMP-DRIFT-v2-budget-scaled | access_forwards_41 | eps=5%
2026-09-20T07:11:07.914040+00:00 | [921/1600 | 57.56%] PASS | runtime=0.20s | valid=921 | remaining=679 | elapsed=00:07:34 | ETA=calibrating...
2026-09-20T07:11:07.915040+00:00 | [922/1600 | 57.56%] RUN | sample=29219 | QSNN | TEMP-DRIFT-v2-budget-scaled | wallclock_qsnn | eps=5%
2026-09-20T07:11:09.961572+00:00 | [922/1600 | 57.62%] PASS | runtime=2.05s | valid=922 | remaining=678 | elapsed=00:07:36 | ETA=calibrating...
2026-09-20T07:11:09.962572+00:00 | [923/1600 | 57.62%] RUN | sample=29219 | QSNN | PGD | wallclock_qsnn | eps=5%
2026-09-20T07:11:11.906015+00:00 | [923/1600 | 57.69%] PASS | runtime=1.94s | valid=923 | remaining=677 | elapsed=00:07:38 | ETA=calibrating...
2026-09-20T07:11:11.909016+00:00 | [924/1600 | 57.69%] RUN | sample=29219 | QSNN | TEMP-DRIFT-v2-budget-scaled | access_candidates_21 | eps=10%
2026-09-20T07:11:12.106282+00:00 | [924/1600 | 57.75%] PASS | runtime=0.20s | valid=924 | remaining=676 | elapsed=00:07:38 | ETA=calibrating...
2026-09-20T07:11:12.110282+00:00 | [925/1600 | 57.75%] RUN | sample=29219 | QSNN | TEMP-DRIFT-v2-budget-scaled | access_forwards_41 | eps=10%
2026-09-20T07:11:12.307471+00:00 | [925/1600 | 57.81%] PASS | runtime=0.20s | valid=925 | remaining=675 | elapsed=00:07:38 | ETA=calibrating...
2026-09-20T07:11:12.308471+00:00 | [926/1600 | 57.81%] RUN | sample=29219 | QSNN | TEMP-DRIFT-v2-budget-scaled | wallclock_qsnn | eps=10%
2026-09-20T07:11:14.326451+00:00 | [926/1600 | 57.88%] PASS | runtime=2.02s | valid=926 | remaining=674 | elapsed=00:07:40 | ETA=calibrating...
2026-09-20T07:11:14.327451+00:00 | [927/1600 | 57.88%] RUN | sample=29219 | QSNN | PGD | wallclock_qsnn | eps=10%
2026-09-20T07:11:16.283625+00:00 | [SAMPLE 50/100 | 50.00%] sample_id=29219 COMPLETE
2026-09-20T07:11:16.283625+00:00 | [927/1600 | 57.94%] PASS | runtime=1.95s | valid=927 | remaining=673 | elapsed=00:07:42 | ETA=calibrating...
2026-09-20T07:11:16.286630+00:00 | [927/1600 | 57.94%] VALID-SKIP | sample=31984 | SNN | TEMP-DRIFT-v2-budget-scaled | access_candidates_21 | eps=5%
2026-09-20T07:11:16.288634+00:00 | [927/1600 | 57.94%] VALID-SKIP | sample=31984 | SNN | TEMP-DRIFT-v2-budget-scaled | access_forwards_41 | eps=5%
2026-09-20T07:11:16.288634+00:00 | [927/1600 | 57.94%] VALID-SKIP | sample=31984 | SNN | PGD | wallclock_snn | eps=5%
2026-09-20T07:11:16.288634+00:00 | [927/1600 | 57.94%] VALID-SKIP | sample=31984 | SNN | TEMP-DRIFT-v2-budget-scaled | wallclock_snn | eps=5%
2026-09-20T07:11:16.290638+00:00 | [927/1600 | 57.94%] VALID-SKIP | sample=31984 | SNN | TEMP-DRIFT-v2-budget-scaled | access_candidates_21 | eps=10%
2026-09-20T07:11:16.291638+00:00 | [927/1600 | 57.94%] VALID-SKIP | sample=31984 | SNN | TEMP-DRIFT-v2-budget-scaled | access_forwards_41 | eps=10%
2026-09-20T07:11:16.291638+00:00 | [928/1600 | 57.94%] RUN | sample=31984 | SNN | PGD | wallclock_snn | eps=10%
2026-09-20T07:11:16.653634+00:00 | [928/1600 | 58.00%] PASS | runtime=0.36s | valid=928 | remaining=672 | elapsed=00:07:43 | ETA=calibrating...
2026-09-20T07:11:16.654634+00:00 | [928/1600 | 58.00%] VALID-SKIP | sample=31984 | SNN | TEMP-DRIFT-v2-budget-scaled | wallclock_snn | eps=10%
2026-09-20T07:11:16.656634+00:00 | [929/1600 | 58.00%] RUN | sample=31984 | QSNN | TEMP-DRIFT-v2-budget-scaled | access_candidates_21 | eps=5%
2026-09-20T07:11:16.853813+00:00 | [929/1600 | 58.06%] PASS | runtime=0.20s | valid=929 | remaining=671 | elapsed=00:07:43 | ETA=calibrating...
2026-09-20T07:11:16.857813+00:00 | [930/1600 | 58.06%] RUN | sample=31984 | QSNN | TEMP-DRIFT-v2-budget-scaled | access_forwards_41 | eps=5%
2026-09-20T07:11:17.067424+00:00 | [930/1600 | 58.12%] PASS | runtime=0.21s | valid=930 | remaining=670 | elapsed=00:07:43 | ETA=calibrating...
2026-09-20T07:11:17.068424+00:00 | [931/1600 | 58.12%] RUN | sample=31984 | QSNN | PGD | wallclock_qsnn | eps=5%
2026-09-20T07:11:19.055465+00:00 | [931/1600 | 58.19%] PASS | runtime=1.98s | valid=931 | remaining=669 | elapsed=00:07:45 | ETA=calibrating...
2026-09-20T07:11:19.057465+00:00 | [932/1600 | 58.19%] RUN | sample=31984 | QSNN | TEMP-DRIFT-v2-budget-scaled | wallclock_qsnn | eps=5%
2026-09-20T07:11:21.228618+00:00 | [932/1600 | 58.25%] PASS | runtime=2.17s | valid=932 | remaining=668 | elapsed=00:07:47 | ETA=calibrating...
2026-09-20T07:11:21.231618+00:00 | PROGRESS | Records 932/1600 (58.25%) | Samples 50/100 (50.00%) | Remaining records 668 | Remaining samples 50 | Elapsed 00:07:47 | ETA: calibrating... | Estimated finish: calibrating...
2026-09-20T07:11:21.234123+00:00 | [933/1600 | 58.25%] RUN | sample=31984 | QSNN | TEMP-DRIFT-v2-budget-scaled | access_candidates_21 | eps=10%
2026-09-20T07:11:21.448164+00:00 | [933/1600 | 58.31%] PASS | runtime=0.21s | valid=933 | remaining=667 | elapsed=00:07:48 | ETA=calibrating...
2026-09-20T07:11:21.452165+00:00 | [934/1600 | 58.31%] RUN | sample=31984 | QSNN | TEMP-DRIFT-v2-budget-scaled | access_forwards_41 | eps=10%
2026-09-20T07:11:21.669982+00:00 | [934/1600 | 58.38%] PASS | runtime=0.22s | valid=934 | remaining=666 | elapsed=00:07:48 | ETA=calibrating...
2026-09-20T07:11:21.670982+00:00 | [935/1600 | 58.38%] RUN | sample=31984 | QSNN | PGD | wallclock_qsnn | eps=10%
2026-09-20T07:11:23.630496+00:00 | [935/1600 | 58.44%] PASS | runtime=1.96s | valid=935 | remaining=665 | elapsed=00:07:50 | ETA=calibrating...
2026-09-20T07:11:23.631496+00:00 | [936/1600 | 58.44%] RUN | sample=31984 | QSNN | TEMP-DRIFT-v2-budget-scaled | wallclock_qsnn | eps=10%
2026-09-20T07:11:25.858897+00:00 | [SAMPLE 51/100 | 51.00%] sample_id=31984 COMPLETE
2026-09-20T07:11:25.859898+00:00 | [936/1600 | 58.50%] PASS | runtime=2.23s | valid=936 | remaining=664 | elapsed=00:07:52 | ETA=calibrating...
2026-09-20T07:11:25.862897+00:00 | [936/1600 | 58.50%] VALID-SKIP | sample=33756 | SNN | TEMP-DRIFT-v2-budget-scaled | access_candidates_21 | eps=5%
2026-09-20T07:11:25.864897+00:00 | [936/1600 | 58.50%] VALID-SKIP | sample=33756 | SNN | TEMP-DRIFT-v2-budget-scaled | access_forwards_41 | eps=5%
2026-09-20T07:11:25.864897+00:00 | [936/1600 | 58.50%] VALID-SKIP | sample=33756 | SNN | TEMP-DRIFT-v2-budget-scaled | wallclock_snn | eps=5%
2026-09-20T07:11:25.864897+00:00 | [936/1600 | 58.50%] VALID-SKIP | sample=33756 | SNN | PGD | wallclock_snn | eps=5%
2026-09-20T07:11:25.866897+00:00 | [936/1600 | 58.50%] VALID-SKIP | sample=33756 | SNN | TEMP-DRIFT-v2-budget-scaled | access_candidates_21 | eps=10%
2026-09-20T07:11:25.867897+00:00 | [936/1600 | 58.50%] VALID-SKIP | sample=33756 | SNN | TEMP-DRIFT-v2-budget-scaled | access_forwards_41 | eps=10%
2026-09-20T07:11:25.867897+00:00 | [936/1600 | 58.50%] VALID-SKIP | sample=33756 | SNN | TEMP-DRIFT-v2-budget-scaled | wallclock_snn | eps=10%
2026-09-20T07:11:25.868897+00:00 | [936/1600 | 58.50%] VALID-SKIP | sample=33756 | SNN | PGD | wallclock_snn | eps=10%
2026-09-20T07:11:25.869897+00:00 | [937/1600 | 58.50%] RUN | sample=33756 | QSNN | TEMP-DRIFT-v2-budget-scaled | access_candidates_21 | eps=5%
2026-09-20T07:11:26.091189+00:00 | [937/1600 | 58.56%] PASS | runtime=0.22s | valid=937 | remaining=663 | elapsed=00:07:52 | ETA=calibrating...
2026-09-20T07:11:26.095190+00:00 | [938/1600 | 58.56%] RUN | sample=33756 | QSNN | TEMP-DRIFT-v2-budget-scaled | access_forwards_41 | eps=5%
2026-09-20T07:11:26.315753+00:00 | [938/1600 | 58.62%] PASS | runtime=0.22s | valid=938 | remaining=662 | elapsed=00:07:52 | ETA=calibrating...
2026-09-20T07:11:26.317538+00:00 | [939/1600 | 58.62%] RUN | sample=33756 | QSNN | TEMP-DRIFT-v2-budget-scaled | wallclock_qsnn | eps=5%
2026-09-20T07:11:28.419050+00:00 | [939/1600 | 58.69%] PASS | runtime=2.10s | valid=939 | remaining=661 | elapsed=00:07:55 | ETA=calibrating...
2026-09-20T07:11:28.420661+00:00 | [940/1600 | 58.69%] RUN | sample=33756 | QSNN | PGD | wallclock_qsnn | eps=5%
2026-09-20T07:11:30.456788+00:00 | [940/1600 | 58.75%] PASS | runtime=2.03s | valid=940 | remaining=660 | elapsed=00:07:57 | ETA=calibrating...
2026-09-20T07:11:30.459786+00:00 | [941/1600 | 58.75%] RUN | sample=33756 | QSNN | TEMP-DRIFT-v2-budget-scaled | access_candidates_21 | eps=10%
2026-09-20T07:11:30.667911+00:00 | [941/1600 | 58.81%] PASS | runtime=0.21s | valid=941 | remaining=659 | elapsed=00:07:57 | ETA=calibrating...
2026-09-20T07:11:30.670911+00:00 | [942/1600 | 58.81%] RUN | sample=33756 | QSNN | TEMP-DRIFT-v2-budget-scaled | access_forwards_41 | eps=10%
2026-09-20T07:11:30.883754+00:00 | [942/1600 | 58.88%] PASS | runtime=0.21s | valid=942 | remaining=658 | elapsed=00:07:57 | ETA=calibrating...
2026-09-20T07:11:30.884754+00:00 | [943/1600 | 58.88%] RUN | sample=33756 | QSNN | TEMP-DRIFT-v2-budget-scaled | wallclock_qsnn | eps=10%
2026-09-20T07:11:33.016610+00:00 | [943/1600 | 58.94%] PASS | runtime=2.13s | valid=943 | remaining=657 | elapsed=00:07:59 | ETA=calibrating...
2026-09-20T07:11:33.017610+00:00 | [944/1600 | 58.94%] RUN | sample=33756 | QSNN | PGD | wallclock_qsnn | eps=10%
2026-09-20T07:11:34.989303+00:00 | [SAMPLE 52/100 | 52.00%] sample_id=33756 COMPLETE
2026-09-20T07:11:34.989303+00:00 | [944/1600 | 59.00%] PASS | runtime=1.97s | valid=944 | remaining=656 | elapsed=00:08:01 | ETA=calibrating...
2026-09-20T07:11:34.993302+00:00 | [944/1600 | 59.00%] VALID-SKIP | sample=30696 | SNN | TEMP-DRIFT-v2-budget-scaled | access_candidates_21 | eps=5%
2026-09-20T07:11:34.994302+00:00 | [944/1600 | 59.00%] VALID-SKIP | sample=30696 | SNN | TEMP-DRIFT-v2-budget-scaled | access_forwards_41 | eps=5%
2026-09-20T07:11:34.994302+00:00 | [944/1600 | 59.00%] VALID-SKIP | sample=30696 | SNN | PGD | wallclock_snn | eps=5%
2026-09-20T07:11:34.994302+00:00 | [944/1600 | 59.00%] VALID-SKIP | sample=30696 | SNN | TEMP-DRIFT-v2-budget-scaled | wallclock_snn | eps=5%
2026-09-20T07:11:34.996302+00:00 | [944/1600 | 59.00%] VALID-SKIP | sample=30696 | SNN | TEMP-DRIFT-v2-budget-scaled | access_candidates_21 | eps=10%
2026-09-20T07:11:34.998302+00:00 | [944/1600 | 59.00%] VALID-SKIP | sample=30696 | SNN | TEMP-DRIFT-v2-budget-scaled | access_forwards_41 | eps=10%
2026-09-20T07:11:34.998302+00:00 | [944/1600 | 59.00%] VALID-SKIP | sample=30696 | SNN | PGD | wallclock_snn | eps=10%
2026-09-20T07:11:34.998302+00:00 | [944/1600 | 59.00%] VALID-SKIP | sample=30696 | SNN | TEMP-DRIFT-v2-budget-scaled | wallclock_snn | eps=10%
2026-09-20T07:11:34.999302+00:00 | [945/1600 | 59.00%] RUN | sample=30696 | QSNN | TEMP-DRIFT-v2-budget-scaled | access_candidates_21 | eps=5%
2026-09-20T07:11:35.198370+00:00 | [945/1600 | 59.06%] PASS | runtime=0.20s | valid=945 | remaining=655 | elapsed=00:08:01 | ETA=calibrating...
2026-09-20T07:11:35.201370+00:00 | [946/1600 | 59.06%] RUN | sample=30696 | QSNN | TEMP-DRIFT-v2-budget-scaled | access_forwards_41 | eps=5%
2026-09-20T07:11:35.410095+00:00 | [946/1600 | 59.12%] PASS | runtime=0.21s | valid=946 | remaining=654 | elapsed=00:08:01 | ETA=calibrating...
2026-09-20T07:11:35.412093+00:00 | [947/1600 | 59.12%] RUN | sample=30696 | QSNN | PGD | wallclock_qsnn | eps=5%
2026-09-20T07:11:37.390287+00:00 | [947/1600 | 59.19%] PASS | runtime=1.98s | valid=947 | remaining=653 | elapsed=00:08:03 | ETA=calibrating...
2026-09-20T07:11:37.391286+00:00 | [948/1600 | 59.19%] RUN | sample=30696 | QSNN | TEMP-DRIFT-v2-budget-scaled | wallclock_qsnn | eps=5%
2026-09-20T07:11:39.470855+00:00 | [948/1600 | 59.25%] PASS | runtime=2.08s | valid=948 | remaining=652 | elapsed=00:08:06 | ETA=calibrating...
2026-09-20T07:11:39.473855+00:00 | [949/1600 | 59.25%] RUN | sample=30696 | QSNN | TEMP-DRIFT-v2-budget-scaled | access_candidates_21 | eps=10%
2026-09-20T07:11:39.684790+00:00 | [949/1600 | 59.31%] PASS | runtime=0.21s | valid=949 | remaining=651 | elapsed=00:08:06 | ETA=calibrating...
2026-09-20T07:11:39.687787+00:00 | [950/1600 | 59.31%] RUN | sample=30696 | QSNN | TEMP-DRIFT-v2-budget-scaled | access_forwards_41 | eps=10%
2026-09-20T07:11:39.916669+00:00 | [950/1600 | 59.38%] PASS | runtime=0.23s | valid=950 | remaining=650 | elapsed=00:08:06 | ETA=calibrating...
2026-09-20T07:11:39.917673+00:00 | [951/1600 | 59.38%] RUN | sample=30696 | QSNN | PGD | wallclock_qsnn | eps=10%
2026-09-20T07:11:41.824817+00:00 | [951/1600 | 59.44%] PASS | runtime=1.91s | valid=951 | remaining=649 | elapsed=00:08:08 | ETA=calibrating...
2026-09-20T07:11:41.825816+00:00 | [952/1600 | 59.44%] RUN | sample=30696 | QSNN | TEMP-DRIFT-v2-budget-scaled | wallclock_qsnn | eps=10%
2026-09-20T07:11:43.908263+00:00 | [SAMPLE 53/100 | 53.00%] sample_id=30696 COMPLETE
2026-09-20T07:11:43.908263+00:00 | [952/1600 | 59.50%] PASS | runtime=2.08s | valid=952 | remaining=648 | elapsed=00:08:10 | ETA=calibrating...
2026-09-20T07:11:43.912262+00:00 | [952/1600 | 59.50%] VALID-SKIP | sample=32721 | SNN | TEMP-DRIFT-v2-budget-scaled | access_candidates_21 | eps=5%
2026-09-20T07:11:43.914262+00:00 | [952/1600 | 59.50%] VALID-SKIP | sample=32721 | SNN | TEMP-DRIFT-v2-budget-scaled | access_forwards_41 | eps=5%
2026-09-20T07:11:43.914262+00:00 | [952/1600 | 59.50%] VALID-SKIP | sample=32721 | SNN | TEMP-DRIFT-v2-budget-scaled | wallclock_snn | eps=5%
2026-09-20T07:11:43.914262+00:00 | [952/1600 | 59.50%] VALID-SKIP | sample=32721 | SNN | PGD | wallclock_snn | eps=5%
2026-09-20T07:11:43.916262+00:00 | [952/1600 | 59.50%] VALID-SKIP | sample=32721 | SNN | TEMP-DRIFT-v2-budget-scaled | access_candidates_21 | eps=10%
2026-09-20T07:11:43.917262+00:00 | [952/1600 | 59.50%] VALID-SKIP | sample=32721 | SNN | TEMP-DRIFT-v2-budget-scaled | access_forwards_41 | eps=10%
2026-09-20T07:11:43.917262+00:00 | [952/1600 | 59.50%] VALID-SKIP | sample=32721 | SNN | TEMP-DRIFT-v2-budget-scaled | wallclock_snn | eps=10%
2026-09-20T07:11:43.917262+00:00 | [952/1600 | 59.50%] VALID-SKIP | sample=32721 | SNN | PGD | wallclock_snn | eps=10%
2026-09-20T07:11:43.919262+00:00 | [953/1600 | 59.50%] RUN | sample=32721 | QSNN | TEMP-DRIFT-v2-budget-scaled | access_candidates_21 | eps=5%
2026-09-20T07:11:44.126893+00:00 | [953/1600 | 59.56%] PASS | runtime=0.21s | valid=953 | remaining=647 | elapsed=00:08:10 | ETA=calibrating...
2026-09-20T07:11:44.129893+00:00 | [954/1600 | 59.56%] RUN | sample=32721 | QSNN | TEMP-DRIFT-v2-budget-scaled | access_forwards_41 | eps=5%
2026-09-20T07:11:44.339435+00:00 | [954/1600 | 59.62%] PASS | runtime=0.21s | valid=954 | remaining=646 | elapsed=00:08:10 | ETA=calibrating...
2026-09-20T07:11:44.339435+00:00 | [955/1600 | 59.62%] RUN | sample=32721 | QSNN | TEMP-DRIFT-v2-budget-scaled | wallclock_qsnn | eps=5%
2026-09-20T07:11:46.417367+00:00 | [955/1600 | 59.69%] PASS | runtime=2.08s | valid=955 | remaining=645 | elapsed=00:08:13 | ETA=calibrating...
2026-09-20T07:11:46.418367+00:00 | [956/1600 | 59.69%] RUN | sample=32721 | QSNN | PGD | wallclock_qsnn | eps=5%
2026-09-20T07:11:48.352705+00:00 | [956/1600 | 59.75%] PASS | runtime=1.93s | valid=956 | remaining=644 | elapsed=00:08:14 | ETA=calibrating...
2026-09-20T07:11:48.355707+00:00 | [957/1600 | 59.75%] RUN | sample=32721 | QSNN | TEMP-DRIFT-v2-budget-scaled | access_candidates_21 | eps=10%
2026-09-20T07:11:48.553888+00:00 | [957/1600 | 59.81%] PASS | runtime=0.20s | valid=957 | remaining=643 | elapsed=00:08:15 | ETA=calibrating...
2026-09-20T07:11:48.555888+00:00 | PROGRESS | Records 957/1600 (59.81%) | Samples 53/100 (53.00%) | Remaining records 643 | Remaining samples 47 | Elapsed 00:08:15 | ETA: calibrating... | Estimated finish: calibrating...
2026-09-20T07:11:48.558889+00:00 | [958/1600 | 59.81%] RUN | sample=32721 | QSNN | TEMP-DRIFT-v2-budget-scaled | access_forwards_41 | eps=10%
2026-09-20T07:11:48.765980+00:00 | [958/1600 | 59.88%] PASS | runtime=0.21s | valid=958 | remaining=642 | elapsed=00:08:15 | ETA=calibrating...
2026-09-20T07:11:48.767979+00:00 | [959/1600 | 59.88%] RUN | sample=32721 | QSNN | TEMP-DRIFT-v2-budget-scaled | wallclock_qsnn | eps=10%
2026-09-20T07:11:50.814480+00:00 | [959/1600 | 59.94%] PASS | runtime=2.05s | valid=959 | remaining=641 | elapsed=00:08:17 | ETA=calibrating...
2026-09-20T07:11:50.816480+00:00 | [960/1600 | 59.94%] RUN | sample=32721 | QSNN | PGD | wallclock_qsnn | eps=10%
2026-09-20T07:11:52.762849+00:00 | [SAMPLE 54/100 | 54.00%] sample_id=32721 COMPLETE
2026-09-20T07:11:52.763850+00:00 | [960/1600 | 60.00%] PASS | runtime=1.95s | valid=960 | remaining=640 | elapsed=00:08:19 | ETA=calibrating...
2026-09-20T07:11:52.766354+00:00 | [960/1600 | 60.00%] VALID-SKIP | sample=34861 | SNN | TEMP-DRIFT-v2-budget-scaled | access_candidates_21 | eps=5%
2026-09-20T07:11:52.768908+00:00 | [960/1600 | 60.00%] VALID-SKIP | sample=34861 | SNN | TEMP-DRIFT-v2-budget-scaled | access_forwards_41 | eps=5%
2026-09-20T07:11:52.768908+00:00 | [960/1600 | 60.00%] VALID-SKIP | sample=34861 | SNN | PGD | wallclock_snn | eps=5%
2026-09-20T07:11:52.768908+00:00 | [960/1600 | 60.00%] VALID-SKIP | sample=34861 | SNN | TEMP-DRIFT-v2-budget-scaled | wallclock_snn | eps=5%
2026-09-20T07:11:52.769908+00:00 | [960/1600 | 60.00%] VALID-SKIP | sample=34861 | SNN | TEMP-DRIFT-v2-budget-scaled | access_candidates_21 | eps=10%
2026-09-20T07:11:52.771624+00:00 | [960/1600 | 60.00%] VALID-SKIP | sample=34861 | SNN | TEMP-DRIFT-v2-budget-scaled | access_forwards_41 | eps=10%
2026-09-20T07:11:52.771624+00:00 | [960/1600 | 60.00%] VALID-SKIP | sample=34861 | SNN | PGD | wallclock_snn | eps=10%
2026-09-20T07:11:52.771624+00:00 | [960/1600 | 60.00%] VALID-SKIP | sample=34861 | SNN | TEMP-DRIFT-v2-budget-scaled | wallclock_snn | eps=10%
2026-09-20T07:11:52.772629+00:00 | [961/1600 | 60.00%] RUN | sample=34861 | QSNN | TEMP-DRIFT-v2-budget-scaled | access_candidates_21 | eps=5%
2026-09-20T07:11:52.974783+00:00 | [961/1600 | 60.06%] PASS | runtime=0.20s | valid=961 | remaining=639 | elapsed=00:08:19 | ETA=calibrating...
2026-09-20T07:11:52.977784+00:00 | [962/1600 | 60.06%] RUN | sample=34861 | QSNN | TEMP-DRIFT-v2-budget-scaled | access_forwards_41 | eps=5%
2026-09-20T07:11:53.184911+00:00 | [962/1600 | 60.12%] PASS | runtime=0.21s | valid=962 | remaining=638 | elapsed=00:08:19 | ETA=calibrating...
2026-09-20T07:11:53.185911+00:00 | [963/1600 | 60.12%] RUN | sample=34861 | QSNN | PGD | wallclock_qsnn | eps=5%
2026-09-20T07:11:55.043286+00:00 | [963/1600 | 60.19%] PASS | runtime=1.86s | valid=963 | remaining=637 | elapsed=00:08:21 | ETA=calibrating...
2026-09-20T07:11:55.044286+00:00 | [964/1600 | 60.19%] RUN | sample=34861 | QSNN | TEMP-DRIFT-v2-budget-scaled | wallclock_qsnn | eps=5%
2026-09-20T07:11:56.993062+00:00 | [964/1600 | 60.25%] PASS | runtime=1.95s | valid=964 | remaining=636 | elapsed=00:08:23 | ETA=calibrating...
2026-09-20T07:11:56.996061+00:00 | [965/1600 | 60.25%] RUN | sample=34861 | QSNN | TEMP-DRIFT-v2-budget-scaled | access_candidates_21 | eps=10%
2026-09-20T07:11:57.201160+00:00 | [965/1600 | 60.31%] PASS | runtime=0.20s | valid=965 | remaining=635 | elapsed=00:08:23 | ETA=calibrating...
2026-09-20T07:11:57.204160+00:00 | [966/1600 | 60.31%] RUN | sample=34861 | QSNN | TEMP-DRIFT-v2-budget-scaled | access_forwards_41 | eps=10%
2026-09-20T07:11:57.403467+00:00 | [966/1600 | 60.38%] PASS | runtime=0.20s | valid=966 | remaining=634 | elapsed=00:08:23 | ETA=calibrating...
2026-09-20T07:11:57.405467+00:00 | [967/1600 | 60.38%] RUN | sample=34861 | QSNN | PGD | wallclock_qsnn | eps=10%
2026-09-20T07:11:59.322346+00:00 | [967/1600 | 60.44%] PASS | runtime=1.92s | valid=967 | remaining=633 | elapsed=00:08:25 | ETA=calibrating...
2026-09-20T07:11:59.323346+00:00 | [968/1600 | 60.44%] RUN | sample=34861 | QSNN | TEMP-DRIFT-v2-budget-scaled | wallclock_qsnn | eps=10%
2026-09-20T07:12:01.287916+00:00 | [SAMPLE 55/100 | 55.00%] sample_id=34861 COMPLETE
2026-09-20T07:12:01.288915+00:00 | [968/1600 | 60.50%] PASS | runtime=1.96s | valid=968 | remaining=632 | elapsed=00:08:27 | ETA=calibrating...
2026-09-20T07:12:01.292916+00:00 | [968/1600 | 60.50%] VALID-SKIP | sample=35939 | SNN | TEMP-DRIFT-v2-budget-scaled | access_candidates_21 | eps=5%
2026-09-20T07:12:01.294915+00:00 | [968/1600 | 60.50%] VALID-SKIP | sample=35939 | SNN | TEMP-DRIFT-v2-budget-scaled | access_forwards_41 | eps=5%
2026-09-20T07:12:01.294915+00:00 | [968/1600 | 60.50%] VALID-SKIP | sample=35939 | SNN | TEMP-DRIFT-v2-budget-scaled | wallclock_snn | eps=5%
2026-09-20T07:12:01.294915+00:00 | [968/1600 | 60.50%] VALID-SKIP | sample=35939 | SNN | PGD | wallclock_snn | eps=5%
2026-09-20T07:12:01.297915+00:00 | [968/1600 | 60.50%] VALID-SKIP | sample=35939 | SNN | TEMP-DRIFT-v2-budget-scaled | access_candidates_21 | eps=10%
2026-09-20T07:12:01.298915+00:00 | [968/1600 | 60.50%] VALID-SKIP | sample=35939 | SNN | TEMP-DRIFT-v2-budget-scaled | access_forwards_41 | eps=10%
2026-09-20T07:12:01.299915+00:00 | [968/1600 | 60.50%] VALID-SKIP | sample=35939 | SNN | TEMP-DRIFT-v2-budget-scaled | wallclock_snn | eps=10%
2026-09-20T07:12:01.299915+00:00 | [968/1600 | 60.50%] VALID-SKIP | sample=35939 | SNN | PGD | wallclock_snn | eps=10%
2026-09-20T07:12:01.301915+00:00 | [969/1600 | 60.50%] RUN | sample=35939 | QSNN | TEMP-DRIFT-v2-budget-scaled | access_candidates_21 | eps=5%
2026-09-20T07:12:01.513029+00:00 | [969/1600 | 60.56%] PASS | runtime=0.21s | valid=969 | remaining=631 | elapsed=00:08:28 | ETA=calibrating...
2026-09-20T07:12:01.518029+00:00 | [970/1600 | 60.56%] RUN | sample=35939 | QSNN | TEMP-DRIFT-v2-budget-scaled | access_forwards_41 | eps=5%
2026-09-20T07:12:01.720107+00:00 | [970/1600 | 60.62%] PASS | runtime=0.20s | valid=970 | remaining=630 | elapsed=00:08:28 | ETA=calibrating...
2026-09-20T07:12:01.721108+00:00 | [971/1600 | 60.62%] RUN | sample=35939 | QSNN | TEMP-DRIFT-v2-budget-scaled | wallclock_qsnn | eps=5%
2026-09-20T07:12:03.814405+00:00 | [971/1600 | 60.69%] PASS | runtime=2.09s | valid=971 | remaining=629 | elapsed=00:08:30 | ETA=calibrating...
2026-09-20T07:12:03.815404+00:00 | [972/1600 | 60.69%] RUN | sample=35939 | QSNN | PGD | wallclock_qsnn | eps=5%
2026-09-20T07:12:05.744510+00:00 | [972/1600 | 60.75%] PASS | runtime=1.93s | valid=972 | remaining=628 | elapsed=00:08:32 | ETA=calibrating...
2026-09-20T07:12:05.747511+00:00 | [973/1600 | 60.75%] RUN | sample=35939 | QSNN | TEMP-DRIFT-v2-budget-scaled | access_candidates_21 | eps=10%
2026-09-20T07:12:05.943182+00:00 | [973/1600 | 60.81%] PASS | runtime=0.19s | valid=973 | remaining=627 | elapsed=00:08:32 | ETA=calibrating...
2026-09-20T07:12:05.947182+00:00 | [974/1600 | 60.81%] RUN | sample=35939 | QSNN | TEMP-DRIFT-v2-budget-scaled | access_forwards_41 | eps=10%
2026-09-20T07:12:06.155774+00:00 | [974/1600 | 60.88%] PASS | runtime=0.21s | valid=974 | remaining=626 | elapsed=00:08:32 | ETA=calibrating...
2026-09-20T07:12:06.157774+00:00 | [975/1600 | 60.88%] RUN | sample=35939 | QSNN | TEMP-DRIFT-v2-budget-scaled | wallclock_qsnn | eps=10%
2026-09-20T07:12:08.308861+00:00 | [975/1600 | 60.94%] PASS | runtime=2.15s | valid=975 | remaining=625 | elapsed=00:08:34 | ETA=calibrating...
2026-09-20T07:12:08.310861+00:00 | [976/1600 | 60.94%] RUN | sample=35939 | QSNN | PGD | wallclock_qsnn | eps=10%
2026-09-20T07:12:10.222524+00:00 | [SAMPLE 56/100 | 56.00%] sample_id=35939 COMPLETE
2026-09-20T07:12:10.222524+00:00 | [976/1600 | 61.00%] PASS | runtime=1.91s | valid=976 | remaining=624 | elapsed=00:08:36 | ETA=calibrating...
2026-09-20T07:12:10.225032+00:00 | [976/1600 | 61.00%] VALID-SKIP | sample=35148 | SNN | TEMP-DRIFT-v2-budget-scaled | access_candidates_21 | eps=5%
2026-09-20T07:12:10.227570+00:00 | [976/1600 | 61.00%] VALID-SKIP | sample=35148 | SNN | TEMP-DRIFT-v2-budget-scaled | access_forwards_41 | eps=5%
2026-09-20T07:12:10.227570+00:00 | [976/1600 | 61.00%] VALID-SKIP | sample=35148 | SNN | PGD | wallclock_snn | eps=5%
2026-09-20T07:12:10.227570+00:00 | [976/1600 | 61.00%] VALID-SKIP | sample=35148 | SNN | TEMP-DRIFT-v2-budget-scaled | wallclock_snn | eps=5%
2026-09-20T07:12:10.229570+00:00 | [976/1600 | 61.00%] VALID-SKIP | sample=35148 | SNN | TEMP-DRIFT-v2-budget-scaled | access_candidates_21 | eps=10%
2026-09-20T07:12:10.230570+00:00 | [976/1600 | 61.00%] VALID-SKIP | sample=35148 | SNN | TEMP-DRIFT-v2-budget-scaled | access_forwards_41 | eps=10%
2026-09-20T07:12:10.230570+00:00 | [976/1600 | 61.00%] VALID-SKIP | sample=35148 | SNN | PGD | wallclock_snn | eps=10%
2026-09-20T07:12:10.230570+00:00 | [976/1600 | 61.00%] VALID-SKIP | sample=35148 | SNN | TEMP-DRIFT-v2-budget-scaled | wallclock_snn | eps=10%
2026-09-20T07:12:10.232570+00:00 | [977/1600 | 61.00%] RUN | sample=35148 | QSNN | TEMP-DRIFT-v2-budget-scaled | access_candidates_21 | eps=5%
2026-09-20T07:12:10.431102+00:00 | [977/1600 | 61.06%] PASS | runtime=0.20s | valid=977 | remaining=623 | elapsed=00:08:37 | ETA=calibrating...
2026-09-20T07:12:10.434630+00:00 | [978/1600 | 61.06%] RUN | sample=35148 | QSNN | TEMP-DRIFT-v2-budget-scaled | access_forwards_41 | eps=5%
2026-09-20T07:12:10.635517+00:00 | [978/1600 | 61.12%] PASS | runtime=0.20s | valid=978 | remaining=622 | elapsed=00:08:37 | ETA=calibrating...
2026-09-20T07:12:10.636517+00:00 | [979/1600 | 61.12%] RUN | sample=35148 | QSNN | PGD | wallclock_qsnn | eps=5%
2026-09-20T07:12:12.493747+00:00 | [979/1600 | 61.19%] PASS | runtime=1.86s | valid=979 | remaining=621 | elapsed=00:08:39 | ETA=calibrating...
2026-09-20T07:12:12.494747+00:00 | [980/1600 | 61.19%] RUN | sample=35148 | QSNN | TEMP-DRIFT-v2-budget-scaled | wallclock_qsnn | eps=5%
2026-09-20T07:12:14.585809+00:00 | [980/1600 | 61.25%] PASS | runtime=2.09s | valid=980 | remaining=620 | elapsed=00:08:41 | ETA=calibrating...
2026-09-20T07:12:14.588318+00:00 | [981/1600 | 61.25%] RUN | sample=35148 | QSNN | TEMP-DRIFT-v2-budget-scaled | access_candidates_21 | eps=10%
2026-09-20T07:12:14.793902+00:00 | [981/1600 | 61.31%] PASS | runtime=0.20s | valid=981 | remaining=619 | elapsed=00:08:41 | ETA=calibrating...
2026-09-20T07:12:14.797907+00:00 | [982/1600 | 61.31%] RUN | sample=35148 | QSNN | TEMP-DRIFT-v2-budget-scaled | access_forwards_41 | eps=10%
2026-09-20T07:12:14.996079+00:00 | [982/1600 | 61.38%] PASS | runtime=0.20s | valid=982 | remaining=618 | elapsed=00:08:41 | ETA=calibrating...
2026-09-20T07:12:14.999082+00:00 | PROGRESS | Records 982/1600 (61.38%) | Samples 56/100 (56.00%) | Remaining records 618 | Remaining samples 44 | Elapsed 00:08:41 | ETA: calibrating... | Estimated finish: calibrating...
2026-09-20T07:12:15.000082+00:00 | [983/1600 | 61.38%] RUN | sample=35148 | QSNN | PGD | wallclock_qsnn | eps=10%
2026-09-20T07:12:16.910611+00:00 | [983/1600 | 61.44%] PASS | runtime=1.91s | valid=983 | remaining=617 | elapsed=00:08:43 | ETA=calibrating...
2026-09-20T07:12:16.911610+00:00 | [984/1600 | 61.44%] RUN | sample=35148 | QSNN | TEMP-DRIFT-v2-budget-scaled | wallclock_qsnn | eps=10%
2026-09-20T07:12:18.964272+00:00 | [SAMPLE 57/100 | 57.00%] sample_id=35148 COMPLETE
2026-09-20T07:12:18.964272+00:00 | [984/1600 | 61.50%] PASS | runtime=2.05s | valid=984 | remaining=616 | elapsed=00:08:45 | ETA=calibrating...
2026-09-20T07:12:18.968272+00:00 | [984/1600 | 61.50%] VALID-SKIP | sample=33874 | SNN | TEMP-DRIFT-v2-budget-scaled | access_candidates_21 | eps=5%
2026-09-20T07:12:18.970272+00:00 | [984/1600 | 61.50%] VALID-SKIP | sample=33874 | SNN | TEMP-DRIFT-v2-budget-scaled | access_forwards_41 | eps=5%
2026-09-20T07:12:18.970272+00:00 | [984/1600 | 61.50%] VALID-SKIP | sample=33874 | SNN | TEMP-DRIFT-v2-budget-scaled | wallclock_snn | eps=5%
2026-09-20T07:12:18.970272+00:00 | [984/1600 | 61.50%] VALID-SKIP | sample=33874 | SNN | PGD | wallclock_snn | eps=5%
2026-09-20T07:12:18.971272+00:00 | [984/1600 | 61.50%] VALID-SKIP | sample=33874 | SNN | TEMP-DRIFT-v2-budget-scaled | access_candidates_21 | eps=10%
2026-09-20T07:12:18.973272+00:00 | [984/1600 | 61.50%] VALID-SKIP | sample=33874 | SNN | TEMP-DRIFT-v2-budget-scaled | access_forwards_41 | eps=10%
2026-09-20T07:12:18.973272+00:00 | [984/1600 | 61.50%] VALID-SKIP | sample=33874 | SNN | TEMP-DRIFT-v2-budget-scaled | wallclock_snn | eps=10%
2026-09-20T07:12:18.973272+00:00 | [984/1600 | 61.50%] VALID-SKIP | sample=33874 | SNN | PGD | wallclock_snn | eps=10%
2026-09-20T07:12:18.975272+00:00 | [985/1600 | 61.50%] RUN | sample=33874 | QSNN | TEMP-DRIFT-v2-budget-scaled | access_candidates_21 | eps=5%
2026-09-20T07:12:19.177566+00:00 | [985/1600 | 61.56%] PASS | runtime=0.20s | valid=985 | remaining=615 | elapsed=00:08:45 | ETA=calibrating...
2026-09-20T07:12:19.181569+00:00 | [986/1600 | 61.56%] RUN | sample=33874 | QSNN | TEMP-DRIFT-v2-budget-scaled | access_forwards_41 | eps=5%
2026-09-20T07:12:19.376125+00:00 | [986/1600 | 61.62%] PASS | runtime=0.19s | valid=986 | remaining=614 | elapsed=00:08:45 | ETA=calibrating...
2026-09-20T07:12:19.377125+00:00 | [987/1600 | 61.62%] RUN | sample=33874 | QSNN | TEMP-DRIFT-v2-budget-scaled | wallclock_qsnn | eps=5%
2026-09-20T07:12:21.219252+00:00 | [987/1600 | 61.69%] PASS | runtime=1.84s | valid=987 | remaining=613 | elapsed=00:08:47 | ETA=calibrating...
2026-09-20T07:12:21.221252+00:00 | [988/1600 | 61.69%] RUN | sample=33874 | QSNN | PGD | wallclock_qsnn | eps=5%
2026-09-20T07:12:23.091509+00:00 | [988/1600 | 61.75%] PASS | runtime=1.87s | valid=988 | remaining=612 | elapsed=00:08:49 | ETA=calibrating...
2026-09-20T07:12:23.094505+00:00 | [989/1600 | 61.75%] RUN | sample=33874 | QSNN | TEMP-DRIFT-v2-budget-scaled | access_candidates_21 | eps=10%
2026-09-20T07:12:23.286204+00:00 | [989/1600 | 61.81%] PASS | runtime=0.19s | valid=989 | remaining=611 | elapsed=00:08:49 | ETA=calibrating...
2026-09-20T07:12:23.289725+00:00 | [990/1600 | 61.81%] RUN | sample=33874 | QSNN | TEMP-DRIFT-v2-budget-scaled | access_forwards_41 | eps=10%
2026-09-20T07:12:23.488665+00:00 | [990/1600 | 61.88%] PASS | runtime=0.20s | valid=990 | remaining=610 | elapsed=00:08:50 | ETA=calibrating...
2026-09-20T07:12:23.489665+00:00 | [991/1600 | 61.88%] RUN | sample=33874 | QSNN | TEMP-DRIFT-v2-budget-scaled | wallclock_qsnn | eps=10%
2026-09-20T07:12:25.378151+00:00 | [991/1600 | 61.94%] PASS | runtime=1.89s | valid=991 | remaining=609 | elapsed=00:08:51 | ETA=calibrating...
2026-09-20T07:12:25.379151+00:00 | [992/1600 | 61.94%] RUN | sample=33874 | QSNN | PGD | wallclock_qsnn | eps=10%
2026-09-20T07:12:27.300569+00:00 | [SAMPLE 58/100 | 58.00%] sample_id=33874 COMPLETE
2026-09-20T07:12:27.301567+00:00 | [992/1600 | 62.00%] PASS | runtime=1.92s | valid=992 | remaining=608 | elapsed=00:08:53 | ETA=calibrating...
2026-09-20T07:12:27.304567+00:00 | [992/1600 | 62.00%] VALID-SKIP | sample=34672 | SNN | TEMP-DRIFT-v2-budget-scaled | access_candidates_21 | eps=5%
2026-09-20T07:12:27.306566+00:00 | [992/1600 | 62.00%] VALID-SKIP | sample=34672 | SNN | TEMP-DRIFT-v2-budget-scaled | access_forwards_41 | eps=5%
2026-09-20T07:12:27.306566+00:00 | [992/1600 | 62.00%] VALID-SKIP | sample=34672 | SNN | PGD | wallclock_snn | eps=5%
2026-09-20T07:12:27.306566+00:00 | [992/1600 | 62.00%] VALID-SKIP | sample=34672 | SNN | TEMP-DRIFT-v2-budget-scaled | wallclock_snn | eps=5%
2026-09-20T07:12:27.307567+00:00 | [992/1600 | 62.00%] VALID-SKIP | sample=34672 | SNN | TEMP-DRIFT-v2-budget-scaled | access_candidates_21 | eps=10%
2026-09-20T07:12:27.309566+00:00 | [992/1600 | 62.00%] VALID-SKIP | sample=34672 | SNN | TEMP-DRIFT-v2-budget-scaled | access_forwards_41 | eps=10%
2026-09-20T07:12:27.309566+00:00 | [992/1600 | 62.00%] VALID-SKIP | sample=34672 | SNN | PGD | wallclock_snn | eps=10%
2026-09-20T07:12:27.309566+00:00 | [992/1600 | 62.00%] VALID-SKIP | sample=34672 | SNN | TEMP-DRIFT-v2-budget-scaled | wallclock_snn | eps=10%
2026-09-20T07:12:27.310567+00:00 | [993/1600 | 62.00%] RUN | sample=34672 | QSNN | TEMP-DRIFT-v2-budget-scaled | access_candidates_21 | eps=5%
2026-09-20T07:12:27.520760+00:00 | [993/1600 | 62.06%] PASS | runtime=0.21s | valid=993 | remaining=607 | elapsed=00:08:54 | ETA=calibrating...
2026-09-20T07:12:27.523761+00:00 | [994/1600 | 62.06%] RUN | sample=34672 | QSNN | TEMP-DRIFT-v2-budget-scaled | access_forwards_41 | eps=5%
2026-09-20T07:12:27.722412+00:00 | [994/1600 | 62.12%] PASS | runtime=0.20s | valid=994 | remaining=606 | elapsed=00:08:54 | ETA=calibrating...
2026-09-20T07:12:27.724412+00:00 | [995/1600 | 62.12%] RUN | sample=34672 | QSNN | PGD | wallclock_qsnn | eps=5%
2026-09-20T07:12:29.555222+00:00 | [995/1600 | 62.19%] PASS | runtime=1.83s | valid=995 | remaining=605 | elapsed=00:08:56 | ETA=calibrating...
2026-09-20T07:12:29.557222+00:00 | [996/1600 | 62.19%] RUN | sample=34672 | QSNN | TEMP-DRIFT-v2-budget-scaled | wallclock_qsnn | eps=5%
2026-09-20T07:12:31.572835+00:00 | [996/1600 | 62.25%] PASS | runtime=2.01s | valid=996 | remaining=604 | elapsed=00:08:58 | ETA=calibrating...
2026-09-20T07:12:31.575834+00:00 | [997/1600 | 62.25%] RUN | sample=34672 | QSNN | TEMP-DRIFT-v2-budget-scaled | access_candidates_21 | eps=10%
2026-09-20T07:12:31.786045+00:00 | [997/1600 | 62.31%] PASS | runtime=0.21s | valid=997 | remaining=603 | elapsed=00:08:58 | ETA=calibrating...
2026-09-20T07:12:31.788043+00:00 | [998/1600 | 62.31%] RUN | sample=34672 | QSNN | TEMP-DRIFT-v2-budget-scaled | access_forwards_41 | eps=10%
2026-09-20T07:12:31.984782+00:00 | [998/1600 | 62.38%] PASS | runtime=0.19s | valid=998 | remaining=602 | elapsed=00:08:58 | ETA=calibrating...
2026-09-20T07:12:31.985781+00:00 | [999/1600 | 62.38%] RUN | sample=34672 | QSNN | PGD | wallclock_qsnn | eps=10%
2026-09-20T07:12:33.946887+00:00 | [999/1600 | 62.44%] PASS | runtime=1.96s | valid=999 | remaining=601 | elapsed=00:09:00 | ETA=calibrating...
2026-09-20T07:12:33.947891+00:00 | [1000/1600 | 62.44%] RUN | sample=34672 | QSNN | TEMP-DRIFT-v2-budget-scaled | wallclock_qsnn | eps=10%
2026-09-20T07:12:35.928787+00:00 | [SAMPLE 59/100 | 59.00%] sample_id=34672 COMPLETE
2026-09-20T07:12:35.929787+00:00 | [1000/1600 | 62.50%] PASS | runtime=1.98s | valid=1000 | remaining=600 | elapsed=00:09:02 | ETA=calibrating...
2026-09-20T07:12:35.932790+00:00 | [1000/1600 | 62.50%] VALID-SKIP | sample=31041 | SNN | TEMP-DRIFT-v2-budget-scaled | access_candidates_21 | eps=5%
2026-09-20T07:12:35.934792+00:00 | [1000/1600 | 62.50%] VALID-SKIP | sample=31041 | SNN | TEMP-DRIFT-v2-budget-scaled | access_forwards_41 | eps=5%
2026-09-20T07:12:35.934792+00:00 | [1000/1600 | 62.50%] VALID-SKIP | sample=31041 | SNN | TEMP-DRIFT-v2-budget-scaled | wallclock_snn | eps=5%
2026-09-20T07:12:35.934792+00:00 | [1000/1600 | 62.50%] VALID-SKIP | sample=31041 | SNN | PGD | wallclock_snn | eps=5%
2026-09-20T07:12:35.935792+00:00 | [1000/1600 | 62.50%] VALID-SKIP | sample=31041 | SNN | TEMP-DRIFT-v2-budget-scaled | access_candidates_21 | eps=10%
2026-09-20T07:12:35.937468+00:00 | [1000/1600 | 62.50%] VALID-SKIP | sample=31041 | SNN | TEMP-DRIFT-v2-budget-scaled | access_forwards_41 | eps=10%
2026-09-20T07:12:35.937468+00:00 | [1000/1600 | 62.50%] VALID-SKIP | sample=31041 | SNN | TEMP-DRIFT-v2-budget-scaled | wallclock_snn | eps=10%
2026-09-20T07:12:35.937468+00:00 | [1000/1600 | 62.50%] VALID-SKIP | sample=31041 | SNN | PGD | wallclock_snn | eps=10%
2026-09-20T07:12:35.938471+00:00 | [1001/1600 | 62.50%] RUN | sample=31041 | QSNN | TEMP-DRIFT-v2-budget-scaled | access_candidates_21 | eps=5%
2026-09-20T07:12:36.151581+00:00 | [1001/1600 | 62.56%] PASS | runtime=0.21s | valid=1001 | remaining=599 | elapsed=00:09:02 | ETA=calibrating...
2026-09-20T07:12:36.154581+00:00 | [1002/1600 | 62.56%] RUN | sample=31041 | QSNN | TEMP-DRIFT-v2-budget-scaled | access_forwards_41 | eps=5%
2026-09-20T07:12:36.357808+00:00 | [1002/1600 | 62.62%] PASS | runtime=0.20s | valid=1002 | remaining=598 | elapsed=00:09:02 | ETA=calibrating...
2026-09-20T07:12:36.358809+00:00 | [1003/1600 | 62.62%] RUN | sample=31041 | QSNN | TEMP-DRIFT-v2-budget-scaled | wallclock_qsnn | eps=5%
2026-09-20T07:12:38.457640+00:00 | [1003/1600 | 62.69%] PASS | runtime=2.10s | valid=1003 | remaining=597 | elapsed=00:09:05 | ETA=calibrating...
2026-09-20T07:12:38.459143+00:00 | [1004/1600 | 62.69%] RUN | sample=31041 | QSNN | PGD | wallclock_qsnn | eps=5%
2026-09-20T07:12:40.461037+00:00 | [1004/1600 | 62.75%] PASS | runtime=2.00s | valid=1004 | remaining=596 | elapsed=00:09:07 | ETA=calibrating...
2026-09-20T07:12:40.464567+00:00 | [1005/1600 | 62.75%] RUN | sample=31041 | QSNN | TEMP-DRIFT-v2-budget-scaled | access_candidates_21 | eps=10%
2026-09-20T07:12:40.665210+00:00 | [1005/1600 | 62.81%] PASS | runtime=0.20s | valid=1005 | remaining=595 | elapsed=00:09:07 | ETA=calibrating...
2026-09-20T07:12:40.668214+00:00 | [1006/1600 | 62.81%] RUN | sample=31041 | QSNN | TEMP-DRIFT-v2-budget-scaled | access_forwards_41 | eps=10%
2026-09-20T07:12:40.878804+00:00 | [1006/1600 | 62.88%] PASS | runtime=0.21s | valid=1006 | remaining=594 | elapsed=00:09:07 | ETA=calibrating...
2026-09-20T07:12:40.879805+00:00 | [1007/1600 | 62.88%] RUN | sample=31041 | QSNN | TEMP-DRIFT-v2-budget-scaled | wallclock_qsnn | eps=10%
2026-09-20T07:12:42.974326+00:00 | [1007/1600 | 62.94%] PASS | runtime=2.09s | valid=1007 | remaining=593 | elapsed=00:09:09 | ETA=calibrating...
2026-09-20T07:12:42.976327+00:00 | PROGRESS | Records 1007/1600 (62.94%) | Samples 59/100 (59.00%) | Remaining records 593 | Remaining samples 41 | Elapsed 00:09:09 | ETA: calibrating... | Estimated finish: calibrating...
2026-09-20T07:12:42.977326+00:00 | [1008/1600 | 62.94%] RUN | sample=31041 | QSNN | PGD | wallclock_qsnn | eps=10%
2026-09-20T07:12:44.953426+00:00 | [SAMPLE 60/100 | 60.00%] sample_id=31041 COMPLETE
2026-09-20T07:12:44.953426+00:00 | [1008/1600 | 63.00%] PASS | runtime=1.97s | valid=1008 | remaining=592 | elapsed=00:09:11 | ETA=calibrating...
2026-09-20T07:12:44.956428+00:00 | [1008/1600 | 63.00%] VALID-SKIP | sample=37786 | SNN | TEMP-DRIFT-v2-budget-scaled | access_candidates_21 | eps=5%
2026-09-20T07:12:44.957426+00:00 | [1008/1600 | 63.00%] VALID-SKIP | sample=37786 | SNN | TEMP-DRIFT-v2-budget-scaled | access_forwards_41 | eps=5%
2026-09-20T07:12:44.957426+00:00 | [1008/1600 | 63.00%] VALID-SKIP | sample=37786 | SNN | PGD | wallclock_snn | eps=5%
2026-09-20T07:12:44.957426+00:00 | [1008/1600 | 63.00%] VALID-SKIP | sample=37786 | SNN | TEMP-DRIFT-v2-budget-scaled | wallclock_snn | eps=5%
2026-09-20T07:12:44.960255+00:00 | [1008/1600 | 63.00%] VALID-SKIP | sample=37786 | SNN | TEMP-DRIFT-v2-budget-scaled | access_candidates_21 | eps=10%
2026-09-20T07:12:44.962263+00:00 | [1008/1600 | 63.00%] VALID-SKIP | sample=37786 | SNN | TEMP-DRIFT-v2-budget-scaled | access_forwards_41 | eps=10%
2026-09-20T07:12:44.962263+00:00 | [1008/1600 | 63.00%] VALID-SKIP | sample=37786 | SNN | PGD | wallclock_snn | eps=10%
2026-09-20T07:12:44.962263+00:00 | [1008/1600 | 63.00%] VALID-SKIP | sample=37786 | SNN | TEMP-DRIFT-v2-budget-scaled | wallclock_snn | eps=10%
2026-09-20T07:12:44.963263+00:00 | [1009/1600 | 63.00%] RUN | sample=37786 | QSNN | TEMP-DRIFT-v2-budget-scaled | access_candidates_21 | eps=5%
2026-09-20T07:12:45.165943+00:00 | [1009/1600 | 63.06%] PASS | runtime=0.20s | valid=1009 | remaining=591 | elapsed=00:09:11 | ETA=calibrating...
2026-09-20T07:12:45.168947+00:00 | [1010/1600 | 63.06%] RUN | sample=37786 | QSNN | TEMP-DRIFT-v2-budget-scaled | access_forwards_41 | eps=5%
2026-09-20T07:12:45.379744+00:00 | [1010/1600 | 63.12%] PASS | runtime=0.21s | valid=1010 | remaining=590 | elapsed=00:09:11 | ETA=calibrating...
2026-09-20T07:12:45.380744+00:00 | [1011/1600 | 63.12%] RUN | sample=37786 | QSNN | PGD | wallclock_qsnn | eps=5%
2026-09-20T07:12:47.334736+00:00 | [1011/1600 | 63.19%] PASS | runtime=1.95s | valid=1011 | remaining=589 | elapsed=00:09:13 | ETA=calibrating...
2026-09-20T07:12:47.336735+00:00 | [1012/1600 | 63.19%] RUN | sample=37786 | QSNN | TEMP-DRIFT-v2-budget-scaled | wallclock_qsnn | eps=5%
2026-09-20T07:12:49.490826+00:00 | [1012/1600 | 63.25%] PASS | runtime=2.15s | valid=1012 | remaining=588 | elapsed=00:09:16 | ETA=calibrating...
2026-09-20T07:12:49.494827+00:00 | [1013/1600 | 63.25%] RUN | sample=37786 | QSNN | TEMP-DRIFT-v2-budget-scaled | access_candidates_21 | eps=10%
2026-09-20T07:12:49.705511+00:00 | [1013/1600 | 63.31%] PASS | runtime=0.21s | valid=1013 | remaining=587 | elapsed=00:09:16 | ETA=calibrating...
2026-09-20T07:12:49.708511+00:00 | [1014/1600 | 63.31%] RUN | sample=37786 | QSNN | TEMP-DRIFT-v2-budget-scaled | access_forwards_41 | eps=10%
2026-09-20T07:12:49.912098+00:00 | [1014/1600 | 63.38%] PASS | runtime=0.20s | valid=1014 | remaining=586 | elapsed=00:09:16 | ETA=calibrating...
2026-09-20T07:12:49.913098+00:00 | [1015/1600 | 63.38%] RUN | sample=37786 | QSNN | PGD | wallclock_qsnn | eps=10%
2026-09-20T07:12:51.961827+00:00 | [1015/1600 | 63.44%] PASS | runtime=2.05s | valid=1015 | remaining=585 | elapsed=00:09:18 | ETA=calibrating...
2026-09-20T07:12:51.962830+00:00 | [1016/1600 | 63.44%] RUN | sample=37786 | QSNN | TEMP-DRIFT-v2-budget-scaled | wallclock_qsnn | eps=10%
2026-09-20T07:12:54.150038+00:00 | [SAMPLE 61/100 | 61.00%] sample_id=37786 COMPLETE
2026-09-20T07:12:54.150038+00:00 | [1016/1600 | 63.50%] PASS | runtime=2.19s | valid=1016 | remaining=584 | elapsed=00:09:20 | ETA=calibrating...
2026-09-20T07:12:54.154038+00:00 | [1016/1600 | 63.50%] VALID-SKIP | sample=37557 | SNN | TEMP-DRIFT-v2-budget-scaled | access_candidates_21 | eps=5%
2026-09-20T07:12:54.156038+00:00 | [1016/1600 | 63.50%] VALID-SKIP | sample=37557 | SNN | TEMP-DRIFT-v2-budget-scaled | access_forwards_41 | eps=5%
2026-09-20T07:12:54.156038+00:00 | [1016/1600 | 63.50%] VALID-SKIP | sample=37557 | SNN | TEMP-DRIFT-v2-budget-scaled | wallclock_snn | eps=5%
2026-09-20T07:12:54.156038+00:00 | [1016/1600 | 63.50%] VALID-SKIP | sample=37557 | SNN | PGD | wallclock_snn | eps=5%
2026-09-20T07:12:54.157038+00:00 | [1016/1600 | 63.50%] VALID-SKIP | sample=37557 | SNN | TEMP-DRIFT-v2-budget-scaled | access_candidates_21 | eps=10%
2026-09-20T07:12:54.159038+00:00 | [1016/1600 | 63.50%] VALID-SKIP | sample=37557 | SNN | TEMP-DRIFT-v2-budget-scaled | access_forwards_41 | eps=10%
2026-09-20T07:12:54.159038+00:00 | [1016/1600 | 63.50%] VALID-SKIP | sample=37557 | SNN | TEMP-DRIFT-v2-budget-scaled | wallclock_snn | eps=10%
2026-09-20T07:12:54.159038+00:00 | [1016/1600 | 63.50%] VALID-SKIP | sample=37557 | SNN | PGD | wallclock_snn | eps=10%
2026-09-20T07:12:54.161038+00:00 | [1017/1600 | 63.50%] RUN | sample=37557 | QSNN | TEMP-DRIFT-v2-budget-scaled | access_candidates_21 | eps=5%
2026-09-20T07:12:54.372991+00:00 | [1017/1600 | 63.56%] PASS | runtime=0.21s | valid=1017 | remaining=583 | elapsed=00:09:20 | ETA=calibrating...
2026-09-20T07:12:54.375990+00:00 | [1018/1600 | 63.56%] RUN | sample=37557 | QSNN | TEMP-DRIFT-v2-budget-scaled | access_forwards_41 | eps=5%
2026-09-20T07:12:54.583409+00:00 | [1018/1600 | 63.62%] PASS | runtime=0.21s | valid=1018 | remaining=582 | elapsed=00:09:21 | ETA=calibrating...
2026-09-20T07:12:54.584410+00:00 | [1019/1600 | 63.62%] RUN | sample=37557 | QSNN | TEMP-DRIFT-v2-budget-scaled | wallclock_qsnn | eps=5%
2026-09-20T07:12:56.564667+00:00 | [1019/1600 | 63.69%] PASS | runtime=1.98s | valid=1019 | remaining=581 | elapsed=00:09:23 | ETA=calibrating...
2026-09-20T07:12:56.565667+00:00 | [1020/1600 | 63.69%] RUN | sample=37557 | QSNN | PGD | wallclock_qsnn | eps=5%
2026-09-20T07:12:58.545252+00:00 | [1020/1600 | 63.75%] PASS | runtime=1.98s | valid=1020 | remaining=580 | elapsed=00:09:25 | ETA=calibrating...
2026-09-20T07:12:58.548252+00:00 | [1021/1600 | 63.75%] RUN | sample=37557 | QSNN | TEMP-DRIFT-v2-budget-scaled | access_candidates_21 | eps=10%
2026-09-20T07:12:58.760346+00:00 | [1021/1600 | 63.81%] PASS | runtime=0.21s | valid=1021 | remaining=579 | elapsed=00:09:25 | ETA=calibrating...
2026-09-20T07:12:58.763346+00:00 | [1022/1600 | 63.81%] RUN | sample=37557 | QSNN | TEMP-DRIFT-v2-budget-scaled | access_forwards_41 | eps=10%
2026-09-20T07:12:58.973408+00:00 | [1022/1600 | 63.88%] PASS | runtime=0.21s | valid=1022 | remaining=578 | elapsed=00:09:25 | ETA=calibrating...
2026-09-20T07:12:58.974410+00:00 | [1023/1600 | 63.88%] RUN | sample=37557 | QSNN | TEMP-DRIFT-v2-budget-scaled | wallclock_qsnn | eps=10%
2026-09-20T07:13:00.997550+00:00 | [1023/1600 | 63.94%] PASS | runtime=2.02s | valid=1023 | remaining=577 | elapsed=00:09:27 | ETA=calibrating...
2026-09-20T07:13:00.998550+00:00 | [1024/1600 | 63.94%] RUN | sample=37557 | QSNN | PGD | wallclock_qsnn | eps=10%
2026-09-20T07:13:02.985564+00:00 | [SAMPLE 62/100 | 62.00%] sample_id=37557 COMPLETE
2026-09-20T07:13:02.985564+00:00 | [1024/1600 | 64.00%] PASS | runtime=1.99s | valid=1024 | remaining=576 | elapsed=00:09:29 | ETA=calibrating...
2026-09-20T07:13:02.989068+00:00 | [1024/1600 | 64.00%] VALID-SKIP | sample=39658 | SNN | TEMP-DRIFT-v2-budget-scaled | access_candidates_21 | eps=5%
2026-09-20T07:13:02.990602+00:00 | [1024/1600 | 64.00%] VALID-SKIP | sample=39658 | SNN | TEMP-DRIFT-v2-budget-scaled | access_forwards_41 | eps=5%
2026-09-20T07:13:02.990602+00:00 | [1024/1600 | 64.00%] VALID-SKIP | sample=39658 | SNN | PGD | wallclock_snn | eps=5%
2026-09-20T07:13:02.990602+00:00 | [1024/1600 | 64.00%] VALID-SKIP | sample=39658 | SNN | TEMP-DRIFT-v2-budget-scaled | wallclock_snn | eps=5%
2026-09-20T07:13:02.992606+00:00 | [1024/1600 | 64.00%] VALID-SKIP | sample=39658 | SNN | TEMP-DRIFT-v2-budget-scaled | access_candidates_21 | eps=10%
2026-09-20T07:13:02.994607+00:00 | [1024/1600 | 64.00%] VALID-SKIP | sample=39658 | SNN | TEMP-DRIFT-v2-budget-scaled | access_forwards_41 | eps=10%
2026-09-20T07:13:02.994607+00:00 | [1024/1600 | 64.00%] VALID-SKIP | sample=39658 | SNN | PGD | wallclock_snn | eps=10%
2026-09-20T07:13:02.994607+00:00 | [1024/1600 | 64.00%] VALID-SKIP | sample=39658 | SNN | TEMP-DRIFT-v2-budget-scaled | wallclock_snn | eps=10%
2026-09-20T07:13:02.995606+00:00 | [1025/1600 | 64.00%] RUN | sample=39658 | QSNN | TEMP-DRIFT-v2-budget-scaled | access_candidates_21 | eps=5%
2026-09-20T07:13:03.196460+00:00 | [1025/1600 | 64.06%] PASS | runtime=0.20s | valid=1025 | remaining=575 | elapsed=00:09:29 | ETA=calibrating...
2026-09-20T07:13:03.199462+00:00 | [1026/1600 | 64.06%] RUN | sample=39658 | QSNN | TEMP-DRIFT-v2-budget-scaled | access_forwards_41 | eps=5%
2026-09-20T07:13:03.403559+00:00 | [1026/1600 | 64.12%] PASS | runtime=0.20s | valid=1026 | remaining=574 | elapsed=00:09:29 | ETA=calibrating...
2026-09-20T07:13:03.405101+00:00 | [1027/1600 | 64.12%] RUN | sample=39658 | QSNN | PGD | wallclock_qsnn | eps=5%
2026-09-20T07:13:05.490977+00:00 | [1027/1600 | 64.19%] PASS | runtime=2.08s | valid=1027 | remaining=573 | elapsed=00:09:32 | ETA=calibrating...
2026-09-20T07:13:05.491977+00:00 | [1028/1600 | 64.19%] RUN | sample=39658 | QSNN | TEMP-DRIFT-v2-budget-scaled | wallclock_qsnn | eps=5%
2026-09-20T07:13:07.676199+00:00 | [1028/1600 | 64.25%] PASS | runtime=2.18s | valid=1028 | remaining=572 | elapsed=00:09:34 | ETA=calibrating...
2026-09-20T07:13:07.679198+00:00 | [1029/1600 | 64.25%] RUN | sample=39658 | QSNN | TEMP-DRIFT-v2-budget-scaled | access_candidates_21 | eps=10%
2026-09-20T07:13:07.889619+00:00 | [1029/1600 | 64.31%] PASS | runtime=0.21s | valid=1029 | remaining=571 | elapsed=00:09:34 | ETA=calibrating...
2026-09-20T07:13:07.893618+00:00 | [1030/1600 | 64.31%] RUN | sample=39658 | QSNN | TEMP-DRIFT-v2-budget-scaled | access_forwards_41 | eps=10%
2026-09-20T07:13:08.110557+00:00 | [1030/1600 | 64.38%] PASS | runtime=0.22s | valid=1030 | remaining=570 | elapsed=00:09:34 | ETA=calibrating...
2026-09-20T07:13:08.111558+00:00 | [1031/1600 | 64.38%] RUN | sample=39658 | QSNN | PGD | wallclock_qsnn | eps=10%
2026-09-20T07:13:10.135102+00:00 | [1031/1600 | 64.44%] PASS | runtime=2.02s | valid=1031 | remaining=569 | elapsed=00:09:36 | ETA=calibrating...
2026-09-20T07:13:10.137102+00:00 | [1032/1600 | 64.44%] RUN | sample=39658 | QSNN | TEMP-DRIFT-v2-budget-scaled | wallclock_qsnn | eps=10%
2026-09-20T07:13:12.316560+00:00 | [SAMPLE 63/100 | 63.00%] sample_id=39658 COMPLETE
2026-09-20T07:13:12.316560+00:00 | [1032/1600 | 64.50%] PASS | runtime=2.18s | valid=1032 | remaining=568 | elapsed=00:09:38 | ETA=calibrating...
2026-09-20T07:13:12.318561+00:00 | PROGRESS | Records 1032/1600 (64.50%) | Samples 63/100 (63.00%) | Remaining records 568 | Remaining samples 37 | Elapsed 00:09:38 | ETA: calibrating... | Estimated finish: calibrating...
2026-09-20T07:13:12.321560+00:00 | [1032/1600 | 64.50%] VALID-SKIP | sample=41342 | SNN | TEMP-DRIFT-v2-budget-scaled | access_candidates_21 | eps=5%
2026-09-20T07:13:12.323560+00:00 | [1032/1600 | 64.50%] VALID-SKIP | sample=41342 | SNN | TEMP-DRIFT-v2-budget-scaled | access_forwards_41 | eps=5%
2026-09-20T07:13:12.323560+00:00 | [1032/1600 | 64.50%] VALID-SKIP | sample=41342 | SNN | TEMP-DRIFT-v2-budget-scaled | wallclock_snn | eps=5%
2026-09-20T07:13:12.323560+00:00 | [1032/1600 | 64.50%] VALID-SKIP | sample=41342 | SNN | PGD | wallclock_snn | eps=5%
2026-09-20T07:13:12.325560+00:00 | [1032/1600 | 64.50%] VALID-SKIP | sample=41342 | SNN | TEMP-DRIFT-v2-budget-scaled | access_candidates_21 | eps=10%
2026-09-20T07:13:12.327560+00:00 | [1032/1600 | 64.50%] VALID-SKIP | sample=41342 | SNN | TEMP-DRIFT-v2-budget-scaled | access_forwards_41 | eps=10%
2026-09-20T07:13:12.327560+00:00 | [1032/1600 | 64.50%] VALID-SKIP | sample=41342 | SNN | TEMP-DRIFT-v2-budget-scaled | wallclock_snn | eps=10%
2026-09-20T07:13:12.327560+00:00 | [1032/1600 | 64.50%] VALID-SKIP | sample=41342 | SNN | PGD | wallclock_snn | eps=10%
2026-09-20T07:13:12.329560+00:00 | [1033/1600 | 64.50%] RUN | sample=41342 | QSNN | TEMP-DRIFT-v2-budget-scaled | access_candidates_21 | eps=5%
2026-09-20T07:13:12.536988+00:00 | [1033/1600 | 64.56%] PASS | runtime=0.21s | valid=1033 | remaining=567 | elapsed=00:09:39 | ETA=calibrating...
2026-09-20T07:13:12.539988+00:00 | [1034/1600 | 64.56%] RUN | sample=41342 | QSNN | TEMP-DRIFT-v2-budget-scaled | access_forwards_41 | eps=5%
2026-09-20T07:13:12.747150+00:00 | [1034/1600 | 64.62%] PASS | runtime=0.21s | valid=1034 | remaining=566 | elapsed=00:09:39 | ETA=calibrating...
2026-09-20T07:13:12.748151+00:00 | [1035/1600 | 64.62%] RUN | sample=41342 | QSNN | TEMP-DRIFT-v2-budget-scaled | wallclock_qsnn | eps=5%
2026-09-20T07:13:14.915850+00:00 | [1035/1600 | 64.69%] PASS | runtime=2.17s | valid=1035 | remaining=565 | elapsed=00:09:41 | ETA=calibrating...
2026-09-20T07:13:14.917851+00:00 | [1036/1600 | 64.69%] RUN | sample=41342 | QSNN | PGD | wallclock_qsnn | eps=5%
2026-09-20T07:13:16.877686+00:00 | [1036/1600 | 64.75%] PASS | runtime=1.96s | valid=1036 | remaining=564 | elapsed=00:09:43 | ETA=calibrating...
2026-09-20T07:13:16.881683+00:00 | [1037/1600 | 64.75%] RUN | sample=41342 | QSNN | TEMP-DRIFT-v2-budget-scaled | access_candidates_21 | eps=10%
2026-09-20T07:13:17.090304+00:00 | [1037/1600 | 64.81%] PASS | runtime=0.21s | valid=1037 | remaining=563 | elapsed=00:09:43 | ETA=calibrating...
2026-09-20T07:13:17.093304+00:00 | [1038/1600 | 64.81%] RUN | sample=41342 | QSNN | TEMP-DRIFT-v2-budget-scaled | access_forwards_41 | eps=10%
2026-09-20T07:13:17.295784+00:00 | [1038/1600 | 64.88%] PASS | runtime=0.20s | valid=1038 | remaining=562 | elapsed=00:09:43 | ETA=calibrating...
2026-09-20T07:13:17.296788+00:00 | [1039/1600 | 64.88%] RUN | sample=41342 | QSNN | TEMP-DRIFT-v2-budget-scaled | wallclock_qsnn | eps=10%
2026-09-20T07:13:19.471707+00:00 | [1039/1600 | 64.94%] PASS | runtime=2.17s | valid=1039 | remaining=561 | elapsed=00:09:46 | ETA=calibrating...
2026-09-20T07:13:19.472704+00:00 | [1040/1600 | 64.94%] RUN | sample=41342 | QSNN | PGD | wallclock_qsnn | eps=10%
2026-09-20T07:13:21.514564+00:00 | [SAMPLE 64/100 | 64.00%] sample_id=41342 COMPLETE
2026-09-20T07:13:21.514564+00:00 | [1040/1600 | 65.00%] PASS | runtime=2.04s | valid=1040 | remaining=560 | elapsed=00:09:48 | ETA=calibrating...
2026-09-20T07:13:21.519566+00:00 | [1040/1600 | 65.00%] VALID-SKIP | sample=37146 | SNN | TEMP-DRIFT-v2-budget-scaled | access_candidates_21 | eps=5%
2026-09-20T07:13:21.520566+00:00 | [1040/1600 | 65.00%] VALID-SKIP | sample=37146 | SNN | TEMP-DRIFT-v2-budget-scaled | access_forwards_41 | eps=5%
2026-09-20T07:13:21.520566+00:00 | [1040/1600 | 65.00%] VALID-SKIP | sample=37146 | SNN | PGD | wallclock_snn | eps=5%
2026-09-20T07:13:21.520566+00:00 | [1040/1600 | 65.00%] VALID-SKIP | sample=37146 | SNN | TEMP-DRIFT-v2-budget-scaled | wallclock_snn | eps=5%
2026-09-20T07:13:21.522566+00:00 | [1040/1600 | 65.00%] VALID-SKIP | sample=37146 | SNN | TEMP-DRIFT-v2-budget-scaled | access_candidates_21 | eps=10%
2026-09-20T07:13:21.524566+00:00 | [1040/1600 | 65.00%] VALID-SKIP | sample=37146 | SNN | TEMP-DRIFT-v2-budget-scaled | access_forwards_41 | eps=10%
2026-09-20T07:13:21.524566+00:00 | [1040/1600 | 65.00%] VALID-SKIP | sample=37146 | SNN | PGD | wallclock_snn | eps=10%
2026-09-20T07:13:21.524566+00:00 | [1040/1600 | 65.00%] VALID-SKIP | sample=37146 | SNN | TEMP-DRIFT-v2-budget-scaled | wallclock_snn | eps=10%
2026-09-20T07:13:21.526567+00:00 | [1041/1600 | 65.00%] RUN | sample=37146 | QSNN | TEMP-DRIFT-v2-budget-scaled | access_candidates_21 | eps=5%
2026-09-20T07:13:21.738679+00:00 | [1041/1600 | 65.06%] PASS | runtime=0.21s | valid=1041 | remaining=559 | elapsed=00:09:48 | ETA=calibrating...
2026-09-20T07:13:21.741680+00:00 | [1042/1600 | 65.06%] RUN | sample=37146 | QSNN | TEMP-DRIFT-v2-budget-scaled | access_forwards_41 | eps=5%
2026-09-20T07:13:21.981648+00:00 | [1042/1600 | 65.12%] PASS | runtime=0.24s | valid=1042 | remaining=558 | elapsed=00:09:48 | ETA=calibrating...
2026-09-20T07:13:21.983648+00:00 | [1043/1600 | 65.12%] RUN | sample=37146 | QSNN | PGD | wallclock_qsnn | eps=5%
2026-09-20T07:13:23.955802+00:00 | [1043/1600 | 65.19%] PASS | runtime=1.97s | valid=1043 | remaining=557 | elapsed=00:09:50 | ETA=calibrating...
2026-09-20T07:13:23.957802+00:00 | [1044/1600 | 65.19%] RUN | sample=37146 | QSNN | TEMP-DRIFT-v2-budget-scaled | wallclock_qsnn | eps=5%
2026-09-20T07:13:26.251311+00:00 | [1044/1600 | 65.25%] PASS | runtime=2.29s | valid=1044 | remaining=556 | elapsed=00:09:52 | ETA=calibrating...
2026-09-20T07:13:26.254311+00:00 | [1045/1600 | 65.25%] RUN | sample=37146 | QSNN | TEMP-DRIFT-v2-budget-scaled | access_candidates_21 | eps=10%
2026-09-20T07:13:26.475594+00:00 | [1045/1600 | 65.31%] PASS | runtime=0.22s | valid=1045 | remaining=555 | elapsed=00:09:53 | ETA=calibrating...
2026-09-20T07:13:26.479593+00:00 | [1046/1600 | 65.31%] RUN | sample=37146 | QSNN | TEMP-DRIFT-v2-budget-scaled | access_forwards_41 | eps=10%
2026-09-20T07:13:26.708713+00:00 | [1046/1600 | 65.38%] PASS | runtime=0.23s | valid=1046 | remaining=554 | elapsed=00:09:53 | ETA=calibrating...
2026-09-20T07:13:26.709714+00:00 | [1047/1600 | 65.38%] RUN | sample=37146 | QSNN | PGD | wallclock_qsnn | eps=10%
2026-09-20T07:13:28.675156+00:00 | [1047/1600 | 65.44%] PASS | runtime=1.96s | valid=1047 | remaining=553 | elapsed=00:09:55 | ETA=calibrating...
2026-09-20T07:13:28.676156+00:00 | [1048/1600 | 65.44%] RUN | sample=37146 | QSNN | TEMP-DRIFT-v2-budget-scaled | wallclock_qsnn | eps=10%
2026-09-20T07:13:30.938148+00:00 | [SAMPLE 65/100 | 65.00%] sample_id=37146 COMPLETE
2026-09-20T07:13:30.938148+00:00 | [1048/1600 | 65.50%] PASS | runtime=2.26s | valid=1048 | remaining=552 | elapsed=00:09:57 | ETA=calibrating...
2026-09-20T07:13:30.942151+00:00 | [1048/1600 | 65.50%] VALID-SKIP | sample=38596 | SNN | TEMP-DRIFT-v2-budget-scaled | access_candidates_21 | eps=5%
2026-09-20T07:13:30.944151+00:00 | [1048/1600 | 65.50%] VALID-SKIP | sample=38596 | SNN | TEMP-DRIFT-v2-budget-scaled | access_forwards_41 | eps=5%
2026-09-20T07:13:30.944151+00:00 | [1048/1600 | 65.50%] VALID-SKIP | sample=38596 | SNN | TEMP-DRIFT-v2-budget-scaled | wallclock_snn | eps=5%
2026-09-20T07:13:30.944151+00:00 | [1048/1600 | 65.50%] VALID-SKIP | sample=38596 | SNN | PGD | wallclock_snn | eps=5%
2026-09-20T07:13:30.946151+00:00 | [1048/1600 | 65.50%] VALID-SKIP | sample=38596 | SNN | TEMP-DRIFT-v2-budget-scaled | access_candidates_21 | eps=10%
2026-09-20T07:13:30.947152+00:00 | [1048/1600 | 65.50%] VALID-SKIP | sample=38596 | SNN | TEMP-DRIFT-v2-budget-scaled | access_forwards_41 | eps=10%
2026-09-20T07:13:30.947152+00:00 | [1048/1600 | 65.50%] VALID-SKIP | sample=38596 | SNN | TEMP-DRIFT-v2-budget-scaled | wallclock_snn | eps=10%
2026-09-20T07:13:30.947152+00:00 | [1048/1600 | 65.50%] VALID-SKIP | sample=38596 | SNN | PGD | wallclock_snn | eps=10%
2026-09-20T07:13:30.949150+00:00 | [1049/1600 | 65.50%] RUN | sample=38596 | QSNN | TEMP-DRIFT-v2-budget-scaled | access_candidates_21 | eps=5%
2026-09-20T07:13:31.153867+00:00 | [1049/1600 | 65.56%] PASS | runtime=0.20s | valid=1049 | remaining=551 | elapsed=00:09:57 | ETA=calibrating...
2026-09-20T07:13:31.156865+00:00 | [1050/1600 | 65.56%] RUN | sample=38596 | QSNN | TEMP-DRIFT-v2-budget-scaled | access_forwards_41 | eps=5%
2026-09-20T07:13:31.373335+00:00 | [1050/1600 | 65.62%] PASS | runtime=0.21s | valid=1050 | remaining=550 | elapsed=00:09:57 | ETA=calibrating...
2026-09-20T07:13:31.374334+00:00 | [1051/1600 | 65.62%] RUN | sample=38596 | QSNN | TEMP-DRIFT-v2-budget-scaled | wallclock_qsnn | eps=5%
2026-09-20T07:13:33.537442+00:00 | [1051/1600 | 65.69%] PASS | runtime=2.16s | valid=1051 | remaining=549 | elapsed=00:10:00 | ETA=calibrating...
2026-09-20T07:13:33.539037+00:00 | [1052/1600 | 65.69%] RUN | sample=38596 | QSNN | PGD | wallclock_qsnn | eps=5%
2026-09-20T07:13:35.598683+00:00 | [1052/1600 | 65.75%] PASS | runtime=2.06s | valid=1052 | remaining=548 | elapsed=00:10:02 | ETA=calibrating...
2026-09-20T07:13:35.601682+00:00 | [1053/1600 | 65.75%] RUN | sample=38596 | QSNN | TEMP-DRIFT-v2-budget-scaled | access_candidates_21 | eps=10%
2026-09-20T07:13:35.800506+00:00 | [1053/1600 | 65.81%] PASS | runtime=0.20s | valid=1053 | remaining=547 | elapsed=00:10:02 | ETA=calibrating...
2026-09-20T07:13:35.804032+00:00 | [1054/1600 | 65.81%] RUN | sample=38596 | QSNN | TEMP-DRIFT-v2-budget-scaled | access_forwards_41 | eps=10%
2026-09-20T07:13:36.010092+00:00 | [1054/1600 | 65.88%] PASS | runtime=0.20s | valid=1054 | remaining=546 | elapsed=00:10:02 | ETA=calibrating...
2026-09-20T07:13:36.011092+00:00 | [1055/1600 | 65.88%] RUN | sample=38596 | QSNN | TEMP-DRIFT-v2-budget-scaled | wallclock_qsnn | eps=10%
2026-09-20T07:13:38.184124+00:00 | [1055/1600 | 65.94%] PASS | runtime=2.17s | valid=1055 | remaining=545 | elapsed=00:10:04 | ETA=calibrating...
2026-09-20T07:13:38.186124+00:00 | [1056/1600 | 65.94%] RUN | sample=38596 | QSNN | PGD | wallclock_qsnn | eps=10%
2026-09-20T07:13:40.212804+00:00 | [SAMPLE 66/100 | 66.00%] sample_id=38596 COMPLETE
2026-09-20T07:13:40.212804+00:00 | [1056/1600 | 66.00%] PASS | runtime=2.02s | valid=1056 | remaining=544 | elapsed=00:10:06 | ETA=calibrating...
2026-09-20T07:13:40.216804+00:00 | [1057/1600 | 66.00%] RUN | sample=37774 | SNN | TEMP-DRIFT-v2-budget-scaled | access_candidates_21 | eps=5%
2026-09-20T07:13:40.287149+00:00 | [1057/1600 | 66.06%] PASS | runtime=0.07s | valid=1057 | remaining=543 | elapsed=00:10:06 | ETA=calibrating...
2026-09-20T07:13:40.289149+00:00 | PROGRESS | Records 1057/1600 (66.06%) | Samples 66/100 (66.00%) | Remaining records 543 | Remaining samples 34 | Elapsed 00:10:06 | ETA: calibrating... | Estimated finish: calibrating...
2026-09-20T07:13:40.293149+00:00 | [1058/1600 | 66.06%] RUN | sample=37774 | SNN | TEMP-DRIFT-v2-budget-scaled | access_forwards_41 | eps=5%
2026-09-20T07:13:40.369240+00:00 | [1058/1600 | 66.12%] PASS | runtime=0.07s | valid=1058 | remaining=542 | elapsed=00:10:06 | ETA=00:06:10
2026-09-20T07:13:40.370240+00:00 | [1059/1600 | 66.12%] RUN | sample=37774 | SNN | PGD | wallclock_snn | eps=5%
2026-09-20T07:13:40.765462+00:00 | [1059/1600 | 66.19%] PASS | runtime=0.39s | valid=1059 | remaining=541 | elapsed=00:10:07 | ETA=00:06:10
2026-09-20T07:13:40.766462+00:00 | [1060/1600 | 66.19%] RUN | sample=37774 | SNN | TEMP-DRIFT-v2-budget-scaled | wallclock_snn | eps=5%
2026-09-20T07:13:41.182023+00:00 | [1060/1600 | 66.25%] PASS | runtime=0.41s | valid=1060 | remaining=540 | elapsed=00:10:07 | ETA=00:06:13
2026-09-20T07:13:41.185024+00:00 | [1061/1600 | 66.25%] RUN | sample=37774 | SNN | TEMP-DRIFT-v2-budget-scaled | access_candidates_21 | eps=10%
2026-09-20T07:13:41.256058+00:00 | [1061/1600 | 66.31%] PASS | runtime=0.07s | valid=1061 | remaining=539 | elapsed=00:10:07 | ETA=00:06:13
2026-09-20T07:13:41.258564+00:00 | [1062/1600 | 66.31%] RUN | sample=37774 | SNN | TEMP-DRIFT-v2-budget-scaled | access_forwards_41 | eps=10%
2026-09-20T07:13:41.335615+00:00 | [1062/1600 | 66.38%] PASS | runtime=0.07s | valid=1062 | remaining=538 | elapsed=00:10:07 | ETA=00:06:13
2026-09-20T07:13:41.336615+00:00 | [1063/1600 | 66.38%] RUN | sample=37774 | SNN | PGD | wallclock_snn | eps=10%
2026-09-20T07:13:41.744779+00:00 | [1063/1600 | 66.44%] PASS | runtime=0.41s | valid=1063 | remaining=537 | elapsed=00:10:08 | ETA=00:06:13
2026-09-20T07:13:41.745778+00:00 | [1064/1600 | 66.44%] RUN | sample=37774 | SNN | TEMP-DRIFT-v2-budget-scaled | wallclock_snn | eps=10%
2026-09-20T07:13:42.157665+00:00 | [1064/1600 | 66.50%] PASS | runtime=0.41s | valid=1064 | remaining=536 | elapsed=00:10:08 | ETA=00:06:14
2026-09-20T07:13:42.160665+00:00 | [1065/1600 | 66.50%] RUN | sample=37774 | QSNN | TEMP-DRIFT-v2-budget-scaled | access_candidates_21 | eps=5%
2026-09-20T07:13:42.363785+00:00 | [1065/1600 | 66.56%] PASS | runtime=0.20s | valid=1065 | remaining=535 | elapsed=00:10:08 | ETA=00:06:14
2026-09-20T07:13:42.366787+00:00 | [1066/1600 | 66.56%] RUN | sample=37774 | QSNN | TEMP-DRIFT-v2-budget-scaled | access_forwards_41 | eps=5%
2026-09-20T07:13:42.585670+00:00 | [1066/1600 | 66.62%] PASS | runtime=0.22s | valid=1066 | remaining=534 | elapsed=00:10:09 | ETA=00:06:13
2026-09-20T07:13:42.587670+00:00 | [1067/1600 | 66.62%] RUN | sample=37774 | QSNN | PGD | wallclock_qsnn | eps=5%
2026-09-20T07:13:44.609240+00:00 | [1067/1600 | 66.69%] PASS | runtime=2.02s | valid=1067 | remaining=533 | elapsed=00:10:11 | ETA=00:06:11
2026-09-20T07:13:44.610239+00:00 | [1068/1600 | 66.69%] RUN | sample=37774 | QSNN | TEMP-DRIFT-v2-budget-scaled | wallclock_qsnn | eps=5%
2026-09-20T07:13:46.813116+00:00 | [1068/1600 | 66.75%] PASS | runtime=2.20s | valid=1068 | remaining=532 | elapsed=00:10:13 | ETA=00:06:09
2026-09-20T07:13:46.816115+00:00 | [1069/1600 | 66.75%] RUN | sample=37774 | QSNN | TEMP-DRIFT-v2-budget-scaled | access_candidates_21 | eps=10%
2026-09-20T07:13:47.034549+00:00 | [1069/1600 | 66.81%] PASS | runtime=0.22s | valid=1069 | remaining=531 | elapsed=00:10:13 | ETA=00:06:09
2026-09-20T07:13:47.038555+00:00 | [1070/1600 | 66.81%] RUN | sample=37774 | QSNN | TEMP-DRIFT-v2-budget-scaled | access_forwards_41 | eps=10%
2026-09-20T07:13:47.246824+00:00 | [1070/1600 | 66.88%] PASS | runtime=0.21s | valid=1070 | remaining=530 | elapsed=00:10:13 | ETA=00:06:09
2026-09-20T07:13:47.248824+00:00 | [1071/1600 | 66.88%] RUN | sample=37774 | QSNN | PGD | wallclock_qsnn | eps=10%
2026-09-20T07:13:49.215935+00:00 | [1071/1600 | 66.94%] PASS | runtime=1.97s | valid=1071 | remaining=529 | elapsed=00:10:15 | ETA=00:06:07
2026-09-20T07:13:49.216934+00:00 | [1072/1600 | 66.94%] RUN | sample=37774 | QSNN | TEMP-DRIFT-v2-budget-scaled | wallclock_qsnn | eps=10%
2026-09-20T07:13:51.467265+00:00 | [SAMPLE 67/100 | 67.00%] sample_id=37774 COMPLETE
2026-09-20T07:13:51.468264+00:00 | [1072/1600 | 67.00%] PASS | runtime=2.25s | valid=1072 | remaining=528 | elapsed=00:10:18 | ETA=00:06:05
2026-09-20T07:13:51.471264+00:00 | [1073/1600 | 67.00%] RUN | sample=39380 | SNN | TEMP-DRIFT-v2-budget-scaled | access_candidates_21 | eps=5%
2026-09-20T07:13:51.542291+00:00 | [1073/1600 | 67.06%] PASS | runtime=0.07s | valid=1073 | remaining=527 | elapsed=00:10:18 | ETA=00:06:05
2026-09-20T07:13:51.545289+00:00 | [1074/1600 | 67.06%] RUN | sample=39380 | SNN | TEMP-DRIFT-v2-budget-scaled | access_forwards_41 | eps=5%
2026-09-20T07:13:51.620447+00:00 | [1074/1600 | 67.12%] PASS | runtime=0.07s | valid=1074 | remaining=526 | elapsed=00:10:18 | ETA=00:06:04
2026-09-20T07:13:51.621449+00:00 | [1075/1600 | 67.12%] RUN | sample=39380 | SNN | TEMP-DRIFT-v2-budget-scaled | wallclock_snn | eps=5%
2026-09-20T07:13:51.989170+00:00 | [1075/1600 | 67.19%] PASS | runtime=0.37s | valid=1075 | remaining=525 | elapsed=00:10:18 | ETA=00:06:04
2026-09-20T07:13:51.990168+00:00 | [1076/1600 | 67.19%] RUN | sample=39380 | SNN | PGD | wallclock_snn | eps=5%
2026-09-20T07:13:52.375744+00:00 | [1076/1600 | 67.25%] PASS | runtime=0.38s | valid=1076 | remaining=524 | elapsed=00:10:18 | ETA=00:06:04
2026-09-20T07:13:52.378744+00:00 | [1077/1600 | 67.25%] RUN | sample=39380 | SNN | TEMP-DRIFT-v2-budget-scaled | access_candidates_21 | eps=10%
2026-09-20T07:13:52.447065+00:00 | [1077/1600 | 67.31%] PASS | runtime=0.07s | valid=1077 | remaining=523 | elapsed=00:10:19 | ETA=00:06:03
2026-09-20T07:13:52.450066+00:00 | [1078/1600 | 67.31%] RUN | sample=39380 | SNN | TEMP-DRIFT-v2-budget-scaled | access_forwards_41 | eps=10%
2026-09-20T07:13:52.524103+00:00 | [1078/1600 | 67.38%] PASS | runtime=0.07s | valid=1078 | remaining=522 | elapsed=00:10:19 | ETA=00:06:03
2026-09-20T07:13:52.525103+00:00 | [1079/1600 | 67.38%] RUN | sample=39380 | SNN | TEMP-DRIFT-v2-budget-scaled | wallclock_snn | eps=10%
2026-09-20T07:13:52.916038+00:00 | [1079/1600 | 67.44%] PASS | runtime=0.39s | valid=1079 | remaining=521 | elapsed=00:10:19 | ETA=00:06:03
2026-09-20T07:13:52.918038+00:00 | [1080/1600 | 67.44%] RUN | sample=39380 | SNN | PGD | wallclock_snn | eps=10%
2026-09-20T07:13:53.298532+00:00 | [1080/1600 | 67.50%] PASS | runtime=0.38s | valid=1080 | remaining=520 | elapsed=00:10:19 | ETA=00:06:03
2026-09-20T07:13:53.300534+00:00 | [1081/1600 | 67.50%] RUN | sample=39380 | QSNN | TEMP-DRIFT-v2-budget-scaled | access_candidates_21 | eps=5%
2026-09-20T07:13:53.499209+00:00 | [1081/1600 | 67.56%] PASS | runtime=0.20s | valid=1081 | remaining=519 | elapsed=00:10:20 | ETA=00:06:03
2026-09-20T07:13:53.501922+00:00 | [1082/1600 | 67.56%] RUN | sample=39380 | QSNN | TEMP-DRIFT-v2-budget-scaled | access_forwards_41 | eps=5%
2026-09-20T07:13:53.719709+00:00 | [1082/1600 | 67.62%] PASS | runtime=0.22s | valid=1082 | remaining=518 | elapsed=00:10:20 | ETA=00:06:02
2026-09-20T07:13:53.721709+00:00 | PROGRESS | Records 1082/1600 (67.62%) | Samples 67/100 (67.00%) | Remaining records 518 | Remaining samples 33 | Elapsed 00:10:20 | ETA: 00:06:02 | Estimated finish: 2026-09-20T07:19:56.088728+00:00
2026-09-20T07:13:53.722708+00:00 | [1083/1600 | 67.62%] RUN | sample=39380 | QSNN | TEMP-DRIFT-v2-budget-scaled | wallclock_qsnn | eps=5%
2026-09-20T07:13:55.888998+00:00 | [1083/1600 | 67.69%] PASS | runtime=2.16s | valid=1083 | remaining=517 | elapsed=00:10:22 | ETA=00:06:00
2026-09-20T07:13:55.889998+00:00 | [1084/1600 | 67.69%] RUN | sample=39380 | QSNN | PGD | wallclock_qsnn | eps=5%
2026-09-20T07:13:57.908853+00:00 | [1084/1600 | 67.75%] PASS | runtime=2.02s | valid=1084 | remaining=516 | elapsed=00:10:24 | ETA=00:05:58
2026-09-20T07:13:57.911853+00:00 | [1085/1600 | 67.75%] RUN | sample=39380 | QSNN | TEMP-DRIFT-v2-budget-scaled | access_candidates_21 | eps=10%
2026-09-20T07:13:58.128605+00:00 | [1085/1600 | 67.81%] PASS | runtime=0.21s | valid=1085 | remaining=515 | elapsed=00:10:24 | ETA=00:05:58
2026-09-20T07:13:58.131606+00:00 | [1086/1600 | 67.81%] RUN | sample=39380 | QSNN | TEMP-DRIFT-v2-budget-scaled | access_forwards_41 | eps=10%
2026-09-20T07:13:58.343215+00:00 | [1086/1600 | 67.88%] PASS | runtime=0.21s | valid=1086 | remaining=514 | elapsed=00:10:24 | ETA=00:05:58
2026-09-20T07:13:58.344212+00:00 | [1087/1600 | 67.88%] RUN | sample=39380 | QSNN | TEMP-DRIFT-v2-budget-scaled | wallclock_qsnn | eps=10%
2026-09-20T07:14:00.478410+00:00 | [1087/1600 | 67.94%] PASS | runtime=2.13s | valid=1087 | remaining=513 | elapsed=00:10:27 | ETA=00:05:56
2026-09-20T07:14:00.480417+00:00 | [1088/1600 | 67.94%] RUN | sample=39380 | QSNN | PGD | wallclock_qsnn | eps=10%
2026-09-20T07:14:02.436344+00:00 | [SAMPLE 68/100 | 68.00%] sample_id=39380 COMPLETE
2026-09-20T07:14:02.436344+00:00 | [1088/1600 | 68.00%] PASS | runtime=1.95s | valid=1088 | remaining=512 | elapsed=00:10:29 | ETA=00:05:53
2026-09-20T07:14:02.439344+00:00 | [1089/1600 | 68.00%] RUN | sample=39729 | SNN | TEMP-DRIFT-v2-budget-scaled | access_candidates_21 | eps=5%
2026-09-20T07:14:02.494286+00:00 | [1089/1600 | 68.06%] PASS | runtime=0.05s | valid=1089 | remaining=511 | elapsed=00:10:29 | ETA=00:05:53
2026-09-20T07:14:02.498286+00:00 | [1090/1600 | 68.06%] RUN | sample=39729 | SNN | TEMP-DRIFT-v2-budget-scaled | access_forwards_41 | eps=5%
2026-09-20T07:14:02.559690+00:00 | [1090/1600 | 68.12%] PASS | runtime=0.06s | valid=1090 | remaining=510 | elapsed=00:10:29 | ETA=00:05:53
2026-09-20T07:14:02.560690+00:00 | [1091/1600 | 68.12%] RUN | sample=39729 | SNN | PGD | wallclock_snn | eps=5%
2026-09-20T07:14:02.907664+00:00 | [1091/1600 | 68.19%] PASS | runtime=0.35s | valid=1091 | remaining=509 | elapsed=00:10:29 | ETA=00:05:52
2026-09-20T07:14:02.908664+00:00 | [1092/1600 | 68.19%] RUN | sample=39729 | SNN | TEMP-DRIFT-v2-budget-scaled | wallclock_snn | eps=5%
2026-09-20T07:14:03.184915+00:00 | [1092/1600 | 68.25%] PASS | runtime=0.27s | valid=1092 | remaining=508 | elapsed=00:10:29 | ETA=00:05:51
2026-09-20T07:14:03.187917+00:00 | [1093/1600 | 68.25%] RUN | sample=39729 | SNN | TEMP-DRIFT-v2-budget-scaled | access_candidates_21 | eps=10%
2026-09-20T07:14:03.253999+00:00 | [1093/1600 | 68.31%] PASS | runtime=0.06s | valid=1093 | remaining=507 | elapsed=00:10:29 | ETA=00:05:51
2026-09-20T07:14:03.256999+00:00 | [1094/1600 | 68.31%] RUN | sample=39729 | SNN | TEMP-DRIFT-v2-budget-scaled | access_forwards_41 | eps=10%
2026-09-20T07:14:03.326610+00:00 | [1094/1600 | 68.38%] PASS | runtime=0.07s | valid=1094 | remaining=506 | elapsed=00:10:29 | ETA=00:05:51
2026-09-20T07:14:03.328610+00:00 | [1095/1600 | 68.38%] RUN | sample=39729 | SNN | PGD | wallclock_snn | eps=10%
2026-09-20T07:14:03.702122+00:00 | [1095/1600 | 68.44%] PASS | runtime=0.37s | valid=1095 | remaining=505 | elapsed=00:10:30 | ETA=00:05:50
2026-09-20T07:14:03.703122+00:00 | [1096/1600 | 68.44%] RUN | sample=39729 | SNN | TEMP-DRIFT-v2-budget-scaled | wallclock_snn | eps=10%
2026-09-20T07:14:03.987483+00:00 | [1096/1600 | 68.50%] PASS | runtime=0.28s | valid=1096 | remaining=504 | elapsed=00:10:30 | ETA=00:05:49
2026-09-20T07:14:03.990483+00:00 | [1097/1600 | 68.50%] RUN | sample=39729 | QSNN | TEMP-DRIFT-v2-budget-scaled | access_candidates_21 | eps=5%
2026-09-20T07:14:04.184904+00:00 | [1097/1600 | 68.56%] PASS | runtime=0.19s | valid=1097 | remaining=503 | elapsed=00:10:30 | ETA=00:05:49
2026-09-20T07:14:04.187904+00:00 | [1098/1600 | 68.56%] RUN | sample=39729 | QSNN | TEMP-DRIFT-v2-budget-scaled | access_forwards_41 | eps=5%
2026-09-20T07:14:04.359640+00:00 | [1098/1600 | 68.62%] PASS | runtime=0.17s | valid=1098 | remaining=502 | elapsed=00:10:30 | ETA=00:05:49
2026-09-20T07:14:04.360640+00:00 | [1099/1600 | 68.62%] RUN | sample=39729 | QSNN | PGD | wallclock_qsnn | eps=5%
2026-09-20T07:14:06.272811+00:00 | [1099/1600 | 68.69%] PASS | runtime=1.91s | valid=1099 | remaining=501 | elapsed=00:10:32 | ETA=00:05:47
2026-09-20T07:14:06.273811+00:00 | [1100/1600 | 68.69%] RUN | sample=39729 | QSNN | TEMP-DRIFT-v2-budget-scaled | wallclock_qsnn | eps=5%
2026-09-20T07:14:08.196968+00:00 | [1100/1600 | 68.75%] PASS | runtime=1.92s | valid=1100 | remaining=500 | elapsed=00:10:34 | ETA=00:05:44
2026-09-20T07:14:08.199968+00:00 | [1101/1600 | 68.75%] RUN | sample=39729 | QSNN | TEMP-DRIFT-v2-budget-scaled | access_candidates_21 | eps=10%
2026-09-20T07:14:08.384677+00:00 | [1101/1600 | 68.81%] PASS | runtime=0.18s | valid=1101 | remaining=499 | elapsed=00:10:34 | ETA=00:05:44
2026-09-20T07:14:08.387677+00:00 | [1102/1600 | 68.81%] RUN | sample=39729 | QSNN | TEMP-DRIFT-v2-budget-scaled | access_forwards_41 | eps=10%
2026-09-20T07:14:08.565481+00:00 | [1102/1600 | 68.88%] PASS | runtime=0.18s | valid=1102 | remaining=498 | elapsed=00:10:35 | ETA=00:05:44
2026-09-20T07:14:08.566479+00:00 | [1103/1600 | 68.88%] RUN | sample=39729 | QSNN | PGD | wallclock_qsnn | eps=10%
2026-09-20T07:14:10.536075+00:00 | [1103/1600 | 68.94%] PASS | runtime=1.97s | valid=1103 | remaining=497 | elapsed=00:10:37 | ETA=00:05:42
2026-09-20T07:14:10.537074+00:00 | [1104/1600 | 68.94%] RUN | sample=39729 | QSNN | TEMP-DRIFT-v2-budget-scaled | wallclock_qsnn | eps=10%
2026-09-20T07:14:12.454902+00:00 | [SAMPLE 69/100 | 69.00%] sample_id=39729 COMPLETE
2026-09-20T07:14:12.454902+00:00 | [1104/1600 | 69.00%] PASS | runtime=1.92s | valid=1104 | remaining=496 | elapsed=00:10:39 | ETA=00:05:40
2026-09-20T07:14:12.458904+00:00 | [1105/1600 | 69.00%] RUN | sample=41325 | SNN | TEMP-DRIFT-v2-budget-scaled | access_candidates_21 | eps=5%
2026-09-20T07:14:12.529426+00:00 | [1105/1600 | 69.06%] PASS | runtime=0.07s | valid=1105 | remaining=495 | elapsed=00:10:39 | ETA=00:05:40
2026-09-20T07:14:12.532428+00:00 | [1106/1600 | 69.06%] RUN | sample=41325 | SNN | TEMP-DRIFT-v2-budget-scaled | access_forwards_41 | eps=5%
2026-09-20T07:14:12.610950+00:00 | [1106/1600 | 69.12%] PASS | runtime=0.08s | valid=1106 | remaining=494 | elapsed=00:10:39 | ETA=00:05:40
2026-09-20T07:14:12.611950+00:00 | [1107/1600 | 69.12%] RUN | sample=41325 | SNN | TEMP-DRIFT-v2-budget-scaled | wallclock_snn | eps=5%
2026-09-20T07:14:12.930579+00:00 | [1107/1600 | 69.19%] PASS | runtime=0.32s | valid=1107 | remaining=493 | elapsed=00:10:39 | ETA=00:05:39
2026-09-20T07:14:12.932580+00:00 | PROGRESS | Records 1107/1600 (69.19%) | Samples 69/100 (69.00%) | Remaining records 493 | Remaining samples 31 | Elapsed 00:10:39 | ETA: 00:05:39 | Estimated finish: 2026-09-20T07:19:51.869777+00:00
2026-09-20T07:14:12.933580+00:00 | [1108/1600 | 69.19%] RUN | sample=41325 | SNN | PGD | wallclock_snn | eps=5%
2026-09-20T07:14:13.326701+00:00 | [1108/1600 | 69.25%] PASS | runtime=0.39s | valid=1108 | remaining=492 | elapsed=00:10:39 | ETA=00:05:39
2026-09-20T07:14:13.330699+00:00 | [1109/1600 | 69.25%] RUN | sample=41325 | SNN | TEMP-DRIFT-v2-budget-scaled | access_candidates_21 | eps=10%
2026-09-20T07:14:13.396205+00:00 | [1109/1600 | 69.31%] PASS | runtime=0.06s | valid=1109 | remaining=491 | elapsed=00:10:39 | ETA=00:05:39
2026-09-20T07:14:13.399812+00:00 | [1110/1600 | 69.31%] RUN | sample=41325 | SNN | TEMP-DRIFT-v2-budget-scaled | access_forwards_41 | eps=10%
2026-09-20T07:14:13.470842+00:00 | [1110/1600 | 69.38%] PASS | runtime=0.07s | valid=1110 | remaining=490 | elapsed=00:10:40 | ETA=00:05:38
2026-09-20T07:14:13.471842+00:00 | [1111/1600 | 69.38%] RUN | sample=41325 | SNN | TEMP-DRIFT-v2-budget-scaled | wallclock_snn | eps=10%
2026-09-20T07:14:13.794267+00:00 | [1111/1600 | 69.44%] PASS | runtime=0.32s | valid=1111 | remaining=489 | elapsed=00:10:40 | ETA=00:05:38
2026-09-20T07:14:13.795267+00:00 | [1112/1600 | 69.44%] RUN | sample=41325 | SNN | PGD | wallclock_snn | eps=10%
2026-09-20T07:14:14.196128+00:00 | [1112/1600 | 69.50%] PASS | runtime=0.40s | valid=1112 | remaining=488 | elapsed=00:10:40 | ETA=00:05:38
2026-09-20T07:14:14.198129+00:00 | [1113/1600 | 69.50%] RUN | sample=41325 | QSNN | TEMP-DRIFT-v2-budget-scaled | access_candidates_21 | eps=5%
2026-09-20T07:14:14.393928+00:00 | [1113/1600 | 69.56%] PASS | runtime=0.19s | valid=1113 | remaining=487 | elapsed=00:10:40 | ETA=00:05:37
2026-09-20T07:14:14.396928+00:00 | [1114/1600 | 69.56%] RUN | sample=41325 | QSNN | TEMP-DRIFT-v2-budget-scaled | access_forwards_41 | eps=5%
2026-09-20T07:14:14.605953+00:00 | [1114/1600 | 69.62%] PASS | runtime=0.21s | valid=1114 | remaining=486 | elapsed=00:10:41 | ETA=00:05:37
2026-09-20T07:14:14.607517+00:00 | [1115/1600 | 69.62%] RUN | sample=41325 | QSNN | TEMP-DRIFT-v2-budget-scaled | wallclock_qsnn | eps=5%
2026-09-20T07:14:16.593062+00:00 | [1115/1600 | 69.69%] PASS | runtime=1.98s | valid=1115 | remaining=485 | elapsed=00:10:43 | ETA=00:05:35
2026-09-20T07:14:16.594063+00:00 | [1116/1600 | 69.69%] RUN | sample=41325 | QSNN | PGD | wallclock_qsnn | eps=5%
2026-09-20T07:14:18.597718+00:00 | [1116/1600 | 69.75%] PASS | runtime=2.00s | valid=1116 | remaining=484 | elapsed=00:10:45 | ETA=00:05:33
2026-09-20T07:14:18.599717+00:00 | [1117/1600 | 69.75%] RUN | sample=41325 | QSNN | TEMP-DRIFT-v2-budget-scaled | access_candidates_21 | eps=10%
2026-09-20T07:14:18.809952+00:00 | [1117/1600 | 69.81%] PASS | runtime=0.21s | valid=1117 | remaining=483 | elapsed=00:10:45 | ETA=00:05:33
2026-09-20T07:14:18.812952+00:00 | [1118/1600 | 69.81%] RUN | sample=41325 | QSNN | TEMP-DRIFT-v2-budget-scaled | access_forwards_41 | eps=10%
2026-09-20T07:14:19.019150+00:00 | [1118/1600 | 69.88%] PASS | runtime=0.20s | valid=1118 | remaining=482 | elapsed=00:10:45 | ETA=00:05:33
2026-09-20T07:14:19.020149+00:00 | [1119/1600 | 69.88%] RUN | sample=41325 | QSNN | TEMP-DRIFT-v2-budget-scaled | wallclock_qsnn | eps=10%
2026-09-20T07:14:21.004133+00:00 | [1119/1600 | 69.94%] PASS | runtime=1.98s | valid=1119 | remaining=481 | elapsed=00:10:47 | ETA=00:05:30
2026-09-20T07:14:21.005133+00:00 | [1120/1600 | 69.94%] RUN | sample=41325 | QSNN | PGD | wallclock_qsnn | eps=10%
2026-09-20T07:14:22.964741+00:00 | [SAMPLE 70/100 | 70.00%] sample_id=41325 COMPLETE
2026-09-20T07:14:22.965741+00:00 | [1120/1600 | 70.00%] PASS | runtime=1.96s | valid=1120 | remaining=480 | elapsed=00:10:49 | ETA=00:05:28
2026-09-20T07:14:22.968740+00:00 | [1121/1600 | 70.00%] RUN | sample=46215 | SNN | TEMP-DRIFT-v2-budget-scaled | access_candidates_21 | eps=5%
2026-09-20T07:14:23.044304+00:00 | [1121/1600 | 70.06%] PASS | runtime=0.07s | valid=1121 | remaining=479 | elapsed=00:10:49 | ETA=00:05:28
2026-09-20T07:14:23.047304+00:00 | [1122/1600 | 70.06%] RUN | sample=46215 | SNN | TEMP-DRIFT-v2-budget-scaled | access_forwards_41 | eps=5%
2026-09-20T07:14:23.120323+00:00 | [1122/1600 | 70.12%] PASS | runtime=0.07s | valid=1122 | remaining=478 | elapsed=00:10:49 | ETA=00:05:28
2026-09-20T07:14:23.121323+00:00 | [1123/1600 | 70.12%] RUN | sample=46215 | SNN | PGD | wallclock_snn | eps=5%
2026-09-20T07:14:23.498700+00:00 | [1123/1600 | 70.19%] PASS | runtime=0.38s | valid=1123 | remaining=477 | elapsed=00:10:50 | ETA=00:05:28
2026-09-20T07:14:23.500700+00:00 | [1124/1600 | 70.19%] RUN | sample=46215 | SNN | TEMP-DRIFT-v2-budget-scaled | wallclock_snn | eps=5%
2026-09-20T07:14:23.871441+00:00 | [1124/1600 | 70.25%] PASS | runtime=0.37s | valid=1124 | remaining=476 | elapsed=00:10:50 | ETA=00:05:28
2026-09-20T07:14:23.874441+00:00 | [1125/1600 | 70.25%] RUN | sample=46215 | SNN | TEMP-DRIFT-v2-budget-scaled | access_candidates_21 | eps=10%
2026-09-20T07:14:23.946471+00:00 | [1125/1600 | 70.31%] PASS | runtime=0.07s | valid=1125 | remaining=475 | elapsed=00:10:50 | ETA=00:05:28
2026-09-20T07:14:23.949471+00:00 | [1126/1600 | 70.31%] RUN | sample=46215 | SNN | TEMP-DRIFT-v2-budget-scaled | access_forwards_41 | eps=10%
2026-09-20T07:14:24.023980+00:00 | [1126/1600 | 70.38%] PASS | runtime=0.07s | valid=1126 | remaining=474 | elapsed=00:10:50 | ETA=00:05:27
2026-09-20T07:14:24.024980+00:00 | [1127/1600 | 70.38%] RUN | sample=46215 | SNN | PGD | wallclock_snn | eps=10%
2026-09-20T07:14:24.405902+00:00 | [1127/1600 | 70.44%] PASS | runtime=0.38s | valid=1127 | remaining=473 | elapsed=00:10:50 | ETA=00:05:27
2026-09-20T07:14:24.406903+00:00 | [1128/1600 | 70.44%] RUN | sample=46215 | SNN | TEMP-DRIFT-v2-budget-scaled | wallclock_snn | eps=10%
2026-09-20T07:14:24.787238+00:00 | [1128/1600 | 70.50%] PASS | runtime=0.38s | valid=1128 | remaining=472 | elapsed=00:10:51 | ETA=00:05:27
2026-09-20T07:14:24.790240+00:00 | [1129/1600 | 70.50%] RUN | sample=46215 | QSNN | TEMP-DRIFT-v2-budget-scaled | access_candidates_21 | eps=5%
2026-09-20T07:14:24.990505+00:00 | [1129/1600 | 70.56%] PASS | runtime=0.20s | valid=1129 | remaining=471 | elapsed=00:10:51 | ETA=00:05:27
2026-09-20T07:14:24.993504+00:00 | [1130/1600 | 70.56%] RUN | sample=46215 | QSNN | TEMP-DRIFT-v2-budget-scaled | access_forwards_41 | eps=5%
2026-09-20T07:14:25.208003+00:00 | [1130/1600 | 70.62%] PASS | runtime=0.21s | valid=1130 | remaining=470 | elapsed=00:10:51 | ETA=00:05:27
2026-09-20T07:14:25.208836+00:00 | [1131/1600 | 70.62%] RUN | sample=46215 | QSNN | PGD | wallclock_qsnn | eps=5%
2026-09-20T07:14:27.161003+00:00 | [1131/1600 | 70.69%] PASS | runtime=1.95s | valid=1131 | remaining=469 | elapsed=00:10:53 | ETA=00:05:24
2026-09-20T07:14:27.162003+00:00 | [1132/1600 | 70.69%] RUN | sample=46215 | QSNN | TEMP-DRIFT-v2-budget-scaled | wallclock_qsnn | eps=5%
2026-09-20T07:14:29.340217+00:00 | [1132/1600 | 70.75%] PASS | runtime=2.18s | valid=1132 | remaining=468 | elapsed=00:10:55 | ETA=00:05:22
2026-09-20T07:14:29.342216+00:00 | PROGRESS | Records 1132/1600 (70.75%) | Samples 70/100 (70.00%) | Remaining records 468 | Remaining samples 30 | Elapsed 00:10:55 | ETA: 00:05:22 | Estimated finish: 2026-09-20T07:19:51.615139+00:00
2026-09-20T07:14:29.345218+00:00 | [1133/1600 | 70.75%] RUN | sample=46215 | QSNN | TEMP-DRIFT-v2-budget-scaled | access_candidates_21 | eps=10%
2026-09-20T07:14:29.559011+00:00 | [1133/1600 | 70.81%] PASS | runtime=0.21s | valid=1133 | remaining=467 | elapsed=00:10:56 | ETA=00:05:22
2026-09-20T07:14:29.562010+00:00 | [1134/1600 | 70.81%] RUN | sample=46215 | QSNN | TEMP-DRIFT-v2-budget-scaled | access_forwards_41 | eps=10%
2026-09-20T07:14:29.770857+00:00 | [1134/1600 | 70.88%] PASS | runtime=0.21s | valid=1134 | remaining=466 | elapsed=00:10:56 | ETA=00:05:22
2026-09-20T07:14:29.772049+00:00 | [1135/1600 | 70.88%] RUN | sample=46215 | QSNN | PGD | wallclock_qsnn | eps=10%
2026-09-20T07:14:31.743037+00:00 | [1135/1600 | 70.94%] PASS | runtime=1.97s | valid=1135 | remaining=465 | elapsed=00:10:58 | ETA=00:05:20
2026-09-20T07:14:31.744034+00:00 | [1136/1600 | 70.94%] RUN | sample=46215 | QSNN | TEMP-DRIFT-v2-budget-scaled | wallclock_qsnn | eps=10%
2026-09-20T07:14:33.948186+00:00 | [SAMPLE 71/100 | 71.00%] sample_id=46215 COMPLETE
2026-09-20T07:14:33.948186+00:00 | [1136/1600 | 71.00%] PASS | runtime=2.20s | valid=1136 | remaining=464 | elapsed=00:11:00 | ETA=00:05:18
2026-09-20T07:14:33.951187+00:00 | [1137/1600 | 71.00%] RUN | sample=44811 | SNN | TEMP-DRIFT-v2-budget-scaled | access_candidates_21 | eps=5%
2026-09-20T07:14:34.020820+00:00 | [1137/1600 | 71.06%] PASS | runtime=0.07s | valid=1137 | remaining=463 | elapsed=00:11:00 | ETA=00:05:18
2026-09-20T07:14:34.023818+00:00 | [1138/1600 | 71.06%] RUN | sample=44811 | SNN | TEMP-DRIFT-v2-budget-scaled | access_forwards_41 | eps=5%
2026-09-20T07:14:34.089846+00:00 | [1138/1600 | 71.12%] PASS | runtime=0.06s | valid=1138 | remaining=462 | elapsed=00:11:00 | ETA=00:05:17
2026-09-20T07:14:34.090846+00:00 | [1139/1600 | 71.12%] RUN | sample=44811 | SNN | TEMP-DRIFT-v2-budget-scaled | wallclock_snn | eps=5%
2026-09-20T07:14:34.379648+00:00 | [1139/1600 | 71.19%] PASS | runtime=0.29s | valid=1139 | remaining=461 | elapsed=00:11:00 | ETA=00:05:17
2026-09-20T07:14:34.380649+00:00 | [1140/1600 | 71.19%] RUN | sample=44811 | SNN | PGD | wallclock_snn | eps=5%
2026-09-20T07:14:34.780348+00:00 | [1140/1600 | 71.25%] PASS | runtime=0.40s | valid=1140 | remaining=460 | elapsed=00:11:01 | ETA=00:05:17
2026-09-20T07:14:34.782349+00:00 | [1141/1600 | 71.25%] RUN | sample=44811 | SNN | TEMP-DRIFT-v2-budget-scaled | access_candidates_21 | eps=10%
2026-09-20T07:14:34.851947+00:00 | [1141/1600 | 71.31%] PASS | runtime=0.07s | valid=1141 | remaining=459 | elapsed=00:11:01 | ETA=00:05:16
2026-09-20T07:14:34.854952+00:00 | [1142/1600 | 71.31%] RUN | sample=44811 | SNN | TEMP-DRIFT-v2-budget-scaled | access_forwards_41 | eps=10%
2026-09-20T07:14:34.925519+00:00 | [1142/1600 | 71.38%] PASS | runtime=0.07s | valid=1142 | remaining=458 | elapsed=00:11:01 | ETA=00:05:16
2026-09-20T07:14:34.927519+00:00 | [1143/1600 | 71.38%] RUN | sample=44811 | SNN | TEMP-DRIFT-v2-budget-scaled | wallclock_snn | eps=10%
2026-09-20T07:14:35.229950+00:00 | [1143/1600 | 71.44%] PASS | runtime=0.30s | valid=1143 | remaining=457 | elapsed=00:11:01 | ETA=00:05:16
2026-09-20T07:14:35.231949+00:00 | [1144/1600 | 71.44%] RUN | sample=44811 | SNN | PGD | wallclock_snn | eps=10%
2026-09-20T07:14:35.649694+00:00 | [1144/1600 | 71.50%] PASS | runtime=0.42s | valid=1144 | remaining=456 | elapsed=00:11:02 | ETA=00:05:16
2026-09-20T07:14:35.652694+00:00 | [1145/1600 | 71.50%] RUN | sample=44811 | QSNN | TEMP-DRIFT-v2-budget-scaled | access_candidates_21 | eps=5%
2026-09-20T07:14:35.860889+00:00 | [1145/1600 | 71.56%] PASS | runtime=0.21s | valid=1145 | remaining=455 | elapsed=00:11:02 | ETA=00:05:15
2026-09-20T07:14:35.862889+00:00 | [1146/1600 | 71.56%] RUN | sample=44811 | QSNN | TEMP-DRIFT-v2-budget-scaled | access_forwards_41 | eps=5%
2026-09-20T07:14:36.072266+00:00 | [1146/1600 | 71.62%] PASS | runtime=0.21s | valid=1146 | remaining=454 | elapsed=00:11:02 | ETA=00:05:15
2026-09-20T07:14:36.074266+00:00 | [1147/1600 | 71.62%] RUN | sample=44811 | QSNN | TEMP-DRIFT-v2-budget-scaled | wallclock_qsnn | eps=5%
2026-09-20T07:14:38.039142+00:00 | [1147/1600 | 71.69%] PASS | runtime=1.96s | valid=1147 | remaining=453 | elapsed=00:11:04 | ETA=00:05:13
2026-09-20T07:14:38.039646+00:00 | [1148/1600 | 71.69%] RUN | sample=44811 | QSNN | PGD | wallclock_qsnn | eps=5%
2026-09-20T07:14:39.966640+00:00 | [1148/1600 | 71.75%] PASS | runtime=1.92s | valid=1148 | remaining=452 | elapsed=00:11:06 | ETA=00:05:11
2026-09-20T07:14:39.969642+00:00 | [1149/1600 | 71.75%] RUN | sample=44811 | QSNN | TEMP-DRIFT-v2-budget-scaled | access_candidates_21 | eps=10%
2026-09-20T07:14:40.174998+00:00 | [1149/1600 | 71.81%] PASS | runtime=0.20s | valid=1149 | remaining=451 | elapsed=00:11:06 | ETA=00:05:11
2026-09-20T07:14:40.177998+00:00 | [1150/1600 | 71.81%] RUN | sample=44811 | QSNN | TEMP-DRIFT-v2-budget-scaled | access_forwards_41 | eps=10%
2026-09-20T07:14:40.384111+00:00 | [1150/1600 | 71.88%] PASS | runtime=0.21s | valid=1150 | remaining=450 | elapsed=00:11:06 | ETA=00:05:10
2026-09-20T07:14:40.386640+00:00 | [1151/1600 | 71.88%] RUN | sample=44811 | QSNN | TEMP-DRIFT-v2-budget-scaled | wallclock_qsnn | eps=10%
2026-09-20T07:14:42.284197+00:00 | [1151/1600 | 71.94%] PASS | runtime=1.90s | valid=1151 | remaining=449 | elapsed=00:11:08 | ETA=00:05:08
2026-09-20T07:14:42.285197+00:00 | [1152/1600 | 71.94%] RUN | sample=44811 | QSNN | PGD | wallclock_qsnn | eps=10%
2026-09-20T07:14:44.302369+00:00 | [SAMPLE 72/100 | 72.00%] sample_id=44811 COMPLETE
2026-09-20T07:14:44.302369+00:00 | [1152/1600 | 72.00%] PASS | runtime=2.02s | valid=1152 | remaining=448 | elapsed=00:11:10 | ETA=00:05:06
2026-09-20T07:14:44.306369+00:00 | [1153/1600 | 72.00%] RUN | sample=45388 | SNN | TEMP-DRIFT-v2-budget-scaled | access_candidates_21 | eps=5%
2026-09-20T07:14:44.377403+00:00 | [1153/1600 | 72.06%] PASS | runtime=0.07s | valid=1153 | remaining=447 | elapsed=00:11:10 | ETA=00:05:06
2026-09-20T07:14:44.380402+00:00 | [1154/1600 | 72.06%] RUN | sample=45388 | SNN | TEMP-DRIFT-v2-budget-scaled | access_forwards_41 | eps=5%
2026-09-20T07:14:44.453925+00:00 | [1154/1600 | 72.12%] PASS | runtime=0.07s | valid=1154 | remaining=446 | elapsed=00:11:11 | ETA=00:05:06
2026-09-20T07:14:44.456532+00:00 | [1155/1600 | 72.12%] RUN | sample=45388 | SNN | PGD | wallclock_snn | eps=5%
2026-09-20T07:14:44.840077+00:00 | [1155/1600 | 72.19%] PASS | runtime=0.38s | valid=1155 | remaining=445 | elapsed=00:11:11 | ETA=00:05:06
2026-09-20T07:14:44.841077+00:00 | [1156/1600 | 72.19%] RUN | sample=45388 | SNN | TEMP-DRIFT-v2-budget-scaled | wallclock_snn | eps=5%
2026-09-20T07:14:45.218192+00:00 | [1156/1600 | 72.25%] PASS | runtime=0.38s | valid=1156 | remaining=444 | elapsed=00:11:11 | ETA=00:05:05
2026-09-20T07:14:45.222192+00:00 | [1157/1600 | 72.25%] RUN | sample=45388 | SNN | TEMP-DRIFT-v2-budget-scaled | access_candidates_21 | eps=10%
2026-09-20T07:14:45.294227+00:00 | [1157/1600 | 72.31%] PASS | runtime=0.07s | valid=1157 | remaining=443 | elapsed=00:11:11 | ETA=00:05:05
2026-09-20T07:14:45.296229+00:00 | PROGRESS | Records 1157/1600 (72.31%) | Samples 72/100 (72.00%) | Remaining records 443 | Remaining samples 28 | Elapsed 00:11:11 | ETA: 00:05:05 | Estimated finish: 2026-09-20T07:19:50.690507+00:00
2026-09-20T07:14:45.299229+00:00 | [1158/1600 | 72.31%] RUN | sample=45388 | SNN | TEMP-DRIFT-v2-budget-scaled | access_forwards_41 | eps=10%
2026-09-20T07:14:45.373734+00:00 | [1158/1600 | 72.38%] PASS | runtime=0.07s | valid=1158 | remaining=442 | elapsed=00:11:11 | ETA=00:05:05
2026-09-20T07:14:45.375737+00:00 | [1159/1600 | 72.38%] RUN | sample=45388 | SNN | PGD | wallclock_snn | eps=10%
2026-09-20T07:14:45.766927+00:00 | [1159/1600 | 72.44%] PASS | runtime=0.39s | valid=1159 | remaining=441 | elapsed=00:11:12 | ETA=00:05:05
2026-09-20T07:14:45.767927+00:00 | [1160/1600 | 72.44%] RUN | sample=45388 | SNN | TEMP-DRIFT-v2-budget-scaled | wallclock_snn | eps=10%
2026-09-20T07:14:46.146038+00:00 | [1160/1600 | 72.50%] PASS | runtime=0.38s | valid=1160 | remaining=440 | elapsed=00:11:12 | ETA=00:05:05
2026-09-20T07:14:46.150040+00:00 | [1161/1600 | 72.50%] RUN | sample=45388 | QSNN | TEMP-DRIFT-v2-budget-scaled | access_candidates_21 | eps=5%
2026-09-20T07:14:46.348827+00:00 | [1161/1600 | 72.56%] PASS | runtime=0.20s | valid=1161 | remaining=439 | elapsed=00:11:12 | ETA=00:05:05
2026-09-20T07:14:46.351827+00:00 | [1162/1600 | 72.56%] RUN | sample=45388 | QSNN | TEMP-DRIFT-v2-budget-scaled | access_forwards_41 | eps=5%
2026-09-20T07:14:46.563316+00:00 | [1162/1600 | 72.62%] PASS | runtime=0.21s | valid=1162 | remaining=438 | elapsed=00:11:13 | ETA=00:05:04
2026-09-20T07:14:46.565316+00:00 | [1163/1600 | 72.62%] RUN | sample=45388 | QSNN | PGD | wallclock_qsnn | eps=5%
2026-09-20T07:14:48.613993+00:00 | [1163/1600 | 72.69%] PASS | runtime=2.05s | valid=1163 | remaining=437 | elapsed=00:11:15 | ETA=00:05:02
2026-09-20T07:14:48.615998+00:00 | [1164/1600 | 72.69%] RUN | sample=45388 | QSNN | TEMP-DRIFT-v2-budget-scaled | wallclock_qsnn | eps=5%
2026-09-20T07:14:50.791158+00:00 | [1164/1600 | 72.75%] PASS | runtime=2.17s | valid=1164 | remaining=436 | elapsed=00:11:17 | ETA=00:05:00
2026-09-20T07:14:50.794159+00:00 | [1165/1600 | 72.75%] RUN | sample=45388 | QSNN | TEMP-DRIFT-v2-budget-scaled | access_candidates_21 | eps=10%
2026-09-20T07:14:51.009857+00:00 | [1165/1600 | 72.81%] PASS | runtime=0.21s | valid=1165 | remaining=435 | elapsed=00:11:17 | ETA=00:05:00
2026-09-20T07:14:51.012859+00:00 | [1166/1600 | 72.81%] RUN | sample=45388 | QSNN | TEMP-DRIFT-v2-budget-scaled | access_forwards_41 | eps=10%
2026-09-20T07:14:51.225322+00:00 | [1166/1600 | 72.88%] PASS | runtime=0.21s | valid=1166 | remaining=434 | elapsed=00:11:17 | ETA=00:05:00
2026-09-20T07:14:51.226320+00:00 | [1167/1600 | 72.88%] RUN | sample=45388 | QSNN | PGD | wallclock_qsnn | eps=10%
2026-09-20T07:14:53.187028+00:00 | [1167/1600 | 72.94%] PASS | runtime=1.96s | valid=1167 | remaining=433 | elapsed=00:11:19 | ETA=00:04:58
2026-09-20T07:14:53.188025+00:00 | [1168/1600 | 72.94%] RUN | sample=45388 | QSNN | TEMP-DRIFT-v2-budget-scaled | wallclock_qsnn | eps=10%
2026-09-20T07:14:55.379011+00:00 | [SAMPLE 73/100 | 73.00%] sample_id=45388 COMPLETE
2026-09-20T07:14:55.380010+00:00 | [1168/1600 | 73.00%] PASS | runtime=2.19s | valid=1168 | remaining=432 | elapsed=00:11:21 | ETA=00:04:56
2026-09-20T07:14:55.383012+00:00 | [1169/1600 | 73.00%] RUN | sample=44618 | SNN | TEMP-DRIFT-v2-budget-scaled | access_candidates_21 | eps=5%
2026-09-20T07:14:55.455578+00:00 | [1169/1600 | 73.06%] PASS | runtime=0.07s | valid=1169 | remaining=431 | elapsed=00:11:22 | ETA=00:04:55
2026-09-20T07:14:55.458582+00:00 | [1170/1600 | 73.06%] RUN | sample=44618 | SNN | TEMP-DRIFT-v2-budget-scaled | access_forwards_41 | eps=5%
2026-09-20T07:14:55.545182+00:00 | [1170/1600 | 73.12%] PASS | runtime=0.08s | valid=1170 | remaining=430 | elapsed=00:11:22 | ETA=00:04:55
2026-09-20T07:14:55.546181+00:00 | [1171/1600 | 73.12%] RUN | sample=44618 | SNN | TEMP-DRIFT-v2-budget-scaled | wallclock_snn | eps=5%
2026-09-20T07:14:55.890934+00:00 | [1171/1600 | 73.19%] PASS | runtime=0.34s | valid=1171 | remaining=429 | elapsed=00:11:22 | ETA=00:04:55
2026-09-20T07:14:55.891933+00:00 | [1172/1600 | 73.19%] RUN | sample=44618 | SNN | PGD | wallclock_snn | eps=5%
2026-09-20T07:14:56.281125+00:00 | [1172/1600 | 73.25%] PASS | runtime=0.39s | valid=1172 | remaining=428 | elapsed=00:11:22 | ETA=00:04:55
2026-09-20T07:14:56.284125+00:00 | [1173/1600 | 73.25%] RUN | sample=44618 | SNN | TEMP-DRIFT-v2-budget-scaled | access_candidates_21 | eps=10%
2026-09-20T07:14:56.353165+00:00 | [1173/1600 | 73.31%] PASS | runtime=0.07s | valid=1173 | remaining=427 | elapsed=00:11:22 | ETA=00:04:55
2026-09-20T07:14:56.355165+00:00 | [1174/1600 | 73.31%] RUN | sample=44618 | SNN | TEMP-DRIFT-v2-budget-scaled | access_forwards_41 | eps=10%
2026-09-20T07:14:56.422713+00:00 | [1174/1600 | 73.38%] PASS | runtime=0.06s | valid=1174 | remaining=426 | elapsed=00:11:23 | ETA=00:04:55
2026-09-20T07:14:56.423713+00:00 | [1175/1600 | 73.38%] RUN | sample=44618 | SNN | TEMP-DRIFT-v2-budget-scaled | wallclock_snn | eps=10%
2026-09-20T07:14:56.771080+00:00 | [1175/1600 | 73.44%] PASS | runtime=0.35s | valid=1175 | remaining=425 | elapsed=00:11:23 | ETA=00:04:54
2026-09-20T07:14:56.772080+00:00 | [1176/1600 | 73.44%] RUN | sample=44618 | SNN | PGD | wallclock_snn | eps=10%
2026-09-20T07:14:57.175269+00:00 | [1176/1600 | 73.50%] PASS | runtime=0.40s | valid=1176 | remaining=424 | elapsed=00:11:23 | ETA=00:04:54
2026-09-20T07:14:57.178270+00:00 | [1177/1600 | 73.50%] RUN | sample=44618 | QSNN | TEMP-DRIFT-v2-budget-scaled | access_candidates_21 | eps=5%
2026-09-20T07:14:57.393052+00:00 | [1177/1600 | 73.56%] PASS | runtime=0.21s | valid=1177 | remaining=423 | elapsed=00:11:23 | ETA=00:04:54
2026-09-20T07:14:57.396057+00:00 | [1178/1600 | 73.56%] RUN | sample=44618 | QSNN | TEMP-DRIFT-v2-budget-scaled | access_forwards_41 | eps=5%
2026-09-20T07:14:57.614024+00:00 | [1178/1600 | 73.62%] PASS | runtime=0.22s | valid=1178 | remaining=422 | elapsed=00:11:24 | ETA=00:04:53
2026-09-20T07:14:57.615023+00:00 | [1179/1600 | 73.62%] RUN | sample=44618 | QSNN | TEMP-DRIFT-v2-budget-scaled | wallclock_qsnn | eps=5%
2026-09-20T07:14:59.786798+00:00 | [1179/1600 | 73.69%] PASS | runtime=2.17s | valid=1179 | remaining=421 | elapsed=00:11:26 | ETA=00:04:51
2026-09-20T07:14:59.787798+00:00 | [1180/1600 | 73.69%] RUN | sample=44618 | QSNN | PGD | wallclock_qsnn | eps=5%
2026-09-20T07:15:01.895191+00:00 | [1180/1600 | 73.75%] PASS | runtime=2.10s | valid=1180 | remaining=420 | elapsed=00:11:28 | ETA=00:04:49
2026-09-20T07:15:01.898189+00:00 | [1181/1600 | 73.75%] RUN | sample=44618 | QSNN | TEMP-DRIFT-v2-budget-scaled | access_candidates_21 | eps=10%
2026-09-20T07:15:02.097804+00:00 | [1181/1600 | 73.81%] PASS | runtime=0.20s | valid=1181 | remaining=419 | elapsed=00:11:28 | ETA=00:04:49
2026-09-20T07:15:02.100805+00:00 | [1182/1600 | 73.81%] RUN | sample=44618 | QSNN | TEMP-DRIFT-v2-budget-scaled | access_forwards_41 | eps=10%
2026-09-20T07:15:02.315726+00:00 | [1182/1600 | 73.88%] PASS | runtime=0.21s | valid=1182 | remaining=418 | elapsed=00:11:28 | ETA=00:04:49
2026-09-20T07:15:02.317724+00:00 | PROGRESS | Records 1182/1600 (73.88%) | Samples 73/100 (73.00%) | Remaining records 418 | Remaining samples 27 | Elapsed 00:11:28 | ETA: 00:04:49 | Estimated finish: 2026-09-20T07:19:51.223221+00:00
2026-09-20T07:15:02.318723+00:00 | [1183/1600 | 73.88%] RUN | sample=44618 | QSNN | TEMP-DRIFT-v2-budget-scaled | wallclock_qsnn | eps=10%
2026-09-20T07:15:04.324155+00:00 | [1183/1600 | 73.94%] PASS | runtime=2.00s | valid=1183 | remaining=417 | elapsed=00:11:30 | ETA=00:04:47
2026-09-20T07:15:04.325155+00:00 | [1184/1600 | 73.94%] RUN | sample=44618 | QSNN | PGD | wallclock_qsnn | eps=10%
2026-09-20T07:15:06.262752+00:00 | [SAMPLE 74/100 | 74.00%] sample_id=44618 COMPLETE
2026-09-20T07:15:06.262752+00:00 | [1184/1600 | 74.00%] PASS | runtime=1.94s | valid=1184 | remaining=416 | elapsed=00:11:32 | ETA=00:04:45
2026-09-20T07:15:06.266751+00:00 | [1185/1600 | 74.00%] RUN | sample=45592 | SNN | TEMP-DRIFT-v2-budget-scaled | access_candidates_21 | eps=5%
2026-09-20T07:15:06.335780+00:00 | [1185/1600 | 74.06%] PASS | runtime=0.07s | valid=1185 | remaining=415 | elapsed=00:11:32 | ETA=00:04:45
2026-09-20T07:15:06.338782+00:00 | [1186/1600 | 74.06%] RUN | sample=45592 | SNN | TEMP-DRIFT-v2-budget-scaled | access_forwards_41 | eps=5%
2026-09-20T07:15:06.410812+00:00 | [1186/1600 | 74.12%] PASS | runtime=0.07s | valid=1186 | remaining=414 | elapsed=00:11:32 | ETA=00:04:44
2026-09-20T07:15:06.411814+00:00 | [1187/1600 | 74.12%] RUN | sample=45592 | SNN | PGD | wallclock_snn | eps=5%
2026-09-20T07:15:06.797856+00:00 | [1187/1600 | 74.19%] PASS | runtime=0.38s | valid=1187 | remaining=413 | elapsed=00:11:33 | ETA=00:04:44
2026-09-20T07:15:06.798853+00:00 | [1188/1600 | 74.19%] RUN | sample=45592 | SNN | TEMP-DRIFT-v2-budget-scaled | wallclock_snn | eps=5%
2026-09-20T07:15:07.187969+00:00 | [1188/1600 | 74.25%] PASS | runtime=0.39s | valid=1188 | remaining=412 | elapsed=00:11:33 | ETA=00:04:44
2026-09-20T07:15:07.190969+00:00 | [1189/1600 | 74.25%] RUN | sample=45592 | SNN | TEMP-DRIFT-v2-budget-scaled | access_candidates_21 | eps=10%
2026-09-20T07:15:07.257587+00:00 | [1189/1600 | 74.31%] PASS | runtime=0.06s | valid=1189 | remaining=411 | elapsed=00:11:33 | ETA=00:04:44
2026-09-20T07:15:07.260586+00:00 | [1190/1600 | 74.31%] RUN | sample=45592 | SNN | TEMP-DRIFT-v2-budget-scaled | access_forwards_41 | eps=10%
2026-09-20T07:15:07.334619+00:00 | [1190/1600 | 74.38%] PASS | runtime=0.07s | valid=1190 | remaining=410 | elapsed=00:11:33 | ETA=00:04:44
2026-09-20T07:15:07.335619+00:00 | [1191/1600 | 74.38%] RUN | sample=45592 | SNN | PGD | wallclock_snn | eps=10%
2026-09-20T07:15:07.729978+00:00 | [1191/1600 | 74.44%] PASS | runtime=0.39s | valid=1191 | remaining=409 | elapsed=00:11:34 | ETA=00:04:43
2026-09-20T07:15:07.730978+00:00 | [1192/1600 | 74.44%] RUN | sample=45592 | SNN | TEMP-DRIFT-v2-budget-scaled | wallclock_snn | eps=10%
2026-09-20T07:15:08.120255+00:00 | [1192/1600 | 74.50%] PASS | runtime=0.39s | valid=1192 | remaining=408 | elapsed=00:11:34 | ETA=00:04:43
2026-09-20T07:15:08.123254+00:00 | [1193/1600 | 74.50%] RUN | sample=45592 | QSNN | TEMP-DRIFT-v2-budget-scaled | access_candidates_21 | eps=5%
2026-09-20T07:15:08.336865+00:00 | [1193/1600 | 74.56%] PASS | runtime=0.21s | valid=1193 | remaining=407 | elapsed=00:11:34 | ETA=00:04:43
2026-09-20T07:15:08.338865+00:00 | [1194/1600 | 74.56%] RUN | sample=45592 | QSNN | TEMP-DRIFT-v2-budget-scaled | access_forwards_41 | eps=5%
2026-09-20T07:15:08.540588+00:00 | [1194/1600 | 74.62%] PASS | runtime=0.20s | valid=1194 | remaining=406 | elapsed=00:11:35 | ETA=00:04:43
2026-09-20T07:15:08.542588+00:00 | [1195/1600 | 74.62%] RUN | sample=45592 | QSNN | PGD | wallclock_qsnn | eps=5%
2026-09-20T07:15:10.470167+00:00 | [1195/1600 | 74.69%] PASS | runtime=1.93s | valid=1195 | remaining=405 | elapsed=00:11:37 | ETA=00:04:41
2026-09-20T07:15:10.472166+00:00 | [1196/1600 | 74.69%] RUN | sample=45592 | QSNN | TEMP-DRIFT-v2-budget-scaled | wallclock_qsnn | eps=5%
2026-09-20T07:15:12.650756+00:00 | [1196/1600 | 74.75%] PASS | runtime=2.18s | valid=1196 | remaining=404 | elapsed=00:11:39 | ETA=00:04:38
2026-09-20T07:15:12.654758+00:00 | [1197/1600 | 74.75%] RUN | sample=45592 | QSNN | TEMP-DRIFT-v2-budget-scaled | access_candidates_21 | eps=10%
2026-09-20T07:15:12.868892+00:00 | [1197/1600 | 74.81%] PASS | runtime=0.21s | valid=1197 | remaining=403 | elapsed=00:11:39 | ETA=00:04:38
2026-09-20T07:15:12.871890+00:00 | [1198/1600 | 74.81%] RUN | sample=45592 | QSNN | TEMP-DRIFT-v2-budget-scaled | access_forwards_41 | eps=10%
2026-09-20T07:15:13.081632+00:00 | [1198/1600 | 74.88%] PASS | runtime=0.21s | valid=1198 | remaining=402 | elapsed=00:11:39 | ETA=00:04:38
2026-09-20T07:15:13.082632+00:00 | [1199/1600 | 74.88%] RUN | sample=45592 | QSNN | PGD | wallclock_qsnn | eps=10%
2026-09-20T07:15:15.077967+00:00 | [1199/1600 | 74.94%] PASS | runtime=1.99s | valid=1199 | remaining=401 | elapsed=00:11:41 | ETA=00:04:36
2026-09-20T07:15:15.078965+00:00 | [1200/1600 | 74.94%] RUN | sample=45592 | QSNN | TEMP-DRIFT-v2-budget-scaled | wallclock_qsnn | eps=10%
2026-09-20T07:15:17.207034+00:00 | [SAMPLE 75/100 | 75.00%] sample_id=45592 COMPLETE
2026-09-20T07:15:17.208032+00:00 | [1200/1600 | 75.00%] PASS | runtime=2.13s | valid=1200 | remaining=400 | elapsed=00:11:43 | ETA=00:04:34
2026-09-20T07:15:17.211033+00:00 | [1201/1600 | 75.00%] RUN | sample=47445 | SNN | TEMP-DRIFT-v2-budget-scaled | access_candidates_21 | eps=5%
2026-09-20T07:15:17.282066+00:00 | [1201/1600 | 75.06%] PASS | runtime=0.07s | valid=1201 | remaining=399 | elapsed=00:11:43 | ETA=00:04:34
2026-09-20T07:15:17.285066+00:00 | [1202/1600 | 75.06%] RUN | sample=47445 | SNN | TEMP-DRIFT-v2-budget-scaled | access_forwards_41 | eps=5%
2026-09-20T07:15:17.358102+00:00 | [1202/1600 | 75.12%] PASS | runtime=0.07s | valid=1202 | remaining=398 | elapsed=00:11:43 | ETA=00:04:34
2026-09-20T07:15:17.359101+00:00 | [1203/1600 | 75.12%] RUN | sample=47445 | SNN | TEMP-DRIFT-v2-budget-scaled | wallclock_snn | eps=5%
2026-09-20T07:15:17.767144+00:00 | [1203/1600 | 75.19%] PASS | runtime=0.41s | valid=1203 | remaining=397 | elapsed=00:11:44 | ETA=00:04:34
2026-09-20T07:15:17.768143+00:00 | [1204/1600 | 75.19%] RUN | sample=47445 | SNN | PGD | wallclock_snn | eps=5%
2026-09-20T07:15:18.158119+00:00 | [1204/1600 | 75.25%] PASS | runtime=0.39s | valid=1204 | remaining=396 | elapsed=00:11:44 | ETA=00:04:33
2026-09-20T07:15:18.160120+00:00 | [1205/1600 | 75.25%] RUN | sample=47445 | SNN | TEMP-DRIFT-v2-budget-scaled | access_candidates_21 | eps=10%
2026-09-20T07:15:18.232385+00:00 | [1205/1600 | 75.31%] PASS | runtime=0.07s | valid=1205 | remaining=395 | elapsed=00:11:44 | ETA=00:04:33
2026-09-20T07:15:18.235384+00:00 | [1206/1600 | 75.31%] RUN | sample=47445 | SNN | TEMP-DRIFT-v2-budget-scaled | access_forwards_41 | eps=10%
2026-09-20T07:15:18.306894+00:00 | [1206/1600 | 75.38%] PASS | runtime=0.07s | valid=1206 | remaining=394 | elapsed=00:11:44 | ETA=00:04:33
2026-09-20T07:15:18.308895+00:00 | [1207/1600 | 75.38%] RUN | sample=47445 | SNN | TEMP-DRIFT-v2-budget-scaled | wallclock_snn | eps=10%
2026-09-20T07:15:18.734691+00:00 | [1207/1600 | 75.44%] PASS | runtime=0.42s | valid=1207 | remaining=393 | elapsed=00:11:45 | ETA=00:04:33
2026-09-20T07:15:18.736691+00:00 | PROGRESS | Records 1207/1600 (75.44%) | Samples 75/100 (75.00%) | Remaining records 393 | Remaining samples 25 | Elapsed 00:11:45 | ETA: 00:04:33 | Estimated finish: 2026-09-20T07:19:51.550829+00:00
2026-09-20T07:15:18.737691+00:00 | [1208/1600 | 75.44%] RUN | sample=47445 | SNN | PGD | wallclock_snn | eps=10%
2026-09-20T07:15:19.135330+00:00 | [1208/1600 | 75.50%] PASS | runtime=0.40s | valid=1208 | remaining=392 | elapsed=00:11:45 | ETA=00:04:32
2026-09-20T07:15:19.138325+00:00 | [1209/1600 | 75.50%] RUN | sample=47445 | QSNN | TEMP-DRIFT-v2-budget-scaled | access_candidates_21 | eps=5%
2026-09-20T07:15:19.346990+00:00 | [1209/1600 | 75.56%] PASS | runtime=0.21s | valid=1209 | remaining=391 | elapsed=00:11:45 | ETA=00:04:32
2026-09-20T07:15:19.350989+00:00 | [1210/1600 | 75.56%] RUN | sample=47445 | QSNN | TEMP-DRIFT-v2-budget-scaled | access_forwards_41 | eps=5%
2026-09-20T07:15:19.550728+00:00 | [1210/1600 | 75.62%] PASS | runtime=0.20s | valid=1210 | remaining=390 | elapsed=00:11:46 | ETA=00:04:32
2026-09-20T07:15:19.552728+00:00 | [1211/1600 | 75.62%] RUN | sample=47445 | QSNN | TEMP-DRIFT-v2-budget-scaled | wallclock_qsnn | eps=5%
2026-09-20T07:15:21.804230+00:00 | [1211/1600 | 75.69%] PASS | runtime=2.25s | valid=1211 | remaining=389 | elapsed=00:11:48 | ETA=00:04:30
2026-09-20T07:15:21.805229+00:00 | [1212/1600 | 75.69%] RUN | sample=47445 | QSNN | PGD | wallclock_qsnn | eps=5%
2026-09-20T07:15:23.843350+00:00 | [1212/1600 | 75.75%] PASS | runtime=2.04s | valid=1212 | remaining=388 | elapsed=00:11:50 | ETA=00:04:28
2026-09-20T07:15:23.846350+00:00 | [1213/1600 | 75.75%] RUN | sample=47445 | QSNN | TEMP-DRIFT-v2-budget-scaled | access_candidates_21 | eps=10%
2026-09-20T07:15:24.054736+00:00 | [1213/1600 | 75.81%] PASS | runtime=0.21s | valid=1213 | remaining=387 | elapsed=00:11:50 | ETA=00:04:28
2026-09-20T07:15:24.057736+00:00 | [1214/1600 | 75.81%] RUN | sample=47445 | QSNN | TEMP-DRIFT-v2-budget-scaled | access_forwards_41 | eps=10%
2026-09-20T07:15:24.263084+00:00 | [1214/1600 | 75.88%] PASS | runtime=0.20s | valid=1214 | remaining=386 | elapsed=00:11:50 | ETA=00:04:27
2026-09-20T07:15:24.264084+00:00 | [1215/1600 | 75.88%] RUN | sample=47445 | QSNN | TEMP-DRIFT-v2-budget-scaled | wallclock_qsnn | eps=10%
2026-09-20T07:15:26.448137+00:00 | [1215/1600 | 75.94%] PASS | runtime=2.18s | valid=1215 | remaining=385 | elapsed=00:11:53 | ETA=00:04:25
2026-09-20T07:15:26.449138+00:00 | [1216/1600 | 75.94%] RUN | sample=47445 | QSNN | PGD | wallclock_qsnn | eps=10%
2026-09-20T07:15:28.392048+00:00 | [SAMPLE 76/100 | 76.00%] sample_id=47445 COMPLETE
2026-09-20T07:15:28.393049+00:00 | [1216/1600 | 76.00%] PASS | runtime=1.94s | valid=1216 | remaining=384 | elapsed=00:11:54 | ETA=00:04:23
2026-09-20T07:15:28.396049+00:00 | [1217/1600 | 76.00%] RUN | sample=45819 | SNN | TEMP-DRIFT-v2-budget-scaled | access_candidates_21 | eps=5%
2026-09-20T07:15:28.466147+00:00 | [1217/1600 | 76.06%] PASS | runtime=0.07s | valid=1217 | remaining=383 | elapsed=00:11:55 | ETA=00:04:23
2026-09-20T07:15:28.468660+00:00 | [1218/1600 | 76.06%] RUN | sample=45819 | SNN | TEMP-DRIFT-v2-budget-scaled | access_forwards_41 | eps=5%
2026-09-20T07:15:28.542209+00:00 | [1218/1600 | 76.12%] PASS | runtime=0.07s | valid=1218 | remaining=382 | elapsed=00:11:55 | ETA=00:04:23
2026-09-20T07:15:28.543209+00:00 | [1219/1600 | 76.12%] RUN | sample=45819 | SNN | PGD | wallclock_snn | eps=5%
2026-09-20T07:15:28.930484+00:00 | [1219/1600 | 76.19%] PASS | runtime=0.39s | valid=1219 | remaining=381 | elapsed=00:11:55 | ETA=00:04:23
2026-09-20T07:15:28.931484+00:00 | [1220/1600 | 76.19%] RUN | sample=45819 | SNN | TEMP-DRIFT-v2-budget-scaled | wallclock_snn | eps=5%
2026-09-20T07:15:29.302765+00:00 | [1220/1600 | 76.25%] PASS | runtime=0.37s | valid=1220 | remaining=380 | elapsed=00:11:55 | ETA=00:04:22
2026-09-20T07:15:29.305765+00:00 | [1221/1600 | 76.25%] RUN | sample=45819 | SNN | TEMP-DRIFT-v2-budget-scaled | access_candidates_21 | eps=10%
2026-09-20T07:15:29.376794+00:00 | [1221/1600 | 76.31%] PASS | runtime=0.07s | valid=1221 | remaining=379 | elapsed=00:11:55 | ETA=00:04:22
2026-09-20T07:15:29.379794+00:00 | [1222/1600 | 76.31%] RUN | sample=45819 | SNN | TEMP-DRIFT-v2-budget-scaled | access_forwards_41 | eps=10%
2026-09-20T07:15:29.452827+00:00 | [1222/1600 | 76.38%] PASS | runtime=0.07s | valid=1222 | remaining=378 | elapsed=00:11:56 | ETA=00:04:22
2026-09-20T07:15:29.453830+00:00 | [1223/1600 | 76.38%] RUN | sample=45819 | SNN | PGD | wallclock_snn | eps=10%
2026-09-20T07:15:29.848688+00:00 | [1223/1600 | 76.44%] PASS | runtime=0.39s | valid=1223 | remaining=377 | elapsed=00:11:56 | ETA=00:04:22
2026-09-20T07:15:29.849686+00:00 | [1224/1600 | 76.44%] RUN | sample=45819 | SNN | TEMP-DRIFT-v2-budget-scaled | wallclock_snn | eps=10%
2026-09-20T07:15:30.229696+00:00 | [1224/1600 | 76.50%] PASS | runtime=0.38s | valid=1224 | remaining=376 | elapsed=00:11:56 | ETA=00:04:22
2026-09-20T07:15:30.232696+00:00 | [1225/1600 | 76.50%] RUN | sample=45819 | QSNN | TEMP-DRIFT-v2-budget-scaled | access_candidates_21 | eps=5%
2026-09-20T07:15:30.441876+00:00 | [1225/1600 | 76.56%] PASS | runtime=0.21s | valid=1225 | remaining=375 | elapsed=00:11:57 | ETA=00:04:21
2026-09-20T07:15:30.444876+00:00 | [1226/1600 | 76.56%] RUN | sample=45819 | QSNN | TEMP-DRIFT-v2-budget-scaled | access_forwards_41 | eps=5%
2026-09-20T07:15:30.651992+00:00 | [1226/1600 | 76.62%] PASS | runtime=0.21s | valid=1226 | remaining=374 | elapsed=00:11:57 | ETA=00:04:21
2026-09-20T07:15:30.653996+00:00 | [1227/1600 | 76.62%] RUN | sample=45819 | QSNN | PGD | wallclock_qsnn | eps=5%
2026-09-20T07:15:32.576112+00:00 | [1227/1600 | 76.69%] PASS | runtime=1.92s | valid=1227 | remaining=373 | elapsed=00:11:59 | ETA=00:04:19
2026-09-20T07:15:32.577112+00:00 | [1228/1600 | 76.69%] RUN | sample=45819 | QSNN | TEMP-DRIFT-v2-budget-scaled | wallclock_qsnn | eps=5%
2026-09-20T07:15:34.723462+00:00 | [1228/1600 | 76.75%] PASS | runtime=2.14s | valid=1228 | remaining=372 | elapsed=00:12:01 | ETA=00:04:17
2026-09-20T07:15:34.727462+00:00 | [1229/1600 | 76.75%] RUN | sample=45819 | QSNN | TEMP-DRIFT-v2-budget-scaled | access_candidates_21 | eps=10%
2026-09-20T07:15:34.933348+00:00 | [1229/1600 | 76.81%] PASS | runtime=0.20s | valid=1229 | remaining=371 | elapsed=00:12:01 | ETA=00:04:17
2026-09-20T07:15:34.936880+00:00 | [1230/1600 | 76.81%] RUN | sample=45819 | QSNN | TEMP-DRIFT-v2-budget-scaled | access_forwards_41 | eps=10%
2026-09-20T07:15:35.139621+00:00 | [1230/1600 | 76.88%] PASS | runtime=0.20s | valid=1230 | remaining=370 | elapsed=00:12:01 | ETA=00:04:17
2026-09-20T07:15:35.141209+00:00 | [1231/1600 | 76.88%] RUN | sample=45819 | QSNN | PGD | wallclock_qsnn | eps=10%
2026-09-20T07:15:37.054375+00:00 | [1231/1600 | 76.94%] PASS | runtime=1.91s | valid=1231 | remaining=369 | elapsed=00:12:03 | ETA=00:04:14
2026-09-20T07:15:37.055374+00:00 | [1232/1600 | 76.94%] RUN | sample=45819 | QSNN | TEMP-DRIFT-v2-budget-scaled | wallclock_qsnn | eps=10%
2026-09-20T07:15:39.202069+00:00 | [SAMPLE 77/100 | 77.00%] sample_id=45819 COMPLETE
2026-09-20T07:15:39.203067+00:00 | [1232/1600 | 77.00%] PASS | runtime=2.14s | valid=1232 | remaining=368 | elapsed=00:12:05 | ETA=00:04:12
2026-09-20T07:15:39.204572+00:00 | PROGRESS | Records 1232/1600 (77.00%) | Samples 77/100 (77.00%) | Remaining records 368 | Remaining samples 23 | Elapsed 00:12:05 | ETA: 00:04:12 | Estimated finish: 2026-09-20T07:19:51.485640+00:00
2026-09-20T07:15:39.207578+00:00 | [1233/1600 | 77.00%] RUN | sample=46852 | SNN | TEMP-DRIFT-v2-budget-scaled | access_candidates_21 | eps=5%
2026-09-20T07:15:39.281136+00:00 | [1233/1600 | 77.06%] PASS | runtime=0.07s | valid=1233 | remaining=367 | elapsed=00:12:05 | ETA=00:04:12
2026-09-20T07:15:39.284141+00:00 | [1234/1600 | 77.06%] RUN | sample=46852 | SNN | TEMP-DRIFT-v2-budget-scaled | access_forwards_41 | eps=5%
2026-09-20T07:15:39.360408+00:00 | [1234/1600 | 77.12%] PASS | runtime=0.07s | valid=1234 | remaining=366 | elapsed=00:12:05 | ETA=00:04:12
2026-09-20T07:15:39.361407+00:00 | [1235/1600 | 77.12%] RUN | sample=46852 | SNN | TEMP-DRIFT-v2-budget-scaled | wallclock_snn | eps=5%
2026-09-20T07:15:39.762114+00:00 | [1235/1600 | 77.19%] PASS | runtime=0.40s | valid=1235 | remaining=365 | elapsed=00:12:06 | ETA=00:04:12
2026-09-20T07:15:39.763114+00:00 | [1236/1600 | 77.19%] RUN | sample=46852 | SNN | PGD | wallclock_snn | eps=5%
2026-09-20T07:15:40.148639+00:00 | [1236/1600 | 77.25%] PASS | runtime=0.38s | valid=1236 | remaining=364 | elapsed=00:12:06 | ETA=00:04:11
2026-09-20T07:15:40.151637+00:00 | [1237/1600 | 77.25%] RUN | sample=46852 | SNN | TEMP-DRIFT-v2-budget-scaled | access_candidates_21 | eps=10%
2026-09-20T07:15:40.220812+00:00 | [1237/1600 | 77.31%] PASS | runtime=0.07s | valid=1237 | remaining=363 | elapsed=00:12:06 | ETA=00:04:11
2026-09-20T07:15:40.223813+00:00 | [1238/1600 | 77.31%] RUN | sample=46852 | SNN | TEMP-DRIFT-v2-budget-scaled | access_forwards_41 | eps=10%
2026-09-20T07:15:40.300866+00:00 | [1238/1600 | 77.38%] PASS | runtime=0.07s | valid=1238 | remaining=362 | elapsed=00:12:06 | ETA=00:04:11
2026-09-20T07:15:40.301865+00:00 | [1239/1600 | 77.38%] RUN | sample=46852 | SNN | TEMP-DRIFT-v2-budget-scaled | wallclock_snn | eps=10%
2026-09-20T07:15:40.703392+00:00 | [1239/1600 | 77.44%] PASS | runtime=0.40s | valid=1239 | remaining=361 | elapsed=00:12:07 | ETA=00:04:11
2026-09-20T07:15:40.704392+00:00 | [1240/1600 | 77.44%] RUN | sample=46852 | SNN | PGD | wallclock_snn | eps=10%
2026-09-20T07:15:41.086779+00:00 | [1240/1600 | 77.50%] PASS | runtime=0.38s | valid=1240 | remaining=360 | elapsed=00:12:07 | ETA=00:04:11
2026-09-20T07:15:41.089779+00:00 | [1241/1600 | 77.50%] RUN | sample=46852 | QSNN | TEMP-DRIFT-v2-budget-scaled | access_candidates_21 | eps=5%
2026-09-20T07:15:41.291025+00:00 | [1241/1600 | 77.56%] PASS | runtime=0.20s | valid=1241 | remaining=359 | elapsed=00:12:07 | ETA=00:04:10
2026-09-20T07:15:41.294026+00:00 | [1242/1600 | 77.56%] RUN | sample=46852 | QSNN | TEMP-DRIFT-v2-budget-scaled | access_forwards_41 | eps=5%
2026-09-20T07:15:41.496171+00:00 | [1242/1600 | 77.62%] PASS | runtime=0.20s | valid=1242 | remaining=358 | elapsed=00:12:08 | ETA=00:04:10
2026-09-20T07:15:41.497170+00:00 | [1243/1600 | 77.62%] RUN | sample=46852 | QSNN | TEMP-DRIFT-v2-budget-scaled | wallclock_qsnn | eps=5%
2026-09-20T07:15:43.668354+00:00 | [1243/1600 | 77.69%] PASS | runtime=2.17s | valid=1243 | remaining=357 | elapsed=00:12:10 | ETA=00:04:08
2026-09-20T07:15:43.669354+00:00 | [1244/1600 | 77.69%] RUN | sample=46852 | QSNN | PGD | wallclock_qsnn | eps=5%
2026-09-20T07:15:45.583027+00:00 | [1244/1600 | 77.75%] PASS | runtime=1.91s | valid=1244 | remaining=356 | elapsed=00:12:12 | ETA=00:04:06
2026-09-20T07:15:45.586026+00:00 | [1245/1600 | 77.75%] RUN | sample=46852 | QSNN | TEMP-DRIFT-v2-budget-scaled | access_candidates_21 | eps=10%
2026-09-20T07:15:45.795322+00:00 | [1245/1600 | 77.81%] PASS | runtime=0.21s | valid=1245 | remaining=355 | elapsed=00:12:12 | ETA=00:04:06
2026-09-20T07:15:45.798322+00:00 | [1246/1600 | 77.81%] RUN | sample=46852 | QSNN | TEMP-DRIFT-v2-budget-scaled | access_forwards_41 | eps=10%
2026-09-20T07:15:45.999543+00:00 | [1246/1600 | 77.88%] PASS | runtime=0.20s | valid=1246 | remaining=354 | elapsed=00:12:12 | ETA=00:04:06
2026-09-20T07:15:46.001543+00:00 | [1247/1600 | 77.88%] RUN | sample=46852 | QSNN | TEMP-DRIFT-v2-budget-scaled | wallclock_qsnn | eps=10%
2026-09-20T07:15:48.184649+00:00 | [1247/1600 | 77.94%] PASS | runtime=2.18s | valid=1247 | remaining=353 | elapsed=00:12:14 | ETA=00:04:04
2026-09-20T07:15:48.185649+00:00 | [1248/1600 | 77.94%] RUN | sample=46852 | QSNN | PGD | wallclock_qsnn | eps=10%
2026-09-20T07:15:50.100652+00:00 | [SAMPLE 78/100 | 78.00%] sample_id=46852 COMPLETE
2026-09-20T07:15:50.100652+00:00 | [1248/1600 | 78.00%] PASS | runtime=1.91s | valid=1248 | remaining=352 | elapsed=00:12:16 | ETA=00:04:01
2026-09-20T07:15:50.103653+00:00 | [1249/1600 | 78.00%] RUN | sample=46465 | SNN | TEMP-DRIFT-v2-budget-scaled | access_candidates_21 | eps=5%
2026-09-20T07:15:50.168700+00:00 | [1249/1600 | 78.06%] PASS | runtime=0.06s | valid=1249 | remaining=351 | elapsed=00:12:16 | ETA=00:04:01
2026-09-20T07:15:50.171700+00:00 | [1250/1600 | 78.06%] RUN | sample=46465 | SNN | TEMP-DRIFT-v2-budget-scaled | access_forwards_41 | eps=5%
2026-09-20T07:15:50.239780+00:00 | [1250/1600 | 78.12%] PASS | runtime=0.07s | valid=1250 | remaining=350 | elapsed=00:12:16 | ETA=00:04:01
2026-09-20T07:15:50.240780+00:00 | [1251/1600 | 78.12%] RUN | sample=46465 | SNN | PGD | wallclock_snn | eps=5%
2026-09-20T07:15:50.637850+00:00 | [1251/1600 | 78.19%] PASS | runtime=0.39s | valid=1251 | remaining=349 | elapsed=00:12:17 | ETA=00:04:01
2026-09-20T07:15:50.638848+00:00 | [1252/1600 | 78.19%] RUN | sample=46465 | SNN | TEMP-DRIFT-v2-budget-scaled | wallclock_snn | eps=5%
2026-09-20T07:15:50.957121+00:00 | [1252/1600 | 78.25%] PASS | runtime=0.31s | valid=1252 | remaining=348 | elapsed=00:12:17 | ETA=00:04:00
2026-09-20T07:15:50.960121+00:00 | [1253/1600 | 78.25%] RUN | sample=46465 | SNN | TEMP-DRIFT-v2-budget-scaled | access_candidates_21 | eps=10%
2026-09-20T07:15:51.026657+00:00 | [1253/1600 | 78.31%] PASS | runtime=0.07s | valid=1253 | remaining=347 | elapsed=00:12:17 | ETA=00:04:00
2026-09-20T07:15:51.029657+00:00 | [1254/1600 | 78.31%] RUN | sample=46465 | SNN | TEMP-DRIFT-v2-budget-scaled | access_forwards_41 | eps=10%
2026-09-20T07:15:51.092682+00:00 | [1254/1600 | 78.38%] PASS | runtime=0.06s | valid=1254 | remaining=346 | elapsed=00:12:17 | ETA=00:04:00
2026-09-20T07:15:51.094682+00:00 | [1255/1600 | 78.38%] RUN | sample=46465 | SNN | PGD | wallclock_snn | eps=10%
2026-09-20T07:15:51.477052+00:00 | [1255/1600 | 78.44%] PASS | runtime=0.38s | valid=1255 | remaining=345 | elapsed=00:12:18 | ETA=00:04:00
2026-09-20T07:15:51.478052+00:00 | [1256/1600 | 78.44%] RUN | sample=46465 | SNN | TEMP-DRIFT-v2-budget-scaled | wallclock_snn | eps=10%
2026-09-20T07:15:51.782824+00:00 | [1256/1600 | 78.50%] PASS | runtime=0.30s | valid=1256 | remaining=344 | elapsed=00:12:18 | ETA=00:03:59
2026-09-20T07:15:51.785824+00:00 | [1257/1600 | 78.50%] RUN | sample=46465 | QSNN | TEMP-DRIFT-v2-budget-scaled | access_candidates_21 | eps=5%
2026-09-20T07:15:51.987401+00:00 | [1257/1600 | 78.56%] PASS | runtime=0.20s | valid=1257 | remaining=343 | elapsed=00:12:18 | ETA=00:03:59
2026-09-20T07:15:51.988402+00:00 | PROGRESS | Records 1257/1600 (78.56%) | Samples 78/100 (78.00%) | Remaining records 343 | Remaining samples 22 | Elapsed 00:12:18 | ETA: 00:03:59 | Estimated finish: 2026-09-20T07:19:51.220074+00:00
2026-09-20T07:15:51.991403+00:00 | [1258/1600 | 78.56%] RUN | sample=46465 | QSNN | TEMP-DRIFT-v2-budget-scaled | access_forwards_41 | eps=5%
2026-09-20T07:15:52.190886+00:00 | [1258/1600 | 78.62%] PASS | runtime=0.20s | valid=1258 | remaining=342 | elapsed=00:12:18 | ETA=00:03:59
2026-09-20T07:15:52.192886+00:00 | [1259/1600 | 78.62%] RUN | sample=46465 | QSNN | PGD | wallclock_qsnn | eps=5%
2026-09-20T07:15:54.185257+00:00 | [1259/1600 | 78.69%] PASS | runtime=1.99s | valid=1259 | remaining=341 | elapsed=00:12:20 | ETA=00:03:57
2026-09-20T07:15:54.186256+00:00 | [1260/1600 | 78.69%] RUN | sample=46465 | QSNN | TEMP-DRIFT-v2-budget-scaled | wallclock_qsnn | eps=5%
2026-09-20T07:15:56.186271+00:00 | [1260/1600 | 78.75%] PASS | runtime=2.00s | valid=1260 | remaining=340 | elapsed=00:12:22 | ETA=00:03:55
2026-09-20T07:15:56.189271+00:00 | [1261/1600 | 78.75%] RUN | sample=46465 | QSNN | TEMP-DRIFT-v2-budget-scaled | access_candidates_21 | eps=10%
2026-09-20T07:15:56.396030+00:00 | [1261/1600 | 78.81%] PASS | runtime=0.20s | valid=1261 | remaining=339 | elapsed=00:12:22 | ETA=00:03:55
2026-09-20T07:15:56.399030+00:00 | [1262/1600 | 78.81%] RUN | sample=46465 | QSNN | TEMP-DRIFT-v2-budget-scaled | access_forwards_41 | eps=10%
2026-09-20T07:15:56.605231+00:00 | [1262/1600 | 78.88%] PASS | runtime=0.20s | valid=1262 | remaining=338 | elapsed=00:12:23 | ETA=00:03:54
2026-09-20T07:15:56.606231+00:00 | [1263/1600 | 78.88%] RUN | sample=46465 | QSNN | PGD | wallclock_qsnn | eps=10%
2026-09-20T07:15:58.553618+00:00 | [1263/1600 | 78.94%] PASS | runtime=1.94s | valid=1263 | remaining=337 | elapsed=00:12:25 | ETA=00:03:52
2026-09-20T07:15:58.555618+00:00 | [1264/1600 | 78.94%] RUN | sample=46465 | QSNN | TEMP-DRIFT-v2-budget-scaled | wallclock_qsnn | eps=10%
2026-09-20T07:16:00.513831+00:00 | [SAMPLE 79/100 | 79.00%] sample_id=46465 COMPLETE
2026-09-20T07:16:00.514831+00:00 | [1264/1600 | 79.00%] PASS | runtime=1.96s | valid=1264 | remaining=336 | elapsed=00:12:27 | ETA=00:03:50
2026-09-20T07:16:00.517831+00:00 | [1265/1600 | 79.00%] RUN | sample=41946 | SNN | TEMP-DRIFT-v2-budget-scaled | access_candidates_21 | eps=5%
2026-09-20T07:16:00.592987+00:00 | [1265/1600 | 79.06%] PASS | runtime=0.07s | valid=1265 | remaining=335 | elapsed=00:12:27 | ETA=00:03:50
2026-09-20T07:16:00.595987+00:00 | [1266/1600 | 79.06%] RUN | sample=41946 | SNN | TEMP-DRIFT-v2-budget-scaled | access_forwards_41 | eps=5%
2026-09-20T07:16:00.667003+00:00 | [1266/1600 | 79.12%] PASS | runtime=0.07s | valid=1266 | remaining=334 | elapsed=00:12:27 | ETA=00:03:50
2026-09-20T07:16:00.668002+00:00 | [1267/1600 | 79.12%] RUN | sample=41946 | SNN | TEMP-DRIFT-v2-budget-scaled | wallclock_snn | eps=5%
2026-09-20T07:16:00.994188+00:00 | [1267/1600 | 79.19%] PASS | runtime=0.32s | valid=1267 | remaining=333 | elapsed=00:12:27 | ETA=00:03:50
2026-09-20T07:16:00.995188+00:00 | [1268/1600 | 79.19%] RUN | sample=41946 | SNN | PGD | wallclock_snn | eps=5%
2026-09-20T07:16:01.400324+00:00 | [1268/1600 | 79.25%] PASS | runtime=0.40s | valid=1268 | remaining=332 | elapsed=00:12:27 | ETA=00:03:49
2026-09-20T07:16:01.402325+00:00 | [1269/1600 | 79.25%] RUN | sample=41946 | SNN | TEMP-DRIFT-v2-budget-scaled | access_candidates_21 | eps=10%
2026-09-20T07:16:01.470923+00:00 | [1269/1600 | 79.31%] PASS | runtime=0.07s | valid=1269 | remaining=331 | elapsed=00:12:28 | ETA=00:03:49
2026-09-20T07:16:01.473924+00:00 | [1270/1600 | 79.31%] RUN | sample=41946 | SNN | TEMP-DRIFT-v2-budget-scaled | access_forwards_41 | eps=10%
2026-09-20T07:16:01.540958+00:00 | [1270/1600 | 79.38%] PASS | runtime=0.07s | valid=1270 | remaining=330 | elapsed=00:12:28 | ETA=00:03:49
2026-09-20T07:16:01.541958+00:00 | [1271/1600 | 79.38%] RUN | sample=41946 | SNN | TEMP-DRIFT-v2-budget-scaled | wallclock_snn | eps=10%
2026-09-20T07:16:01.848757+00:00 | [1271/1600 | 79.44%] PASS | runtime=0.30s | valid=1271 | remaining=329 | elapsed=00:12:28 | ETA=00:03:49
2026-09-20T07:16:01.848757+00:00 | [1272/1600 | 79.44%] RUN | sample=41946 | SNN | PGD | wallclock_snn | eps=10%
2026-09-20T07:16:02.251055+00:00 | [1272/1600 | 79.50%] PASS | runtime=0.40s | valid=1272 | remaining=328 | elapsed=00:12:28 | ETA=00:03:48
2026-09-20T07:16:02.254239+00:00 | [1273/1600 | 79.50%] RUN | sample=41946 | QSNN | TEMP-DRIFT-v2-budget-scaled | access_candidates_21 | eps=5%
2026-09-20T07:16:02.450808+00:00 | [1273/1600 | 79.56%] PASS | runtime=0.19s | valid=1273 | remaining=327 | elapsed=00:12:29 | ETA=00:03:48
2026-09-20T07:16:02.453808+00:00 | [1274/1600 | 79.56%] RUN | sample=41946 | QSNN | TEMP-DRIFT-v2-budget-scaled | access_forwards_41 | eps=5%
2026-09-20T07:16:02.661053+00:00 | [1274/1600 | 79.62%] PASS | runtime=0.21s | valid=1274 | remaining=326 | elapsed=00:12:29 | ETA=00:03:48
2026-09-20T07:16:02.662325+00:00 | [1275/1600 | 79.62%] RUN | sample=41946 | QSNN | TEMP-DRIFT-v2-budget-scaled | wallclock_qsnn | eps=5%
2026-09-20T07:16:04.642997+00:00 | [1275/1600 | 79.69%] PASS | runtime=1.98s | valid=1275 | remaining=325 | elapsed=00:12:31 | ETA=00:03:46
2026-09-20T07:16:04.643997+00:00 | [1276/1600 | 79.69%] RUN | sample=41946 | QSNN | PGD | wallclock_qsnn | eps=5%
2026-09-20T07:16:06.653723+00:00 | [1276/1600 | 79.75%] PASS | runtime=2.01s | valid=1276 | remaining=324 | elapsed=00:12:33 | ETA=00:03:44
2026-09-20T07:16:06.656725+00:00 | [1277/1600 | 79.75%] RUN | sample=41946 | QSNN | TEMP-DRIFT-v2-budget-scaled | access_candidates_21 | eps=10%
2026-09-20T07:16:06.853002+00:00 | [1277/1600 | 79.81%] PASS | runtime=0.19s | valid=1277 | remaining=323 | elapsed=00:12:33 | ETA=00:03:43
2026-09-20T07:16:06.856001+00:00 | [1278/1600 | 79.81%] RUN | sample=41946 | QSNN | TEMP-DRIFT-v2-budget-scaled | access_forwards_41 | eps=10%
2026-09-20T07:16:07.056655+00:00 | [1278/1600 | 79.88%] PASS | runtime=0.20s | valid=1278 | remaining=322 | elapsed=00:12:33 | ETA=00:03:43
2026-09-20T07:16:07.057658+00:00 | [1279/1600 | 79.88%] RUN | sample=41946 | QSNN | TEMP-DRIFT-v2-budget-scaled | wallclock_qsnn | eps=10%
2026-09-20T07:16:09.044912+00:00 | [1279/1600 | 79.94%] PASS | runtime=1.99s | valid=1279 | remaining=321 | elapsed=00:12:35 | ETA=00:03:41
2026-09-20T07:16:09.045914+00:00 | [1280/1600 | 79.94%] RUN | sample=41946 | QSNN | PGD | wallclock_qsnn | eps=10%
2026-09-20T07:16:10.993144+00:00 | [SAMPLE 80/100 | 80.00%] sample_id=41946 COMPLETE
2026-09-20T07:16:10.993144+00:00 | [1280/1600 | 80.00%] PASS | runtime=1.94s | valid=1280 | remaining=320 | elapsed=00:12:37 | ETA=00:03:39
2026-09-20T07:16:10.997150+00:00 | [1281/1600 | 80.00%] RUN | sample=49349 | SNN | TEMP-DRIFT-v2-budget-scaled | access_candidates_21 | eps=5%
2026-09-20T07:16:11.065658+00:00 | [1281/1600 | 80.06%] PASS | runtime=0.07s | valid=1281 | remaining=319 | elapsed=00:12:37 | ETA=00:03:39
2026-09-20T07:16:11.068660+00:00 | [1282/1600 | 80.06%] RUN | sample=49349 | SNN | TEMP-DRIFT-v2-budget-scaled | access_forwards_41 | eps=5%
2026-09-20T07:16:11.142207+00:00 | [1282/1600 | 80.12%] PASS | runtime=0.07s | valid=1282 | remaining=318 | elapsed=00:12:37 | ETA=00:03:39
2026-09-20T07:16:11.144206+00:00 | PROGRESS | Records 1282/1600 (80.12%) | Samples 80/100 (80.00%) | Remaining records 318 | Remaining samples 20 | Elapsed 00:12:37 | ETA: 00:03:39 | Estimated finish: 2026-09-20T07:19:49.945330+00:00
2026-09-20T07:16:11.145207+00:00 | [1283/1600 | 80.12%] RUN | sample=49349 | SNN | PGD | wallclock_snn | eps=5%
2026-09-20T07:16:11.523316+00:00 | [1283/1600 | 80.19%] PASS | runtime=0.38s | valid=1283 | remaining=317 | elapsed=00:12:38 | ETA=00:03:38
2026-09-20T07:16:11.524313+00:00 | [1284/1600 | 80.19%] RUN | sample=49349 | SNN | TEMP-DRIFT-v2-budget-scaled | wallclock_snn | eps=5%
2026-09-20T07:16:11.910331+00:00 | [1284/1600 | 80.25%] PASS | runtime=0.38s | valid=1284 | remaining=316 | elapsed=00:12:38 | ETA=00:03:38
2026-09-20T07:16:11.913330+00:00 | [1285/1600 | 80.25%] RUN | sample=49349 | SNN | TEMP-DRIFT-v2-budget-scaled | access_candidates_21 | eps=10%
2026-09-20T07:16:11.986529+00:00 | [1285/1600 | 80.31%] PASS | runtime=0.07s | valid=1285 | remaining=315 | elapsed=00:12:38 | ETA=00:03:38
2026-09-20T07:16:11.989528+00:00 | [1286/1600 | 80.31%] RUN | sample=49349 | SNN | TEMP-DRIFT-v2-budget-scaled | access_forwards_41 | eps=10%
2026-09-20T07:16:12.061587+00:00 | [1286/1600 | 80.38%] PASS | runtime=0.07s | valid=1286 | remaining=314 | elapsed=00:12:38 | ETA=00:03:38
2026-09-20T07:16:12.062590+00:00 | [1287/1600 | 80.38%] RUN | sample=49349 | SNN | PGD | wallclock_snn | eps=10%
2026-09-20T07:16:12.450229+00:00 | [1287/1600 | 80.44%] PASS | runtime=0.39s | valid=1287 | remaining=313 | elapsed=00:12:39 | ETA=00:03:38
2026-09-20T07:16:12.452236+00:00 | [1288/1600 | 80.44%] RUN | sample=49349 | SNN | TEMP-DRIFT-v2-budget-scaled | wallclock_snn | eps=10%
2026-09-20T07:16:12.842714+00:00 | [1288/1600 | 80.50%] PASS | runtime=0.39s | valid=1288 | remaining=312 | elapsed=00:12:39 | ETA=00:03:37
2026-09-20T07:16:12.845714+00:00 | [1289/1600 | 80.50%] RUN | sample=49349 | QSNN | TEMP-DRIFT-v2-budget-scaled | access_candidates_21 | eps=5%
2026-09-20T07:16:13.050114+00:00 | [1289/1600 | 80.56%] PASS | runtime=0.20s | valid=1289 | remaining=311 | elapsed=00:12:39 | ETA=00:03:37
2026-09-20T07:16:13.053117+00:00 | [1290/1600 | 80.56%] RUN | sample=49349 | QSNN | TEMP-DRIFT-v2-budget-scaled | access_forwards_41 | eps=5%
2026-09-20T07:16:13.251403+00:00 | [1290/1600 | 80.62%] PASS | runtime=0.20s | valid=1290 | remaining=310 | elapsed=00:12:39 | ETA=00:03:37
2026-09-20T07:16:13.252404+00:00 | [1291/1600 | 80.62%] RUN | sample=49349 | QSNN | PGD | wallclock_qsnn | eps=5%
2026-09-20T07:16:15.144752+00:00 | [1291/1600 | 80.69%] PASS | runtime=1.89s | valid=1291 | remaining=309 | elapsed=00:12:41 | ETA=00:03:35
2026-09-20T07:16:15.145750+00:00 | [1292/1600 | 80.69%] RUN | sample=49349 | QSNN | TEMP-DRIFT-v2-budget-scaled | wallclock_qsnn | eps=5%
2026-09-20T07:16:17.275890+00:00 | [1292/1600 | 80.75%] PASS | runtime=2.13s | valid=1292 | remaining=308 | elapsed=00:12:43 | ETA=00:03:33
2026-09-20T07:16:17.278891+00:00 | [1293/1600 | 80.75%] RUN | sample=49349 | QSNN | TEMP-DRIFT-v2-budget-scaled | access_candidates_21 | eps=10%
2026-09-20T07:16:17.487695+00:00 | [1293/1600 | 80.81%] PASS | runtime=0.21s | valid=1293 | remaining=307 | elapsed=00:12:44 | ETA=00:03:32
2026-09-20T07:16:17.489695+00:00 | [1294/1600 | 80.81%] RUN | sample=49349 | QSNN | TEMP-DRIFT-v2-budget-scaled | access_forwards_41 | eps=10%
2026-09-20T07:16:17.698345+00:00 | [1294/1600 | 80.88%] PASS | runtime=0.21s | valid=1294 | remaining=306 | elapsed=00:12:44 | ETA=00:03:32
2026-09-20T07:16:17.699342+00:00 | [1295/1600 | 80.88%] RUN | sample=49349 | QSNN | PGD | wallclock_qsnn | eps=10%
2026-09-20T07:16:19.675129+00:00 | [1295/1600 | 80.94%] PASS | runtime=1.97s | valid=1295 | remaining=305 | elapsed=00:12:46 | ETA=00:03:30
2026-09-20T07:16:19.676128+00:00 | [1296/1600 | 80.94%] RUN | sample=49349 | QSNN | TEMP-DRIFT-v2-budget-scaled | wallclock_qsnn | eps=10%
2026-09-20T07:16:21.841540+00:00 | [SAMPLE 81/100 | 81.00%] sample_id=49349 COMPLETE
2026-09-20T07:16:21.842540+00:00 | [1296/1600 | 81.00%] PASS | runtime=2.16s | valid=1296 | remaining=304 | elapsed=00:12:48 | ETA=00:03:28
2026-09-20T07:16:21.845540+00:00 | [1297/1600 | 81.00%] RUN | sample=52850 | SNN | TEMP-DRIFT-v2-budget-scaled | access_candidates_21 | eps=5%
2026-09-20T07:16:21.919052+00:00 | [1297/1600 | 81.06%] PASS | runtime=0.07s | valid=1297 | remaining=303 | elapsed=00:12:48 | ETA=00:03:28
2026-09-20T07:16:21.923052+00:00 | [1298/1600 | 81.06%] RUN | sample=52850 | SNN | TEMP-DRIFT-v2-budget-scaled | access_forwards_41 | eps=5%
2026-09-20T07:16:22.000926+00:00 | [1298/1600 | 81.12%] PASS | runtime=0.08s | valid=1298 | remaining=302 | elapsed=00:12:48 | ETA=00:03:28
2026-09-20T07:16:22.001926+00:00 | [1299/1600 | 81.12%] RUN | sample=52850 | SNN | TEMP-DRIFT-v2-budget-scaled | wallclock_snn | eps=5%
2026-09-20T07:16:22.381258+00:00 | [1299/1600 | 81.19%] PASS | runtime=0.38s | valid=1299 | remaining=301 | elapsed=00:12:48 | ETA=00:03:28
2026-09-20T07:16:22.383258+00:00 | [1300/1600 | 81.19%] RUN | sample=52850 | SNN | PGD | wallclock_snn | eps=5%
2026-09-20T07:16:22.768602+00:00 | [1300/1600 | 81.25%] PASS | runtime=0.38s | valid=1300 | remaining=300 | elapsed=00:12:49 | ETA=00:03:27
2026-09-20T07:16:22.771602+00:00 | [1301/1600 | 81.25%] RUN | sample=52850 | SNN | TEMP-DRIFT-v2-budget-scaled | access_candidates_21 | eps=10%
2026-09-20T07:16:22.841646+00:00 | [1301/1600 | 81.31%] PASS | runtime=0.07s | valid=1301 | remaining=299 | elapsed=00:12:49 | ETA=00:03:27
2026-09-20T07:16:22.844646+00:00 | [1302/1600 | 81.31%] RUN | sample=52850 | SNN | TEMP-DRIFT-v2-budget-scaled | access_forwards_41 | eps=10%
2026-09-20T07:16:22.919157+00:00 | [1302/1600 | 81.38%] PASS | runtime=0.07s | valid=1302 | remaining=298 | elapsed=00:12:49 | ETA=00:03:27
2026-09-20T07:16:22.920156+00:00 | [1303/1600 | 81.38%] RUN | sample=52850 | SNN | TEMP-DRIFT-v2-budget-scaled | wallclock_snn | eps=10%
2026-09-20T07:16:23.304509+00:00 | [1303/1600 | 81.44%] PASS | runtime=0.38s | valid=1303 | remaining=297 | elapsed=00:12:49 | ETA=00:03:27
2026-09-20T07:16:23.306509+00:00 | [1304/1600 | 81.44%] RUN | sample=52850 | SNN | PGD | wallclock_snn | eps=10%
2026-09-20T07:16:23.698005+00:00 | [1304/1600 | 81.50%] PASS | runtime=0.39s | valid=1304 | remaining=296 | elapsed=00:12:50 | ETA=00:03:26
2026-09-20T07:16:23.701009+00:00 | [1305/1600 | 81.50%] RUN | sample=52850 | QSNN | TEMP-DRIFT-v2-budget-scaled | access_candidates_21 | eps=5%
2026-09-20T07:16:23.907165+00:00 | [1305/1600 | 81.56%] PASS | runtime=0.20s | valid=1305 | remaining=295 | elapsed=00:12:50 | ETA=00:03:26
2026-09-20T07:16:23.910170+00:00 | [1306/1600 | 81.56%] RUN | sample=52850 | QSNN | TEMP-DRIFT-v2-budget-scaled | access_forwards_41 | eps=5%
2026-09-20T07:16:24.116822+00:00 | [1306/1600 | 81.62%] PASS | runtime=0.20s | valid=1306 | remaining=294 | elapsed=00:12:50 | ETA=00:03:26
2026-09-20T07:16:24.117821+00:00 | [1307/1600 | 81.62%] RUN | sample=52850 | QSNN | TEMP-DRIFT-v2-budget-scaled | wallclock_qsnn | eps=5%
2026-09-20T07:16:26.246655+00:00 | [1307/1600 | 81.69%] PASS | runtime=2.13s | valid=1307 | remaining=293 | elapsed=00:12:52 | ETA=00:03:24
2026-09-20T07:16:26.248658+00:00 | PROGRESS | Records 1307/1600 (81.69%) | Samples 81/100 (81.00%) | Remaining records 293 | Remaining samples 19 | Elapsed 00:12:52 | ETA: 00:03:24 | Estimated finish: 2026-09-20T07:19:50.054925+00:00
2026-09-20T07:16:26.249660+00:00 | [1308/1600 | 81.69%] RUN | sample=52850 | QSNN | PGD | wallclock_qsnn | eps=5%
2026-09-20T07:16:28.269315+00:00 | [1308/1600 | 81.75%] PASS | runtime=2.02s | valid=1308 | remaining=292 | elapsed=00:12:54 | ETA=00:03:22
2026-09-20T07:16:28.272315+00:00 | [1309/1600 | 81.75%] RUN | sample=52850 | QSNN | TEMP-DRIFT-v2-budget-scaled | access_candidates_21 | eps=10%
2026-09-20T07:16:28.478119+00:00 | [1309/1600 | 81.81%] PASS | runtime=0.20s | valid=1309 | remaining=291 | elapsed=00:12:55 | ETA=00:03:22
2026-09-20T07:16:28.481120+00:00 | [1310/1600 | 81.81%] RUN | sample=52850 | QSNN | TEMP-DRIFT-v2-budget-scaled | access_forwards_41 | eps=10%
2026-09-20T07:16:28.681905+00:00 | [1310/1600 | 81.88%] PASS | runtime=0.20s | valid=1310 | remaining=290 | elapsed=00:12:55 | ETA=00:03:21
2026-09-20T07:16:28.683907+00:00 | [1311/1600 | 81.88%] RUN | sample=52850 | QSNN | TEMP-DRIFT-v2-budget-scaled | wallclock_qsnn | eps=10%
2026-09-20T07:16:30.819873+00:00 | [1311/1600 | 81.94%] PASS | runtime=2.13s | valid=1311 | remaining=289 | elapsed=00:12:57 | ETA=00:03:19
2026-09-20T07:16:30.820873+00:00 | [1312/1600 | 81.94%] RUN | sample=52850 | QSNN | PGD | wallclock_qsnn | eps=10%
2026-09-20T07:16:32.747845+00:00 | [SAMPLE 82/100 | 82.00%] sample_id=52850 COMPLETE
2026-09-20T07:16:32.747845+00:00 | [1312/1600 | 82.00%] PASS | runtime=1.92s | valid=1312 | remaining=288 | elapsed=00:12:59 | ETA=00:03:17
2026-09-20T07:16:32.751845+00:00 | [1313/1600 | 82.00%] RUN | sample=49258 | SNN | TEMP-DRIFT-v2-budget-scaled | access_candidates_21 | eps=5%
2026-09-20T07:16:32.820350+00:00 | [1313/1600 | 82.06%] PASS | runtime=0.07s | valid=1313 | remaining=287 | elapsed=00:12:59 | ETA=00:03:17
2026-09-20T07:16:32.823874+00:00 | [1314/1600 | 82.06%] RUN | sample=49258 | SNN | TEMP-DRIFT-v2-budget-scaled | access_forwards_41 | eps=5%
2026-09-20T07:16:32.891876+00:00 | [1314/1600 | 82.12%] PASS | runtime=0.07s | valid=1314 | remaining=286 | elapsed=00:12:59 | ETA=00:03:17
2026-09-20T07:16:32.893876+00:00 | [1315/1600 | 82.12%] RUN | sample=49258 | SNN | PGD | wallclock_snn | eps=5%
2026-09-20T07:16:33.270161+00:00 | [1315/1600 | 82.19%] PASS | runtime=0.37s | valid=1315 | remaining=285 | elapsed=00:12:59 | ETA=00:03:17
2026-09-20T07:16:33.271161+00:00 | [1316/1600 | 82.19%] RUN | sample=49258 | SNN | TEMP-DRIFT-v2-budget-scaled | wallclock_snn | eps=5%
2026-09-20T07:16:33.604460+00:00 | [1316/1600 | 82.25%] PASS | runtime=0.33s | valid=1316 | remaining=284 | elapsed=00:13:00 | ETA=00:03:16
2026-09-20T07:16:33.607969+00:00 | [1317/1600 | 82.25%] RUN | sample=49258 | SNN | TEMP-DRIFT-v2-budget-scaled | access_candidates_21 | eps=10%
2026-09-20T07:16:33.677531+00:00 | [1317/1600 | 82.31%] PASS | runtime=0.07s | valid=1317 | remaining=283 | elapsed=00:13:00 | ETA=00:03:16
2026-09-20T07:16:33.680533+00:00 | [1318/1600 | 82.31%] RUN | sample=49258 | SNN | TEMP-DRIFT-v2-budget-scaled | access_forwards_41 | eps=10%
2026-09-20T07:16:33.747372+00:00 | [1318/1600 | 82.38%] PASS | runtime=0.07s | valid=1318 | remaining=282 | elapsed=00:13:00 | ETA=00:03:16
2026-09-20T07:16:33.749372+00:00 | [1319/1600 | 82.38%] RUN | sample=49258 | SNN | PGD | wallclock_snn | eps=10%
2026-09-20T07:16:34.158400+00:00 | [1319/1600 | 82.44%] PASS | runtime=0.41s | valid=1319 | remaining=281 | elapsed=00:13:00 | ETA=00:03:16
2026-09-20T07:16:34.159399+00:00 | [1320/1600 | 82.44%] RUN | sample=49258 | SNN | TEMP-DRIFT-v2-budget-scaled | wallclock_snn | eps=10%
2026-09-20T07:16:34.468875+00:00 | [1320/1600 | 82.50%] PASS | runtime=0.31s | valid=1320 | remaining=280 | elapsed=00:13:01 | ETA=00:03:15
2026-09-20T07:16:34.471875+00:00 | [1321/1600 | 82.50%] RUN | sample=49258 | QSNN | TEMP-DRIFT-v2-budget-scaled | access_candidates_21 | eps=5%
2026-09-20T07:16:34.679095+00:00 | [1321/1600 | 82.56%] PASS | runtime=0.21s | valid=1321 | remaining=279 | elapsed=00:13:01 | ETA=00:03:15
2026-09-20T07:16:34.682246+00:00 | [1322/1600 | 82.56%] RUN | sample=49258 | QSNN | TEMP-DRIFT-v2-budget-scaled | access_forwards_41 | eps=5%
2026-09-20T07:16:34.897010+00:00 | [1322/1600 | 82.62%] PASS | runtime=0.21s | valid=1322 | remaining=278 | elapsed=00:13:01 | ETA=00:03:15
2026-09-20T07:16:34.898081+00:00 | [1323/1600 | 82.62%] RUN | sample=49258 | QSNN | PGD | wallclock_qsnn | eps=5%
2026-09-20T07:16:36.831166+00:00 | [1323/1600 | 82.69%] PASS | runtime=1.93s | valid=1323 | remaining=277 | elapsed=00:13:03 | ETA=00:03:13
2026-09-20T07:16:36.832166+00:00 | [1324/1600 | 82.69%] RUN | sample=49258 | QSNN | TEMP-DRIFT-v2-budget-scaled | wallclock_qsnn | eps=5%
2026-09-20T07:16:38.829706+00:00 | [1324/1600 | 82.75%] PASS | runtime=2.00s | valid=1324 | remaining=276 | elapsed=00:13:05 | ETA=00:03:11
2026-09-20T07:16:38.833708+00:00 | [1325/1600 | 82.75%] RUN | sample=49258 | QSNN | TEMP-DRIFT-v2-budget-scaled | access_candidates_21 | eps=10%
2026-09-20T07:16:39.032119+00:00 | [1325/1600 | 82.81%] PASS | runtime=0.20s | valid=1325 | remaining=275 | elapsed=00:13:05 | ETA=00:03:10
2026-09-20T07:16:39.035118+00:00 | [1326/1600 | 82.81%] RUN | sample=49258 | QSNN | TEMP-DRIFT-v2-budget-scaled | access_forwards_41 | eps=10%
2026-09-20T07:16:39.245820+00:00 | [1326/1600 | 82.88%] PASS | runtime=0.21s | valid=1326 | remaining=274 | elapsed=00:13:05 | ETA=00:03:10
2026-09-20T07:16:39.246820+00:00 | [1327/1600 | 82.88%] RUN | sample=49258 | QSNN | PGD | wallclock_qsnn | eps=10%
2026-09-20T07:16:41.194211+00:00 | [1327/1600 | 82.94%] PASS | runtime=1.95s | valid=1327 | remaining=273 | elapsed=00:13:07 | ETA=00:03:08
2026-09-20T07:16:41.196211+00:00 | [1328/1600 | 82.94%] RUN | sample=49258 | QSNN | TEMP-DRIFT-v2-budget-scaled | wallclock_qsnn | eps=10%
2026-09-20T07:16:43.187259+00:00 | [SAMPLE 83/100 | 83.00%] sample_id=49258 COMPLETE
2026-09-20T07:16:43.187259+00:00 | [1328/1600 | 83.00%] PASS | runtime=1.99s | valid=1328 | remaining=272 | elapsed=00:13:09 | ETA=00:03:06
2026-09-20T07:16:43.191259+00:00 | [1329/1600 | 83.00%] RUN | sample=52230 | SNN | TEMP-DRIFT-v2-budget-scaled | access_candidates_21 | eps=5%
2026-09-20T07:16:43.265774+00:00 | [1329/1600 | 83.06%] PASS | runtime=0.07s | valid=1329 | remaining=271 | elapsed=00:13:09 | ETA=00:03:06
2026-09-20T07:16:43.268776+00:00 | [1330/1600 | 83.06%] RUN | sample=52230 | SNN | TEMP-DRIFT-v2-budget-scaled | access_forwards_41 | eps=5%
2026-09-20T07:16:43.350829+00:00 | [1330/1600 | 83.12%] PASS | runtime=0.08s | valid=1330 | remaining=270 | elapsed=00:13:09 | ETA=00:03:06
2026-09-20T07:16:43.351829+00:00 | [1331/1600 | 83.12%] RUN | sample=52230 | SNN | TEMP-DRIFT-v2-budget-scaled | wallclock_snn | eps=5%
2026-09-20T07:16:43.740069+00:00 | [1331/1600 | 83.19%] PASS | runtime=0.39s | valid=1331 | remaining=269 | elapsed=00:13:10 | ETA=00:03:06
2026-09-20T07:16:43.741069+00:00 | [1332/1600 | 83.19%] RUN | sample=52230 | SNN | PGD | wallclock_snn | eps=5%
2026-09-20T07:16:44.122457+00:00 | [1332/1600 | 83.25%] PASS | runtime=0.38s | valid=1332 | remaining=268 | elapsed=00:13:10 | ETA=00:03:05
2026-09-20T07:16:44.123962+00:00 | PROGRESS | Records 1332/1600 (83.25%) | Samples 83/100 (83.00%) | Remaining records 268 | Remaining samples 17 | Elapsed 00:13:10 | ETA: 00:03:05 | Estimated finish: 2026-09-20T07:19:49.242504+00:00
2026-09-20T07:16:44.127572+00:00 | [1333/1600 | 83.25%] RUN | sample=52230 | SNN | TEMP-DRIFT-v2-budget-scaled | access_candidates_21 | eps=10%
2026-09-20T07:16:44.201116+00:00 | [1333/1600 | 83.31%] PASS | runtime=0.07s | valid=1333 | remaining=267 | elapsed=00:13:10 | ETA=00:03:05
2026-09-20T07:16:44.203118+00:00 | [1334/1600 | 83.31%] RUN | sample=52230 | SNN | TEMP-DRIFT-v2-budget-scaled | access_forwards_41 | eps=10%
2026-09-20T07:16:44.277432+00:00 | [1334/1600 | 83.38%] PASS | runtime=0.07s | valid=1334 | remaining=266 | elapsed=00:13:10 | ETA=00:03:05
2026-09-20T07:16:44.279432+00:00 | [1335/1600 | 83.38%] RUN | sample=52230 | SNN | TEMP-DRIFT-v2-budget-scaled | wallclock_snn | eps=10%
2026-09-20T07:16:44.695160+00:00 | [1335/1600 | 83.44%] PASS | runtime=0.41s | valid=1335 | remaining=265 | elapsed=00:13:11 | ETA=00:03:05
2026-09-20T07:16:44.695881+00:00 | [1336/1600 | 83.44%] RUN | sample=52230 | SNN | PGD | wallclock_snn | eps=10%
2026-09-20T07:16:45.095477+00:00 | [1336/1600 | 83.50%] PASS | runtime=0.40s | valid=1336 | remaining=264 | elapsed=00:13:11 | ETA=00:03:04
2026-09-20T07:16:45.098482+00:00 | [1337/1600 | 83.50%] RUN | sample=52230 | QSNN | TEMP-DRIFT-v2-budget-scaled | access_candidates_21 | eps=5%
2026-09-20T07:16:45.298436+00:00 | [1337/1600 | 83.56%] PASS | runtime=0.20s | valid=1337 | remaining=263 | elapsed=00:13:11 | ETA=00:03:04
2026-09-20T07:16:45.301436+00:00 | [1338/1600 | 83.56%] RUN | sample=52230 | QSNN | TEMP-DRIFT-v2-budget-scaled | access_forwards_41 | eps=5%
2026-09-20T07:16:45.507980+00:00 | [1338/1600 | 83.62%] PASS | runtime=0.21s | valid=1338 | remaining=262 | elapsed=00:13:12 | ETA=00:03:04
2026-09-20T07:16:45.509400+00:00 | [1339/1600 | 83.62%] RUN | sample=52230 | QSNN | TEMP-DRIFT-v2-budget-scaled | wallclock_qsnn | eps=5%
2026-09-20T07:16:47.654634+00:00 | [1339/1600 | 83.69%] PASS | runtime=2.14s | valid=1339 | remaining=261 | elapsed=00:13:14 | ETA=00:03:02
2026-09-20T07:16:47.655634+00:00 | [1340/1600 | 83.69%] RUN | sample=52230 | QSNN | PGD | wallclock_qsnn | eps=5%
2026-09-20T07:16:49.637441+00:00 | [1340/1600 | 83.75%] PASS | runtime=1.98s | valid=1340 | remaining=260 | elapsed=00:13:16 | ETA=00:03:00
2026-09-20T07:16:49.640441+00:00 | [1341/1600 | 83.75%] RUN | sample=52230 | QSNN | TEMP-DRIFT-v2-budget-scaled | access_candidates_21 | eps=10%
2026-09-20T07:16:49.840228+00:00 | [1341/1600 | 83.81%] PASS | runtime=0.20s | valid=1341 | remaining=259 | elapsed=00:13:16 | ETA=00:02:59
2026-09-20T07:16:49.843228+00:00 | [1342/1600 | 83.81%] RUN | sample=52230 | QSNN | TEMP-DRIFT-v2-budget-scaled | access_forwards_41 | eps=10%
2026-09-20T07:16:50.054832+00:00 | [1342/1600 | 83.88%] PASS | runtime=0.21s | valid=1342 | remaining=258 | elapsed=00:13:16 | ETA=00:02:59
2026-09-20T07:16:50.055833+00:00 | [1343/1600 | 83.88%] RUN | sample=52230 | QSNN | TEMP-DRIFT-v2-budget-scaled | wallclock_qsnn | eps=10%
2026-09-20T07:16:52.198350+00:00 | [1343/1600 | 83.94%] PASS | runtime=2.14s | valid=1343 | remaining=257 | elapsed=00:13:18 | ETA=00:02:57
2026-09-20T07:16:52.199350+00:00 | [1344/1600 | 83.94%] RUN | sample=52230 | QSNN | PGD | wallclock_qsnn | eps=10%
2026-09-20T07:16:54.175891+00:00 | [SAMPLE 84/100 | 84.00%] sample_id=52230 COMPLETE
2026-09-20T07:16:54.175891+00:00 | [1344/1600 | 84.00%] PASS | runtime=1.97s | valid=1344 | remaining=256 | elapsed=00:13:20 | ETA=00:02:55
2026-09-20T07:16:54.179405+00:00 | [1345/1600 | 84.00%] RUN | sample=49616 | SNN | TEMP-DRIFT-v2-budget-scaled | access_candidates_21 | eps=5%
2026-09-20T07:16:54.248406+00:00 | [1345/1600 | 84.06%] PASS | runtime=0.07s | valid=1345 | remaining=255 | elapsed=00:13:20 | ETA=00:02:55
2026-09-20T07:16:54.251406+00:00 | [1346/1600 | 84.06%] RUN | sample=49616 | SNN | TEMP-DRIFT-v2-budget-scaled | access_forwards_41 | eps=5%
2026-09-20T07:16:54.325425+00:00 | [1346/1600 | 84.12%] PASS | runtime=0.07s | valid=1346 | remaining=254 | elapsed=00:13:20 | ETA=00:02:55
2026-09-20T07:16:54.326425+00:00 | [1347/1600 | 84.12%] RUN | sample=49616 | SNN | PGD | wallclock_snn | eps=5%
2026-09-20T07:16:54.720805+00:00 | [1347/1600 | 84.19%] PASS | runtime=0.39s | valid=1347 | remaining=253 | elapsed=00:13:21 | ETA=00:02:55
2026-09-20T07:16:54.721804+00:00 | [1348/1600 | 84.19%] RUN | sample=49616 | SNN | TEMP-DRIFT-v2-budget-scaled | wallclock_snn | eps=5%
2026-09-20T07:16:55.085422+00:00 | [1348/1600 | 84.25%] PASS | runtime=0.36s | valid=1348 | remaining=252 | elapsed=00:13:21 | ETA=00:02:54
2026-09-20T07:16:55.089423+00:00 | [1349/1600 | 84.25%] RUN | sample=49616 | SNN | TEMP-DRIFT-v2-budget-scaled | access_candidates_21 | eps=10%
2026-09-20T07:16:55.165993+00:00 | [1349/1600 | 84.31%] PASS | runtime=0.07s | valid=1349 | remaining=251 | elapsed=00:13:21 | ETA=00:02:54
2026-09-20T07:16:55.168993+00:00 | [1350/1600 | 84.31%] RUN | sample=49616 | SNN | TEMP-DRIFT-v2-budget-scaled | access_forwards_41 | eps=10%
2026-09-20T07:16:55.244030+00:00 | [1350/1600 | 84.38%] PASS | runtime=0.07s | valid=1350 | remaining=250 | elapsed=00:13:21 | ETA=00:02:54
2026-09-20T07:16:55.245029+00:00 | [1351/1600 | 84.38%] RUN | sample=49616 | SNN | PGD | wallclock_snn | eps=10%
2026-09-20T07:16:55.631053+00:00 | [1351/1600 | 84.44%] PASS | runtime=0.38s | valid=1351 | remaining=249 | elapsed=00:13:22 | ETA=00:02:54
2026-09-20T07:16:55.633360+00:00 | [1352/1600 | 84.44%] RUN | sample=49616 | SNN | TEMP-DRIFT-v2-budget-scaled | wallclock_snn | eps=10%
2026-09-20T07:16:55.995242+00:00 | [1352/1600 | 84.50%] PASS | runtime=0.36s | valid=1352 | remaining=248 | elapsed=00:13:22 | ETA=00:02:53
2026-09-20T07:16:55.998242+00:00 | [1353/1600 | 84.50%] RUN | sample=49616 | QSNN | TEMP-DRIFT-v2-budget-scaled | access_candidates_21 | eps=5%
2026-09-20T07:16:56.206312+00:00 | [1353/1600 | 84.56%] PASS | runtime=0.21s | valid=1353 | remaining=247 | elapsed=00:13:22 | ETA=00:02:53
2026-09-20T07:16:56.209312+00:00 | [1354/1600 | 84.56%] RUN | sample=49616 | QSNN | TEMP-DRIFT-v2-budget-scaled | access_forwards_41 | eps=5%
2026-09-20T07:16:56.411583+00:00 | [1354/1600 | 84.62%] PASS | runtime=0.20s | valid=1354 | remaining=246 | elapsed=00:13:22 | ETA=00:02:53
2026-09-20T07:16:56.412583+00:00 | [1355/1600 | 84.62%] RUN | sample=49616 | QSNN | PGD | wallclock_qsnn | eps=5%
2026-09-20T07:16:58.389253+00:00 | [1355/1600 | 84.69%] PASS | runtime=1.97s | valid=1355 | remaining=245 | elapsed=00:13:24 | ETA=00:02:51
2026-09-20T07:16:58.390254+00:00 | [1356/1600 | 84.69%] RUN | sample=49616 | QSNN | TEMP-DRIFT-v2-budget-scaled | wallclock_qsnn | eps=5%
2026-09-20T07:17:00.555888+00:00 | [1356/1600 | 84.75%] PASS | runtime=2.16s | valid=1356 | remaining=244 | elapsed=00:13:27 | ETA=00:02:49
2026-09-20T07:17:00.558888+00:00 | [1357/1600 | 84.75%] RUN | sample=49616 | QSNN | TEMP-DRIFT-v2-budget-scaled | access_candidates_21 | eps=10%
2026-09-20T07:17:00.788723+00:00 | [1357/1600 | 84.81%] PASS | runtime=0.23s | valid=1357 | remaining=243 | elapsed=00:13:27 | ETA=00:02:49
2026-09-20T07:17:00.790722+00:00 | PROGRESS | Records 1357/1600 (84.81%) | Samples 84/100 (84.00%) | Remaining records 243 | Remaining samples 16 | Elapsed 00:13:27 | ETA: 00:02:49 | Estimated finish: 2026-09-20T07:19:49.336284+00:00
2026-09-20T07:17:00.793727+00:00 | [1358/1600 | 84.81%] RUN | sample=49616 | QSNN | TEMP-DRIFT-v2-budget-scaled | access_forwards_41 | eps=10%
2026-09-20T07:17:00.997872+00:00 | [1358/1600 | 84.88%] PASS | runtime=0.20s | valid=1358 | remaining=242 | elapsed=00:13:27 | ETA=00:02:48
2026-09-20T07:17:00.998824+00:00 | [1359/1600 | 84.88%] RUN | sample=49616 | QSNN | PGD | wallclock_qsnn | eps=10%
2026-09-20T07:17:03.246865+00:00 | [1359/1600 | 84.94%] PASS | runtime=2.25s | valid=1359 | remaining=241 | elapsed=00:13:29 | ETA=00:02:46
2026-09-20T07:17:03.247865+00:00 | [1360/1600 | 84.94%] RUN | sample=49616 | QSNN | TEMP-DRIFT-v2-budget-scaled | wallclock_qsnn | eps=10%
2026-09-20T07:17:05.218929+00:00 | [SAMPLE 85/100 | 85.00%] sample_id=49616 COMPLETE
2026-09-20T07:17:05.219929+00:00 | [1360/1600 | 85.00%] PASS | runtime=1.97s | valid=1360 | remaining=240 | elapsed=00:13:31 | ETA=00:02:44
2026-09-20T07:17:05.222929+00:00 | [1361/1600 | 85.00%] RUN | sample=52522 | SNN | TEMP-DRIFT-v2-budget-scaled | access_candidates_21 | eps=5%
2026-09-20T07:17:05.280962+00:00 | [1361/1600 | 85.06%] PASS | runtime=0.06s | valid=1361 | remaining=239 | elapsed=00:13:31 | ETA=00:02:44
2026-09-20T07:17:05.283962+00:00 | [1362/1600 | 85.06%] RUN | sample=52522 | SNN | TEMP-DRIFT-v2-budget-scaled | access_forwards_41 | eps=5%
2026-09-20T07:17:05.354025+00:00 | [1362/1600 | 85.12%] PASS | runtime=0.07s | valid=1362 | remaining=238 | elapsed=00:13:31 | ETA=00:02:44
2026-09-20T07:17:05.356028+00:00 | [1363/1600 | 85.12%] RUN | sample=52522 | SNN | TEMP-DRIFT-v2-budget-scaled | wallclock_snn | eps=5%
2026-09-20T07:17:05.616437+00:00 | [1363/1600 | 85.19%] PASS | runtime=0.26s | valid=1363 | remaining=237 | elapsed=00:13:32 | ETA=00:02:44
2026-09-20T07:17:05.616945+00:00 | [1364/1600 | 85.19%] RUN | sample=52522 | SNN | PGD | wallclock_snn | eps=5%
2026-09-20T07:17:05.987377+00:00 | [1364/1600 | 85.25%] PASS | runtime=0.37s | valid=1364 | remaining=236 | elapsed=00:13:32 | ETA=00:02:43
2026-09-20T07:17:05.990381+00:00 | [1365/1600 | 85.25%] RUN | sample=52522 | SNN | TEMP-DRIFT-v2-budget-scaled | access_candidates_21 | eps=10%
2026-09-20T07:17:06.057382+00:00 | [1365/1600 | 85.31%] PASS | runtime=0.06s | valid=1365 | remaining=235 | elapsed=00:13:32 | ETA=00:02:43
2026-09-20T07:17:06.060383+00:00 | [1366/1600 | 85.31%] RUN | sample=52522 | SNN | TEMP-DRIFT-v2-budget-scaled | access_forwards_41 | eps=10%
2026-09-20T07:17:06.121313+00:00 | [1366/1600 | 85.38%] PASS | runtime=0.06s | valid=1366 | remaining=234 | elapsed=00:13:32 | ETA=00:02:43
2026-09-20T07:17:06.122313+00:00 | [1367/1600 | 85.38%] RUN | sample=52522 | SNN | TEMP-DRIFT-v2-budget-scaled | wallclock_snn | eps=10%
2026-09-20T07:17:06.413491+00:00 | [1367/1600 | 85.44%] PASS | runtime=0.29s | valid=1367 | remaining=233 | elapsed=00:13:32 | ETA=00:02:43
2026-09-20T07:17:06.415491+00:00 | [1368/1600 | 85.44%] RUN | sample=52522 | SNN | PGD | wallclock_snn | eps=10%
2026-09-20T07:17:06.800336+00:00 | [1368/1600 | 85.50%] PASS | runtime=0.38s | valid=1368 | remaining=232 | elapsed=00:13:33 | ETA=00:02:42
2026-09-20T07:17:06.803336+00:00 | [1369/1600 | 85.50%] RUN | sample=52522 | QSNN | TEMP-DRIFT-v2-budget-scaled | access_candidates_21 | eps=5%
2026-09-20T07:17:06.999018+00:00 | [1369/1600 | 85.56%] PASS | runtime=0.19s | valid=1369 | remaining=231 | elapsed=00:13:33 | ETA=00:02:42
2026-09-20T07:17:07.002018+00:00 | [1370/1600 | 85.56%] RUN | sample=52522 | QSNN | TEMP-DRIFT-v2-budget-scaled | access_forwards_41 | eps=5%
2026-09-20T07:17:07.197727+00:00 | [1370/1600 | 85.62%] PASS | runtime=0.19s | valid=1370 | remaining=230 | elapsed=00:13:33 | ETA=00:02:42
2026-09-20T07:17:07.198727+00:00 | [1371/1600 | 85.62%] RUN | sample=52522 | QSNN | TEMP-DRIFT-v2-budget-scaled | wallclock_qsnn | eps=5%
2026-09-20T07:17:09.055797+00:00 | [1371/1600 | 85.69%] PASS | runtime=1.85s | valid=1371 | remaining=229 | elapsed=00:13:35 | ETA=00:02:40
2026-09-20T07:17:09.056796+00:00 | [1372/1600 | 85.69%] RUN | sample=52522 | QSNN | PGD | wallclock_qsnn | eps=5%
2026-09-20T07:17:11.225039+00:00 | [1372/1600 | 85.75%] PASS | runtime=2.16s | valid=1372 | remaining=228 | elapsed=00:13:37 | ETA=00:02:38
2026-09-20T07:17:11.227041+00:00 | [1373/1600 | 85.75%] RUN | sample=52522 | QSNN | TEMP-DRIFT-v2-budget-scaled | access_candidates_21 | eps=10%
2026-09-20T07:17:11.462088+00:00 | [1373/1600 | 85.81%] PASS | runtime=0.23s | valid=1373 | remaining=227 | elapsed=00:13:38 | ETA=00:02:37
2026-09-20T07:17:11.464088+00:00 | [1374/1600 | 85.81%] RUN | sample=52522 | QSNN | TEMP-DRIFT-v2-budget-scaled | access_forwards_41 | eps=10%
2026-09-20T07:17:11.728775+00:00 | [1374/1600 | 85.88%] PASS | runtime=0.26s | valid=1374 | remaining=226 | elapsed=00:13:38 | ETA=00:02:37
2026-09-20T07:17:11.730775+00:00 | [1375/1600 | 85.88%] RUN | sample=52522 | QSNN | TEMP-DRIFT-v2-budget-scaled | wallclock_qsnn | eps=10%
2026-09-20T07:17:13.935129+00:00 | [1375/1600 | 85.94%] PASS | runtime=2.20s | valid=1375 | remaining=225 | elapsed=00:13:40 | ETA=00:02:35
2026-09-20T07:17:13.936129+00:00 | [1376/1600 | 85.94%] RUN | sample=52522 | QSNN | PGD | wallclock_qsnn | eps=10%
2026-09-20T07:17:16.040818+00:00 | [SAMPLE 86/100 | 86.00%] sample_id=52522 COMPLETE
2026-09-20T07:17:16.040818+00:00 | [1376/1600 | 86.00%] PASS | runtime=2.10s | valid=1376 | remaining=224 | elapsed=00:13:42 | ETA=00:02:33
2026-09-20T07:17:16.044822+00:00 | [1377/1600 | 86.00%] RUN | sample=52237 | SNN | TEMP-DRIFT-v2-budget-scaled | access_candidates_21 | eps=5%
2026-09-20T07:17:16.118896+00:00 | [1377/1600 | 86.06%] PASS | runtime=0.07s | valid=1377 | remaining=223 | elapsed=00:13:42 | ETA=00:02:33
2026-09-20T07:17:16.121897+00:00 | [1378/1600 | 86.06%] RUN | sample=52237 | SNN | TEMP-DRIFT-v2-budget-scaled | access_forwards_41 | eps=5%
2026-09-20T07:17:16.205521+00:00 | [1378/1600 | 86.12%] PASS | runtime=0.08s | valid=1378 | remaining=222 | elapsed=00:13:42 | ETA=00:02:33
2026-09-20T07:17:16.206520+00:00 | [1379/1600 | 86.12%] RUN | sample=52237 | SNN | PGD | wallclock_snn | eps=5%
2026-09-20T07:17:16.594027+00:00 | [1379/1600 | 86.19%] PASS | runtime=0.39s | valid=1379 | remaining=221 | elapsed=00:13:43 | ETA=00:02:33
2026-09-20T07:17:16.596027+00:00 | [1380/1600 | 86.19%] RUN | sample=52237 | SNN | TEMP-DRIFT-v2-budget-scaled | wallclock_snn | eps=5%
2026-09-20T07:17:16.979723+00:00 | [1380/1600 | 86.25%] PASS | runtime=0.38s | valid=1380 | remaining=220 | elapsed=00:13:43 | ETA=00:02:32
2026-09-20T07:17:16.983809+00:00 | [1381/1600 | 86.25%] RUN | sample=52237 | SNN | TEMP-DRIFT-v2-budget-scaled | access_candidates_21 | eps=10%
2026-09-20T07:17:17.047820+00:00 | [1381/1600 | 86.31%] PASS | runtime=0.06s | valid=1381 | remaining=219 | elapsed=00:13:43 | ETA=00:02:32
2026-09-20T07:17:17.051816+00:00 | [1382/1600 | 86.31%] RUN | sample=52237 | SNN | TEMP-DRIFT-v2-budget-scaled | access_forwards_41 | eps=10%
2026-09-20T07:17:17.127057+00:00 | [1382/1600 | 86.38%] PASS | runtime=0.07s | valid=1382 | remaining=218 | elapsed=00:13:43 | ETA=00:02:32
2026-09-20T07:17:17.130056+00:00 | PROGRESS | Records 1382/1600 (86.38%) | Samples 86/100 (86.00%) | Remaining records 218 | Remaining samples 14 | Elapsed 00:13:43 | ETA: 00:02:32 | Estimated finish: 2026-09-20T07:19:49.223503+00:00
2026-09-20T07:17:17.131058+00:00 | [1383/1600 | 86.38%] RUN | sample=52237 | SNN | PGD | wallclock_snn | eps=10%
2026-09-20T07:17:17.516504+00:00 | [1383/1600 | 86.44%] PASS | runtime=0.38s | valid=1383 | remaining=217 | elapsed=00:13:44 | ETA=00:02:32
2026-09-20T07:17:17.517506+00:00 | [1384/1600 | 86.44%] RUN | sample=52237 | SNN | TEMP-DRIFT-v2-budget-scaled | wallclock_snn | eps=10%
2026-09-20T07:17:17.916857+00:00 | [1384/1600 | 86.50%] PASS | runtime=0.40s | valid=1384 | remaining=216 | elapsed=00:13:44 | ETA=00:02:31
2026-09-20T07:17:17.919857+00:00 | [1385/1600 | 86.50%] RUN | sample=52237 | QSNN | TEMP-DRIFT-v2-budget-scaled | access_candidates_21 | eps=5%
2026-09-20T07:17:18.170314+00:00 | [1385/1600 | 86.56%] PASS | runtime=0.25s | valid=1385 | remaining=215 | elapsed=00:13:44 | ETA=00:02:31
2026-09-20T07:17:18.173314+00:00 | [1386/1600 | 86.56%] RUN | sample=52237 | QSNN | TEMP-DRIFT-v2-budget-scaled | access_forwards_41 | eps=5%
2026-09-20T07:17:18.394679+00:00 | [1386/1600 | 86.62%] PASS | runtime=0.22s | valid=1386 | remaining=214 | elapsed=00:13:44 | ETA=00:02:31
2026-09-20T07:17:18.395679+00:00 | [1387/1600 | 86.62%] RUN | sample=52237 | QSNN | PGD | wallclock_qsnn | eps=5%
2026-09-20T07:17:20.548253+00:00 | [1387/1600 | 86.69%] PASS | runtime=2.15s | valid=1387 | remaining=213 | elapsed=00:13:47 | ETA=00:02:29
2026-09-20T07:17:20.549253+00:00 | [1388/1600 | 86.69%] RUN | sample=52237 | QSNN | TEMP-DRIFT-v2-budget-scaled | wallclock_qsnn | eps=5%
2026-09-20T07:17:22.702337+00:00 | [1388/1600 | 86.75%] PASS | runtime=2.15s | valid=1388 | remaining=212 | elapsed=00:13:49 | ETA=00:02:27
2026-09-20T07:17:22.706397+00:00 | [1389/1600 | 86.75%] RUN | sample=52237 | QSNN | TEMP-DRIFT-v2-budget-scaled | access_candidates_21 | eps=10%
2026-09-20T07:17:22.920673+00:00 | [1389/1600 | 86.81%] PASS | runtime=0.21s | valid=1389 | remaining=211 | elapsed=00:13:49 | ETA=00:02:27
2026-09-20T07:17:22.924676+00:00 | [1390/1600 | 86.81%] RUN | sample=52237 | QSNN | TEMP-DRIFT-v2-budget-scaled | access_forwards_41 | eps=10%
2026-09-20T07:17:23.122452+00:00 | [1390/1600 | 86.88%] PASS | runtime=0.20s | valid=1390 | remaining=210 | elapsed=00:13:49 | ETA=00:02:26
2026-09-20T07:17:23.123452+00:00 | [1391/1600 | 86.88%] RUN | sample=52237 | QSNN | PGD | wallclock_qsnn | eps=10%
2026-09-20T07:17:25.209425+00:00 | [1391/1600 | 86.94%] PASS | runtime=2.08s | valid=1391 | remaining=209 | elapsed=00:13:51 | ETA=00:02:24
2026-09-20T07:17:25.210426+00:00 | [1392/1600 | 86.94%] RUN | sample=52237 | QSNN | TEMP-DRIFT-v2-budget-scaled | wallclock_qsnn | eps=10%
2026-09-20T07:17:27.284021+00:00 | [SAMPLE 87/100 | 87.00%] sample_id=52237 COMPLETE
2026-09-20T07:17:27.284021+00:00 | [1392/1600 | 87.00%] PASS | runtime=2.07s | valid=1392 | remaining=208 | elapsed=00:13:53 | ETA=00:02:22
2026-09-20T07:17:27.287021+00:00 | [1393/1600 | 87.00%] RUN | sample=49448 | SNN | TEMP-DRIFT-v2-budget-scaled | access_candidates_21 | eps=5%
2026-09-20T07:17:27.345283+00:00 | [1393/1600 | 87.06%] PASS | runtime=0.06s | valid=1393 | remaining=207 | elapsed=00:13:53 | ETA=00:02:22
2026-09-20T07:17:27.348283+00:00 | [1394/1600 | 87.06%] RUN | sample=49448 | SNN | TEMP-DRIFT-v2-budget-scaled | access_forwards_41 | eps=5%
2026-09-20T07:17:27.411887+00:00 | [1394/1600 | 87.12%] PASS | runtime=0.06s | valid=1394 | remaining=206 | elapsed=00:13:53 | ETA=00:02:22
2026-09-20T07:17:27.412885+00:00 | [1395/1600 | 87.12%] RUN | sample=49448 | SNN | TEMP-DRIFT-v2-budget-scaled | wallclock_snn | eps=5%
2026-09-20T07:17:27.685808+00:00 | [1395/1600 | 87.19%] PASS | runtime=0.27s | valid=1395 | remaining=205 | elapsed=00:13:54 | ETA=00:02:22
2026-09-20T07:17:27.686808+00:00 | [1396/1600 | 87.19%] RUN | sample=49448 | SNN | PGD | wallclock_snn | eps=5%
2026-09-20T07:17:28.066792+00:00 | [1396/1600 | 87.25%] PASS | runtime=0.38s | valid=1396 | remaining=204 | elapsed=00:13:54 | ETA=00:02:21
2026-09-20T07:17:28.068793+00:00 | [1397/1600 | 87.25%] RUN | sample=49448 | SNN | TEMP-DRIFT-v2-budget-scaled | access_candidates_21 | eps=10%
2026-09-20T07:17:28.133840+00:00 | [1397/1600 | 87.31%] PASS | runtime=0.06s | valid=1397 | remaining=203 | elapsed=00:13:54 | ETA=00:02:21
2026-09-20T07:17:28.136839+00:00 | [1398/1600 | 87.31%] RUN | sample=49448 | SNN | TEMP-DRIFT-v2-budget-scaled | access_forwards_41 | eps=10%
2026-09-20T07:17:28.199354+00:00 | [1398/1600 | 87.38%] PASS | runtime=0.06s | valid=1398 | remaining=202 | elapsed=00:13:54 | ETA=00:02:21
2026-09-20T07:17:28.200354+00:00 | [1399/1600 | 87.38%] RUN | sample=49448 | SNN | TEMP-DRIFT-v2-budget-scaled | wallclock_snn | eps=10%
2026-09-20T07:17:28.464561+00:00 | [1399/1600 | 87.44%] PASS | runtime=0.26s | valid=1399 | remaining=201 | elapsed=00:13:55 | ETA=00:02:21
2026-09-20T07:17:28.465561+00:00 | [1400/1600 | 87.44%] RUN | sample=49448 | SNN | PGD | wallclock_snn | eps=10%
2026-09-20T07:17:28.860230+00:00 | [1400/1600 | 87.50%] PASS | runtime=0.39s | valid=1400 | remaining=200 | elapsed=00:13:55 | ETA=00:02:20
2026-09-20T07:17:28.863230+00:00 | [1401/1600 | 87.50%] RUN | sample=49448 | QSNN | TEMP-DRIFT-v2-budget-scaled | access_candidates_21 | eps=5%
2026-09-20T07:17:29.064254+00:00 | [1401/1600 | 87.56%] PASS | runtime=0.20s | valid=1401 | remaining=199 | elapsed=00:13:55 | ETA=00:02:20
2026-09-20T07:17:29.067254+00:00 | [1402/1600 | 87.56%] RUN | sample=49448 | QSNN | TEMP-DRIFT-v2-budget-scaled | access_forwards_41 | eps=5%
2026-09-20T07:17:29.247457+00:00 | [1402/1600 | 87.62%] PASS | runtime=0.18s | valid=1402 | remaining=198 | elapsed=00:13:55 | ETA=00:02:20
2026-09-20T07:17:29.248457+00:00 | [1403/1600 | 87.62%] RUN | sample=49448 | QSNN | TEMP-DRIFT-v2-budget-scaled | wallclock_qsnn | eps=5%
2026-09-20T07:17:31.117968+00:00 | [1403/1600 | 87.69%] PASS | runtime=1.87s | valid=1403 | remaining=197 | elapsed=00:13:57 | ETA=00:02:18
2026-09-20T07:17:31.118968+00:00 | [1404/1600 | 87.69%] RUN | sample=49448 | QSNN | PGD | wallclock_qsnn | eps=5%
2026-09-20T07:17:33.615878+00:00 | [1404/1600 | 87.75%] PASS | runtime=2.49s | valid=1404 | remaining=196 | elapsed=00:14:00 | ETA=00:02:16
2026-09-20T07:17:33.617879+00:00 | [1405/1600 | 87.75%] RUN | sample=49448 | QSNN | TEMP-DRIFT-v2-budget-scaled | access_candidates_21 | eps=10%
2026-09-20T07:17:33.843931+00:00 | [1405/1600 | 87.81%] PASS | runtime=0.22s | valid=1405 | remaining=195 | elapsed=00:14:00 | ETA=00:02:16
2026-09-20T07:17:33.846930+00:00 | [1406/1600 | 87.81%] RUN | sample=49448 | QSNN | TEMP-DRIFT-v2-budget-scaled | access_forwards_41 | eps=10%
2026-09-20T07:17:34.062037+00:00 | [1406/1600 | 87.88%] PASS | runtime=0.21s | valid=1406 | remaining=194 | elapsed=00:14:00 | ETA=00:02:15
2026-09-20T07:17:34.063037+00:00 | [1407/1600 | 87.88%] RUN | sample=49448 | QSNN | TEMP-DRIFT-v2-budget-scaled | wallclock_qsnn | eps=10%
2026-09-20T07:17:36.130026+00:00 | [1407/1600 | 87.94%] PASS | runtime=2.06s | valid=1407 | remaining=193 | elapsed=00:14:02 | ETA=00:02:13
2026-09-20T07:17:36.131026+00:00 | PROGRESS | Records 1407/1600 (87.94%) | Samples 87/100 (87.00%) | Remaining records 193 | Remaining samples 13 | Elapsed 00:14:02 | ETA: 00:02:13 | Estimated finish: 2026-09-20T07:19:49.393367+00:00
2026-09-20T07:17:36.133025+00:00 | [1408/1600 | 87.94%] RUN | sample=49448 | QSNN | PGD | wallclock_qsnn | eps=10%
2026-09-20T07:17:38.643985+00:00 | [SAMPLE 88/100 | 88.00%] sample_id=49448 COMPLETE
2026-09-20T07:17:38.643985+00:00 | [1408/1600 | 88.00%] PASS | runtime=2.51s | valid=1408 | remaining=192 | elapsed=00:14:05 | ETA=00:02:11
2026-09-20T07:17:38.647700+00:00 | [1409/1600 | 88.00%] RUN | sample=52556 | SNN | TEMP-DRIFT-v2-budget-scaled | access_candidates_21 | eps=5%
2026-09-20T07:17:38.723287+00:00 | [1409/1600 | 88.06%] PASS | runtime=0.07s | valid=1409 | remaining=191 | elapsed=00:14:05 | ETA=00:02:11
2026-09-20T07:17:38.727289+00:00 | [1410/1600 | 88.06%] RUN | sample=52556 | SNN | TEMP-DRIFT-v2-budget-scaled | access_forwards_41 | eps=5%
2026-09-20T07:17:38.807228+00:00 | [1410/1600 | 88.12%] PASS | runtime=0.08s | valid=1410 | remaining=190 | elapsed=00:14:05 | ETA=00:02:11
2026-09-20T07:17:38.808228+00:00 | [1411/1600 | 88.12%] RUN | sample=52556 | SNN | PGD | wallclock_snn | eps=5%
2026-09-20T07:17:39.228762+00:00 | [1411/1600 | 88.19%] PASS | runtime=0.42s | valid=1411 | remaining=189 | elapsed=00:14:05 | ETA=00:02:11
2026-09-20T07:17:39.230763+00:00 | [1412/1600 | 88.19%] RUN | sample=52556 | SNN | TEMP-DRIFT-v2-budget-scaled | wallclock_snn | eps=5%
2026-09-20T07:17:39.665741+00:00 | [1412/1600 | 88.25%] PASS | runtime=0.43s | valid=1412 | remaining=188 | elapsed=00:14:06 | ETA=00:02:10
2026-09-20T07:17:39.669741+00:00 | [1413/1600 | 88.25%] RUN | sample=52556 | SNN | TEMP-DRIFT-v2-budget-scaled | access_candidates_21 | eps=10%
2026-09-20T07:17:39.748790+00:00 | [1413/1600 | 88.31%] PASS | runtime=0.08s | valid=1413 | remaining=187 | elapsed=00:14:06 | ETA=00:02:10
2026-09-20T07:17:39.752332+00:00 | [1414/1600 | 88.31%] RUN | sample=52556 | SNN | TEMP-DRIFT-v2-budget-scaled | access_forwards_41 | eps=10%
2026-09-20T07:17:39.837943+00:00 | [1414/1600 | 88.38%] PASS | runtime=0.08s | valid=1414 | remaining=186 | elapsed=00:14:06 | ETA=00:02:10
2026-09-20T07:17:39.838946+00:00 | [1415/1600 | 88.38%] RUN | sample=52556 | SNN | PGD | wallclock_snn | eps=10%
2026-09-20T07:17:40.302070+00:00 | [1415/1600 | 88.44%] PASS | runtime=0.46s | valid=1415 | remaining=185 | elapsed=00:14:06 | ETA=00:02:10
2026-09-20T07:17:40.303070+00:00 | [1416/1600 | 88.44%] RUN | sample=52556 | SNN | TEMP-DRIFT-v2-budget-scaled | wallclock_snn | eps=10%
2026-09-20T07:17:40.737673+00:00 | [1416/1600 | 88.50%] PASS | runtime=0.43s | valid=1416 | remaining=184 | elapsed=00:14:07 | ETA=00:02:10
2026-09-20T07:17:40.741316+00:00 | [1417/1600 | 88.50%] RUN | sample=52556 | QSNN | TEMP-DRIFT-v2-budget-scaled | access_candidates_21 | eps=5%
2026-09-20T07:17:40.968526+00:00 | [1417/1600 | 88.56%] PASS | runtime=0.22s | valid=1417 | remaining=183 | elapsed=00:14:07 | ETA=00:02:09
2026-09-20T07:17:40.971526+00:00 | [1418/1600 | 88.56%] RUN | sample=52556 | QSNN | TEMP-DRIFT-v2-budget-scaled | access_forwards_41 | eps=5%
2026-09-20T07:17:41.200176+00:00 | [1418/1600 | 88.62%] PASS | runtime=0.23s | valid=1418 | remaining=182 | elapsed=00:14:07 | ETA=00:02:09
2026-09-20T07:17:41.201679+00:00 | [1419/1600 | 88.62%] RUN | sample=52556 | QSNN | PGD | wallclock_qsnn | eps=5%
2026-09-20T07:17:43.633194+00:00 | [1419/1600 | 88.69%] PASS | runtime=2.43s | valid=1419 | remaining=181 | elapsed=00:14:10 | ETA=00:02:07
2026-09-20T07:17:43.634193+00:00 | [1420/1600 | 88.69%] RUN | sample=52556 | QSNN | TEMP-DRIFT-v2-budget-scaled | wallclock_qsnn | eps=5%
2026-09-20T07:17:46.067072+00:00 | [1420/1600 | 88.75%] PASS | runtime=2.43s | valid=1420 | remaining=180 | elapsed=00:14:12 | ETA=00:02:05
2026-09-20T07:17:46.070072+00:00 | [1421/1600 | 88.75%] RUN | sample=52556 | QSNN | TEMP-DRIFT-v2-budget-scaled | access_candidates_21 | eps=10%
2026-09-20T07:17:46.288735+00:00 | [1421/1600 | 88.81%] PASS | runtime=0.22s | valid=1421 | remaining=179 | elapsed=00:14:12 | ETA=00:02:05
2026-09-20T07:17:46.291736+00:00 | [1422/1600 | 88.81%] RUN | sample=52556 | QSNN | TEMP-DRIFT-v2-budget-scaled | access_forwards_41 | eps=10%
2026-09-20T07:17:46.518421+00:00 | [1422/1600 | 88.88%] PASS | runtime=0.22s | valid=1422 | remaining=178 | elapsed=00:14:13 | ETA=00:02:05
2026-09-20T07:17:46.519421+00:00 | [1423/1600 | 88.88%] RUN | sample=52556 | QSNN | PGD | wallclock_qsnn | eps=10%
2026-09-20T07:17:48.858897+00:00 | [1423/1600 | 88.94%] PASS | runtime=2.34s | valid=1423 | remaining=177 | elapsed=00:14:15 | ETA=00:02:03
2026-09-20T07:17:48.859895+00:00 | [1424/1600 | 88.94%] RUN | sample=52556 | QSNN | TEMP-DRIFT-v2-budget-scaled | wallclock_qsnn | eps=10%
2026-09-20T07:17:51.262737+00:00 | [SAMPLE 89/100 | 89.00%] sample_id=52556 COMPLETE
2026-09-20T07:17:51.262737+00:00 | [1424/1600 | 89.00%] PASS | runtime=2.40s | valid=1424 | remaining=176 | elapsed=00:14:17 | ETA=00:02:01
2026-09-20T07:17:51.266736+00:00 | [1425/1600 | 89.00%] RUN | sample=51838 | SNN | TEMP-DRIFT-v2-budget-scaled | access_candidates_21 | eps=5%
2026-09-20T07:17:51.337792+00:00 | [1425/1600 | 89.06%] PASS | runtime=0.07s | valid=1425 | remaining=175 | elapsed=00:14:17 | ETA=00:02:01
2026-09-20T07:17:51.341792+00:00 | [1426/1600 | 89.06%] RUN | sample=51838 | SNN | TEMP-DRIFT-v2-budget-scaled | access_forwards_41 | eps=5%
2026-09-20T07:17:51.414133+00:00 | [1426/1600 | 89.12%] PASS | runtime=0.07s | valid=1426 | remaining=174 | elapsed=00:14:17 | ETA=00:02:00
2026-09-20T07:17:51.415133+00:00 | [1427/1600 | 89.12%] RUN | sample=51838 | SNN | TEMP-DRIFT-v2-budget-scaled | wallclock_snn | eps=5%
2026-09-20T07:17:51.783340+00:00 | [1427/1600 | 89.19%] PASS | runtime=0.37s | valid=1427 | remaining=173 | elapsed=00:14:18 | ETA=00:02:00
2026-09-20T07:17:51.784864+00:00 | [1428/1600 | 89.19%] RUN | sample=51838 | SNN | PGD | wallclock_snn | eps=5%
2026-09-20T07:17:52.202516+00:00 | [1428/1600 | 89.25%] PASS | runtime=0.41s | valid=1428 | remaining=172 | elapsed=00:14:18 | ETA=00:02:00
2026-09-20T07:17:52.205515+00:00 | [1429/1600 | 89.25%] RUN | sample=51838 | SNN | TEMP-DRIFT-v2-budget-scaled | access_candidates_21 | eps=10%
2026-09-20T07:17:52.277525+00:00 | [1429/1600 | 89.31%] PASS | runtime=0.07s | valid=1429 | remaining=171 | elapsed=00:14:18 | ETA=00:02:00
2026-09-20T07:17:52.281085+00:00 | [1430/1600 | 89.31%] RUN | sample=51838 | SNN | TEMP-DRIFT-v2-budget-scaled | access_forwards_41 | eps=10%
2026-09-20T07:17:52.353088+00:00 | [1430/1600 | 89.38%] PASS | runtime=0.07s | valid=1430 | remaining=170 | elapsed=00:14:18 | ETA=00:02:00
2026-09-20T07:17:52.354088+00:00 | [1431/1600 | 89.38%] RUN | sample=51838 | SNN | TEMP-DRIFT-v2-budget-scaled | wallclock_snn | eps=10%
2026-09-20T07:17:52.721027+00:00 | [1431/1600 | 89.44%] PASS | runtime=0.36s | valid=1431 | remaining=169 | elapsed=00:14:19 | ETA=00:01:59
2026-09-20T07:17:52.723027+00:00 | [1432/1600 | 89.44%] RUN | sample=51838 | SNN | PGD | wallclock_snn | eps=10%
2026-09-20T07:17:53.144724+00:00 | [1432/1600 | 89.50%] PASS | runtime=0.42s | valid=1432 | remaining=168 | elapsed=00:14:19 | ETA=00:01:59
2026-09-20T07:17:53.146725+00:00 | PROGRESS | Records 1432/1600 (89.50%) | Samples 89/100 (89.00%) | Remaining records 168 | Remaining samples 11 | Elapsed 00:14:19 | ETA: 00:01:59 | Estimated finish: 2026-09-20T07:19:52.030091+00:00
2026-09-20T07:17:53.149723+00:00 | [1433/1600 | 89.50%] RUN | sample=51838 | QSNN | TEMP-DRIFT-v2-budget-scaled | access_candidates_21 | eps=5%
2026-09-20T07:17:53.374136+00:00 | [1433/1600 | 89.56%] PASS | runtime=0.22s | valid=1433 | remaining=167 | elapsed=00:14:19 | ETA=00:01:59
2026-09-20T07:17:53.377134+00:00 | [1434/1600 | 89.56%] RUN | sample=51838 | QSNN | TEMP-DRIFT-v2-budget-scaled | access_forwards_41 | eps=5%
2026-09-20T07:17:53.594265+00:00 | [1434/1600 | 89.62%] PASS | runtime=0.22s | valid=1434 | remaining=166 | elapsed=00:14:20 | ETA=00:01:58
2026-09-20T07:17:53.596268+00:00 | [1435/1600 | 89.62%] RUN | sample=51838 | QSNN | TEMP-DRIFT-v2-budget-scaled | wallclock_qsnn | eps=5%
2026-09-20T07:17:55.801263+00:00 | [1435/1600 | 89.69%] PASS | runtime=2.20s | valid=1435 | remaining=165 | elapsed=00:14:22 | ETA=00:01:56
2026-09-20T07:17:55.803263+00:00 | [1436/1600 | 89.69%] RUN | sample=51838 | QSNN | PGD | wallclock_qsnn | eps=5%
2026-09-20T07:17:58.069382+00:00 | [1436/1600 | 89.75%] PASS | runtime=2.26s | valid=1436 | remaining=164 | elapsed=00:14:24 | ETA=00:01:54
2026-09-20T07:17:58.073372+00:00 | [1437/1600 | 89.75%] RUN | sample=51838 | QSNN | TEMP-DRIFT-v2-budget-scaled | access_candidates_21 | eps=10%
2026-09-20T07:17:58.288941+00:00 | [1437/1600 | 89.81%] PASS | runtime=0.21s | valid=1437 | remaining=163 | elapsed=00:14:24 | ETA=00:01:54
2026-09-20T07:17:58.291941+00:00 | [1438/1600 | 89.81%] RUN | sample=51838 | QSNN | TEMP-DRIFT-v2-budget-scaled | access_forwards_41 | eps=10%
2026-09-20T07:17:58.508598+00:00 | [1438/1600 | 89.88%] PASS | runtime=0.21s | valid=1438 | remaining=162 | elapsed=00:14:25 | ETA=00:01:54
2026-09-20T07:17:58.510598+00:00 | [1439/1600 | 89.88%] RUN | sample=51838 | QSNN | TEMP-DRIFT-v2-budget-scaled | wallclock_qsnn | eps=10%
2026-09-20T07:18:00.688295+00:00 | [1439/1600 | 89.94%] PASS | runtime=2.18s | valid=1439 | remaining=161 | elapsed=00:14:27 | ETA=00:01:52
2026-09-20T07:18:00.690294+00:00 | [1440/1600 | 89.94%] RUN | sample=51838 | QSNN | PGD | wallclock_qsnn | eps=10%
2026-09-20T07:18:02.963082+00:00 | [SAMPLE 90/100 | 90.00%] sample_id=51838 COMPLETE
2026-09-20T07:18:02.963082+00:00 | [1440/1600 | 90.00%] PASS | runtime=2.27s | valid=1440 | remaining=160 | elapsed=00:14:29 | ETA=00:01:50
2026-09-20T07:18:02.967082+00:00 | [1441/1600 | 90.00%] RUN | sample=56201 | SNN | TEMP-DRIFT-v2-budget-scaled | access_candidates_21 | eps=5%
2026-09-20T07:18:03.027346+00:00 | [1441/1600 | 90.06%] PASS | runtime=0.06s | valid=1441 | remaining=159 | elapsed=00:14:29 | ETA=00:01:50
2026-09-20T07:18:03.031439+00:00 | [1442/1600 | 90.06%] RUN | sample=56201 | SNN | TEMP-DRIFT-v2-budget-scaled | access_forwards_41 | eps=5%
2026-09-20T07:18:03.093825+00:00 | [1442/1600 | 90.12%] PASS | runtime=0.06s | valid=1442 | remaining=158 | elapsed=00:14:29 | ETA=00:01:50
2026-09-20T07:18:03.094832+00:00 | [1443/1600 | 90.12%] RUN | sample=56201 | SNN | PGD | wallclock_snn | eps=5%
2026-09-20T07:18:03.488297+00:00 | [1443/1600 | 90.19%] PASS | runtime=0.39s | valid=1443 | remaining=157 | elapsed=00:14:30 | ETA=00:01:49
2026-09-20T07:18:03.490297+00:00 | [1444/1600 | 90.19%] RUN | sample=56201 | SNN | TEMP-DRIFT-v2-budget-scaled | wallclock_snn | eps=5%
2026-09-20T07:18:03.773675+00:00 | [1444/1600 | 90.25%] PASS | runtime=0.28s | valid=1444 | remaining=156 | elapsed=00:14:30 | ETA=00:01:49
2026-09-20T07:18:03.777211+00:00 | [1445/1600 | 90.25%] RUN | sample=56201 | SNN | TEMP-DRIFT-v2-budget-scaled | access_candidates_21 | eps=10%
2026-09-20T07:18:03.852318+00:00 | [1445/1600 | 90.31%] PASS | runtime=0.07s | valid=1445 | remaining=155 | elapsed=00:14:30 | ETA=00:01:49
2026-09-20T07:18:03.855319+00:00 | [1446/1600 | 90.31%] RUN | sample=56201 | SNN | TEMP-DRIFT-v2-budget-scaled | access_forwards_41 | eps=10%
2026-09-20T07:18:03.924058+00:00 | [1446/1600 | 90.38%] PASS | runtime=0.07s | valid=1446 | remaining=154 | elapsed=00:14:30 | ETA=00:01:49
2026-09-20T07:18:03.926058+00:00 | [1447/1600 | 90.38%] RUN | sample=56201 | SNN | PGD | wallclock_snn | eps=10%
2026-09-20T07:18:04.337141+00:00 | [1447/1600 | 90.44%] PASS | runtime=0.41s | valid=1447 | remaining=153 | elapsed=00:14:30 | ETA=00:01:48
2026-09-20T07:18:04.339138+00:00 | [1448/1600 | 90.44%] RUN | sample=56201 | SNN | TEMP-DRIFT-v2-budget-scaled | wallclock_snn | eps=10%
2026-09-20T07:18:04.636322+00:00 | [1448/1600 | 90.50%] PASS | runtime=0.29s | valid=1448 | remaining=152 | elapsed=00:14:31 | ETA=00:01:48
2026-09-20T07:18:04.639322+00:00 | [1449/1600 | 90.50%] RUN | sample=56201 | QSNN | TEMP-DRIFT-v2-budget-scaled | access_candidates_21 | eps=5%
2026-09-20T07:18:04.853930+00:00 | [1449/1600 | 90.56%] PASS | runtime=0.21s | valid=1449 | remaining=151 | elapsed=00:14:31 | ETA=00:01:48
2026-09-20T07:18:04.856931+00:00 | [1450/1600 | 90.56%] RUN | sample=56201 | QSNN | TEMP-DRIFT-v2-budget-scaled | access_forwards_41 | eps=5%
2026-09-20T07:18:05.051587+00:00 | [1450/1600 | 90.62%] PASS | runtime=0.19s | valid=1450 | remaining=150 | elapsed=00:14:31 | ETA=00:01:48
2026-09-20T07:18:05.052586+00:00 | [1451/1600 | 90.62%] RUN | sample=56201 | QSNN | PGD | wallclock_qsnn | eps=5%
2026-09-20T07:18:07.281069+00:00 | [1451/1600 | 90.69%] PASS | runtime=2.23s | valid=1451 | remaining=149 | elapsed=00:14:33 | ETA=00:01:45
2026-09-20T07:18:07.281069+00:00 | [1452/1600 | 90.69%] RUN | sample=56201 | QSNN | TEMP-DRIFT-v2-budget-scaled | wallclock_qsnn | eps=5%
2026-09-20T07:18:09.099834+00:00 | [1452/1600 | 90.75%] PASS | runtime=1.81s | valid=1452 | remaining=148 | elapsed=00:14:35 | ETA=00:01:43
2026-09-20T07:18:09.102832+00:00 | [1453/1600 | 90.75%] RUN | sample=56201 | QSNN | TEMP-DRIFT-v2-budget-scaled | access_candidates_21 | eps=10%
2026-09-20T07:18:09.291370+00:00 | [1453/1600 | 90.81%] PASS | runtime=0.19s | valid=1453 | remaining=147 | elapsed=00:14:35 | ETA=00:01:43
2026-09-20T07:18:09.294369+00:00 | [1454/1600 | 90.81%] RUN | sample=56201 | QSNN | TEMP-DRIFT-v2-budget-scaled | access_forwards_41 | eps=10%
2026-09-20T07:18:09.474055+00:00 | [1454/1600 | 90.88%] PASS | runtime=0.18s | valid=1454 | remaining=146 | elapsed=00:14:36 | ETA=00:01:43
2026-09-20T07:18:09.476055+00:00 | [1455/1600 | 90.88%] RUN | sample=56201 | QSNN | PGD | wallclock_qsnn | eps=10%
2026-09-20T07:18:11.560060+00:00 | [1455/1600 | 90.94%] PASS | runtime=2.08s | valid=1455 | remaining=145 | elapsed=00:14:38 | ETA=00:01:41
2026-09-20T07:18:11.561059+00:00 | [1456/1600 | 90.94%] RUN | sample=56201 | QSNN | TEMP-DRIFT-v2-budget-scaled | wallclock_qsnn | eps=10%
2026-09-20T07:18:13.467661+00:00 | [SAMPLE 91/100 | 91.00%] sample_id=56201 COMPLETE
2026-09-20T07:18:13.467661+00:00 | [1456/1600 | 91.00%] PASS | runtime=1.90s | valid=1456 | remaining=144 | elapsed=00:14:40 | ETA=00:01:39
2026-09-20T07:18:13.470661+00:00 | [1457/1600 | 91.00%] RUN | sample=55011 | SNN | TEMP-DRIFT-v2-budget-scaled | access_candidates_21 | eps=5%
2026-09-20T07:18:13.536171+00:00 | [1457/1600 | 91.06%] PASS | runtime=0.06s | valid=1457 | remaining=143 | elapsed=00:14:40 | ETA=00:01:39
2026-09-20T07:18:13.538171+00:00 | PROGRESS | Records 1457/1600 (91.06%) | Samples 91/100 (91.00%) | Remaining records 143 | Remaining samples 9 | Elapsed 00:14:40 | ETA: 00:01:39 | Estimated finish: 2026-09-20T07:19:52.152657+00:00
2026-09-20T07:18:13.541170+00:00 | [1458/1600 | 91.06%] RUN | sample=55011 | SNN | TEMP-DRIFT-v2-budget-scaled | access_forwards_41 | eps=5%
2026-09-20T07:18:13.607173+00:00 | [1458/1600 | 91.12%] PASS | runtime=0.06s | valid=1458 | remaining=142 | elapsed=00:14:40 | ETA=00:01:39
2026-09-20T07:18:13.609173+00:00 | [1459/1600 | 91.12%] RUN | sample=55011 | SNN | TEMP-DRIFT-v2-budget-scaled | wallclock_snn | eps=5%
2026-09-20T07:18:13.898758+00:00 | [1459/1600 | 91.19%] PASS | runtime=0.29s | valid=1459 | remaining=141 | elapsed=00:14:40 | ETA=00:01:38
2026-09-20T07:18:13.899758+00:00 | [1460/1600 | 91.19%] RUN | sample=55011 | SNN | PGD | wallclock_snn | eps=5%
2026-09-20T07:18:14.276203+00:00 | [1460/1600 | 91.25%] PASS | runtime=0.37s | valid=1460 | remaining=140 | elapsed=00:14:40 | ETA=00:01:38
2026-09-20T07:18:14.279204+00:00 | [1461/1600 | 91.25%] RUN | sample=55011 | SNN | TEMP-DRIFT-v2-budget-scaled | access_candidates_21 | eps=10%
2026-09-20T07:18:14.348775+00:00 | [1461/1600 | 91.31%] PASS | runtime=0.07s | valid=1461 | remaining=139 | elapsed=00:14:40 | ETA=00:01:38
2026-09-20T07:18:14.351774+00:00 | [1462/1600 | 91.31%] RUN | sample=55011 | SNN | TEMP-DRIFT-v2-budget-scaled | access_forwards_41 | eps=10%
2026-09-20T07:18:14.408777+00:00 | [1462/1600 | 91.38%] PASS | runtime=0.06s | valid=1462 | remaining=138 | elapsed=00:14:40 | ETA=00:01:38
2026-09-20T07:18:14.410279+00:00 | [1463/1600 | 91.38%] RUN | sample=55011 | SNN | TEMP-DRIFT-v2-budget-scaled | wallclock_snn | eps=10%
2026-09-20T07:18:14.695808+00:00 | [1463/1600 | 91.44%] PASS | runtime=0.28s | valid=1463 | remaining=137 | elapsed=00:14:41 | ETA=00:01:37
2026-09-20T07:18:14.697315+00:00 | [1464/1600 | 91.44%] RUN | sample=55011 | SNN | PGD | wallclock_snn | eps=10%
2026-09-20T07:18:15.073438+00:00 | [1464/1600 | 91.50%] PASS | runtime=0.37s | valid=1464 | remaining=136 | elapsed=00:14:41 | ETA=00:01:37
2026-09-20T07:18:15.076439+00:00 | [1465/1600 | 91.50%] RUN | sample=55011 | QSNN | TEMP-DRIFT-v2-budget-scaled | access_candidates_21 | eps=5%
2026-09-20T07:18:15.257692+00:00 | [1465/1600 | 91.56%] PASS | runtime=0.18s | valid=1465 | remaining=135 | elapsed=00:14:41 | ETA=00:01:37
2026-09-20T07:18:15.261694+00:00 | [1466/1600 | 91.56%] RUN | sample=55011 | QSNN | TEMP-DRIFT-v2-budget-scaled | access_forwards_41 | eps=5%
2026-09-20T07:18:15.436918+00:00 | [1466/1600 | 91.62%] PASS | runtime=0.17s | valid=1466 | remaining=134 | elapsed=00:14:42 | ETA=00:01:36
2026-09-20T07:18:15.437918+00:00 | [1467/1600 | 91.62%] RUN | sample=55011 | QSNN | TEMP-DRIFT-v2-budget-scaled | wallclock_qsnn | eps=5%
2026-09-20T07:18:17.322412+00:00 | [1467/1600 | 91.69%] PASS | runtime=1.88s | valid=1467 | remaining=133 | elapsed=00:14:43 | ETA=00:01:34
2026-09-20T07:18:17.323936+00:00 | [1468/1600 | 91.69%] RUN | sample=55011 | QSNN | PGD | wallclock_qsnn | eps=5%
2026-09-20T07:18:19.610046+00:00 | [1468/1600 | 91.75%] PASS | runtime=2.28s | valid=1468 | remaining=132 | elapsed=00:14:46 | ETA=00:01:32
2026-09-20T07:18:19.613046+00:00 | [1469/1600 | 91.75%] RUN | sample=55011 | QSNN | TEMP-DRIFT-v2-budget-scaled | access_candidates_21 | eps=10%
2026-09-20T07:18:19.832886+00:00 | [1469/1600 | 91.81%] PASS | runtime=0.22s | valid=1469 | remaining=131 | elapsed=00:14:46 | ETA=00:01:32
2026-09-20T07:18:19.835886+00:00 | [1470/1600 | 91.81%] RUN | sample=55011 | QSNN | TEMP-DRIFT-v2-budget-scaled | access_forwards_41 | eps=10%
2026-09-20T07:18:20.052990+00:00 | [1470/1600 | 91.88%] PASS | runtime=0.22s | valid=1470 | remaining=130 | elapsed=00:14:46 | ETA=00:01:32
2026-09-20T07:18:20.053989+00:00 | [1471/1600 | 91.88%] RUN | sample=55011 | QSNN | TEMP-DRIFT-v2-budget-scaled | wallclock_qsnn | eps=10%
2026-09-20T07:18:22.054308+00:00 | [1471/1600 | 91.94%] PASS | runtime=2.00s | valid=1471 | remaining=129 | elapsed=00:14:48 | ETA=00:01:30
2026-09-20T07:18:22.055308+00:00 | [1472/1600 | 91.94%] RUN | sample=55011 | QSNN | PGD | wallclock_qsnn | eps=10%
2026-09-20T07:18:24.431160+00:00 | [SAMPLE 92/100 | 92.00%] sample_id=55011 COMPLETE
2026-09-20T07:18:24.432160+00:00 | [1472/1600 | 92.00%] PASS | runtime=2.37s | valid=1472 | remaining=128 | elapsed=00:14:51 | ETA=00:01:28
2026-09-20T07:18:24.435161+00:00 | [1473/1600 | 92.00%] RUN | sample=56488 | SNN | TEMP-DRIFT-v2-budget-scaled | access_candidates_21 | eps=5%
2026-09-20T07:18:24.505987+00:00 | [1473/1600 | 92.06%] PASS | runtime=0.07s | valid=1473 | remaining=127 | elapsed=00:14:51 | ETA=00:01:28
2026-09-20T07:18:24.509987+00:00 | [1474/1600 | 92.06%] RUN | sample=56488 | SNN | TEMP-DRIFT-v2-budget-scaled | access_forwards_41 | eps=5%
2026-09-20T07:18:24.587031+00:00 | [1474/1600 | 92.12%] PASS | runtime=0.08s | valid=1474 | remaining=126 | elapsed=00:14:51 | ETA=00:01:28
2026-09-20T07:18:24.588031+00:00 | [1475/1600 | 92.12%] RUN | sample=56488 | SNN | PGD | wallclock_snn | eps=5%
2026-09-20T07:18:25.032527+00:00 | [1475/1600 | 92.19%] PASS | runtime=0.44s | valid=1475 | remaining=125 | elapsed=00:14:51 | ETA=00:01:27
2026-09-20T07:18:25.034527+00:00 | [1476/1600 | 92.19%] RUN | sample=56488 | SNN | TEMP-DRIFT-v2-budget-scaled | wallclock_snn | eps=5%
2026-09-20T07:18:25.379306+00:00 | [1476/1600 | 92.25%] PASS | runtime=0.34s | valid=1476 | remaining=124 | elapsed=00:14:51 | ETA=00:01:27
2026-09-20T07:18:25.382306+00:00 | [1477/1600 | 92.25%] RUN | sample=56488 | SNN | TEMP-DRIFT-v2-budget-scaled | access_candidates_21 | eps=10%
2026-09-20T07:18:25.453973+00:00 | [1477/1600 | 92.31%] PASS | runtime=0.07s | valid=1477 | remaining=123 | elapsed=00:14:52 | ETA=00:01:27
2026-09-20T07:18:25.456974+00:00 | [1478/1600 | 92.31%] RUN | sample=56488 | SNN | TEMP-DRIFT-v2-budget-scaled | access_forwards_41 | eps=10%
2026-09-20T07:18:25.534483+00:00 | [1478/1600 | 92.38%] PASS | runtime=0.07s | valid=1478 | remaining=122 | elapsed=00:14:52 | ETA=00:01:27
2026-09-20T07:18:25.536483+00:00 | [1479/1600 | 92.38%] RUN | sample=56488 | SNN | PGD | wallclock_snn | eps=10%
2026-09-20T07:18:25.965489+00:00 | [1479/1600 | 92.44%] PASS | runtime=0.43s | valid=1479 | remaining=121 | elapsed=00:14:52 | ETA=00:01:26
2026-09-20T07:18:25.967490+00:00 | [1480/1600 | 92.44%] RUN | sample=56488 | SNN | TEMP-DRIFT-v2-budget-scaled | wallclock_snn | eps=10%
2026-09-20T07:18:26.298262+00:00 | [1480/1600 | 92.50%] PASS | runtime=0.33s | valid=1480 | remaining=120 | elapsed=00:14:52 | ETA=00:01:26
2026-09-20T07:18:26.303262+00:00 | [1481/1600 | 92.50%] RUN | sample=56488 | QSNN | TEMP-DRIFT-v2-budget-scaled | access_candidates_21 | eps=5%
2026-09-20T07:18:26.530231+00:00 | [1481/1600 | 92.56%] PASS | runtime=0.22s | valid=1481 | remaining=119 | elapsed=00:14:53 | ETA=00:01:26
2026-09-20T07:18:26.534229+00:00 | [1482/1600 | 92.56%] RUN | sample=56488 | QSNN | TEMP-DRIFT-v2-budget-scaled | access_forwards_41 | eps=5%
2026-09-20T07:18:26.755571+00:00 | [1482/1600 | 92.62%] PASS | runtime=0.22s | valid=1482 | remaining=118 | elapsed=00:14:53 | ETA=00:01:26
2026-09-20T07:18:26.757572+00:00 | PROGRESS | Records 1482/1600 (92.62%) | Samples 92/100 (92.00%) | Remaining records 118 | Remaining samples 8 | Elapsed 00:14:53 | ETA: 00:01:26 | Estimated finish: 2026-09-20T07:19:52.283670+00:00
2026-09-20T07:18:26.759571+00:00 | [1483/1600 | 92.62%] RUN | sample=56488 | QSNN | PGD | wallclock_qsnn | eps=5%
2026-09-20T07:18:29.163622+00:00 | [1483/1600 | 92.69%] PASS | runtime=2.40s | valid=1483 | remaining=117 | elapsed=00:14:55 | ETA=00:01:23
2026-09-20T07:18:29.165622+00:00 | [1484/1600 | 92.69%] RUN | sample=56488 | QSNN | TEMP-DRIFT-v2-budget-scaled | wallclock_qsnn | eps=5%
2026-09-20T07:18:31.361373+00:00 | [1484/1600 | 92.75%] PASS | runtime=2.19s | valid=1484 | remaining=116 | elapsed=00:14:57 | ETA=00:01:21
2026-09-20T07:18:31.365373+00:00 | [1485/1600 | 92.75%] RUN | sample=56488 | QSNN | TEMP-DRIFT-v2-budget-scaled | access_candidates_21 | eps=10%
2026-09-20T07:18:31.682752+00:00 | [1485/1600 | 92.81%] PASS | runtime=0.32s | valid=1485 | remaining=115 | elapsed=00:14:58 | ETA=00:01:21
2026-09-20T07:18:31.685755+00:00 | [1486/1600 | 92.81%] RUN | sample=56488 | QSNN | TEMP-DRIFT-v2-budget-scaled | access_forwards_41 | eps=10%
2026-09-20T07:18:31.921941+00:00 | [1486/1600 | 92.88%] PASS | runtime=0.23s | valid=1486 | remaining=114 | elapsed=00:14:58 | ETA=00:01:21
2026-09-20T07:18:31.923941+00:00 | [1487/1600 | 92.88%] RUN | sample=56488 | QSNN | PGD | wallclock_qsnn | eps=10%
2026-09-20T07:18:34.386520+00:00 | [1487/1600 | 92.94%] PASS | runtime=2.46s | valid=1487 | remaining=113 | elapsed=00:15:00 | ETA=00:01:19
2026-09-20T07:18:34.387522+00:00 | [1488/1600 | 92.94%] RUN | sample=56488 | QSNN | TEMP-DRIFT-v2-budget-scaled | wallclock_qsnn | eps=10%
2026-09-20T07:18:36.592050+00:00 | [SAMPLE 93/100 | 93.00%] sample_id=56488 COMPLETE
2026-09-20T07:18:36.593049+00:00 | [1488/1600 | 93.00%] PASS | runtime=2.20s | valid=1488 | remaining=112 | elapsed=00:15:03 | ETA=00:01:17
2026-09-20T07:18:36.596048+00:00 | [1489/1600 | 93.00%] RUN | sample=57436 | SNN | TEMP-DRIFT-v2-budget-scaled | access_candidates_21 | eps=5%
2026-09-20T07:18:36.671096+00:00 | [1489/1600 | 93.06%] PASS | runtime=0.07s | valid=1489 | remaining=111 | elapsed=00:15:03 | ETA=00:01:17
2026-09-20T07:18:36.674096+00:00 | [1490/1600 | 93.06%] RUN | sample=57436 | SNN | TEMP-DRIFT-v2-budget-scaled | access_forwards_41 | eps=5%
2026-09-20T07:18:36.746879+00:00 | [1490/1600 | 93.12%] PASS | runtime=0.07s | valid=1490 | remaining=110 | elapsed=00:15:03 | ETA=00:01:17
2026-09-20T07:18:36.747877+00:00 | [1491/1600 | 93.12%] RUN | sample=57436 | SNN | TEMP-DRIFT-v2-budget-scaled | wallclock_snn | eps=5%
2026-09-20T07:18:37.088057+00:00 | [1491/1600 | 93.19%] PASS | runtime=0.34s | valid=1491 | remaining=109 | elapsed=00:15:03 | ETA=00:01:16
2026-09-20T07:18:37.089056+00:00 | [1492/1600 | 93.19%] RUN | sample=57436 | SNN | PGD | wallclock_snn | eps=5%
2026-09-20T07:18:37.519565+00:00 | [1492/1600 | 93.25%] PASS | runtime=0.43s | valid=1492 | remaining=108 | elapsed=00:15:04 | ETA=00:01:16
2026-09-20T07:18:37.522564+00:00 | [1493/1600 | 93.25%] RUN | sample=57436 | SNN | TEMP-DRIFT-v2-budget-scaled | access_candidates_21 | eps=10%
2026-09-20T07:18:37.594270+00:00 | [1493/1600 | 93.31%] PASS | runtime=0.07s | valid=1493 | remaining=107 | elapsed=00:15:04 | ETA=00:01:16
2026-09-20T07:18:37.596271+00:00 | [1494/1600 | 93.31%] RUN | sample=57436 | SNN | TEMP-DRIFT-v2-budget-scaled | access_forwards_41 | eps=10%
2026-09-20T07:18:37.689051+00:00 | [1494/1600 | 93.38%] PASS | runtime=0.09s | valid=1494 | remaining=106 | elapsed=00:15:04 | ETA=00:01:16
2026-09-20T07:18:37.691051+00:00 | [1495/1600 | 93.38%] RUN | sample=57436 | SNN | TEMP-DRIFT-v2-budget-scaled | wallclock_snn | eps=10%
2026-09-20T07:18:38.017734+00:00 | [1495/1600 | 93.44%] PASS | runtime=0.32s | valid=1495 | remaining=105 | elapsed=00:15:04 | ETA=00:01:15
2026-09-20T07:18:38.018738+00:00 | [1496/1600 | 93.44%] RUN | sample=57436 | SNN | PGD | wallclock_snn | eps=10%
2026-09-20T07:18:38.449475+00:00 | [1496/1600 | 93.50%] PASS | runtime=0.43s | valid=1496 | remaining=104 | elapsed=00:15:05 | ETA=00:01:15
2026-09-20T07:18:38.452475+00:00 | [1497/1600 | 93.50%] RUN | sample=57436 | QSNN | TEMP-DRIFT-v2-budget-scaled | access_candidates_21 | eps=5%
2026-09-20T07:18:38.662036+00:00 | [1497/1600 | 93.56%] PASS | runtime=0.21s | valid=1497 | remaining=103 | elapsed=00:15:05 | ETA=00:01:15
2026-09-20T07:18:38.665038+00:00 | [1498/1600 | 93.56%] RUN | sample=57436 | QSNN | TEMP-DRIFT-v2-budget-scaled | access_forwards_41 | eps=5%
2026-09-20T07:18:38.887876+00:00 | [1498/1600 | 93.62%] PASS | runtime=0.22s | valid=1498 | remaining=102 | elapsed=00:15:05 | ETA=00:01:15
2026-09-20T07:18:38.888875+00:00 | [1499/1600 | 93.62%] RUN | sample=57436 | QSNN | TEMP-DRIFT-v2-budget-scaled | wallclock_qsnn | eps=5%
2026-09-20T07:18:41.184013+00:00 | [1499/1600 | 93.69%] PASS | runtime=2.29s | valid=1499 | remaining=101 | elapsed=00:15:07 | ETA=00:01:13
2026-09-20T07:18:41.186013+00:00 | [1500/1600 | 93.69%] RUN | sample=57436 | QSNN | PGD | wallclock_qsnn | eps=5%
2026-09-20T07:18:43.610790+00:00 | [1500/1600 | 93.75%] PASS | runtime=2.42s | valid=1500 | remaining=100 | elapsed=00:15:10 | ETA=00:01:10
2026-09-20T07:18:43.613793+00:00 | [1501/1600 | 93.75%] RUN | sample=57436 | QSNN | TEMP-DRIFT-v2-budget-scaled | access_candidates_21 | eps=10%
2026-09-20T07:18:43.822918+00:00 | [1501/1600 | 93.81%] PASS | runtime=0.21s | valid=1501 | remaining=99 | elapsed=00:15:10 | ETA=00:01:10
2026-09-20T07:18:43.824918+00:00 | [1502/1600 | 93.81%] RUN | sample=57436 | QSNN | TEMP-DRIFT-v2-budget-scaled | access_forwards_41 | eps=10%
2026-09-20T07:18:44.034893+00:00 | [1502/1600 | 93.88%] PASS | runtime=0.21s | valid=1502 | remaining=98 | elapsed=00:15:10 | ETA=00:01:10
2026-09-20T07:18:44.036892+00:00 | [1503/1600 | 93.88%] RUN | sample=57436 | QSNN | TEMP-DRIFT-v2-budget-scaled | wallclock_qsnn | eps=10%
2026-09-20T07:18:46.324768+00:00 | [1503/1600 | 93.94%] PASS | runtime=2.29s | valid=1503 | remaining=97 | elapsed=00:15:12 | ETA=00:01:08
2026-09-20T07:18:46.325768+00:00 | [1504/1600 | 93.94%] RUN | sample=57436 | QSNN | PGD | wallclock_qsnn | eps=10%
2026-09-20T07:18:48.705719+00:00 | [SAMPLE 94/100 | 94.00%] sample_id=57436 COMPLETE
2026-09-20T07:18:48.705719+00:00 | [1504/1600 | 94.00%] PASS | runtime=2.38s | valid=1504 | remaining=96 | elapsed=00:15:15 | ETA=00:01:06
2026-09-20T07:18:48.709720+00:00 | [1505/1600 | 94.00%] RUN | sample=57221 | SNN | TEMP-DRIFT-v2-budget-scaled | access_candidates_21 | eps=5%
2026-09-20T07:18:48.781331+00:00 | [1505/1600 | 94.06%] PASS | runtime=0.07s | valid=1505 | remaining=95 | elapsed=00:15:15 | ETA=00:01:06
2026-09-20T07:18:48.784334+00:00 | [1506/1600 | 94.06%] RUN | sample=57221 | SNN | TEMP-DRIFT-v2-budget-scaled | access_forwards_41 | eps=5%
2026-09-20T07:18:48.852761+00:00 | [1506/1600 | 94.12%] PASS | runtime=0.07s | valid=1506 | remaining=94 | elapsed=00:15:15 | ETA=00:01:06
2026-09-20T07:18:48.854761+00:00 | [1507/1600 | 94.12%] RUN | sample=57221 | SNN | PGD | wallclock_snn | eps=5%
2026-09-20T07:18:49.285829+00:00 | [1507/1600 | 94.19%] PASS | runtime=0.43s | valid=1507 | remaining=93 | elapsed=00:15:15 | ETA=00:01:05
2026-09-20T07:18:49.287829+00:00 | PROGRESS | Records 1507/1600 (94.19%) | Samples 94/100 (94.00%) | Remaining records 93 | Remaining samples 6 | Elapsed 00:15:15 | ETA: 00:01:05 | Estimated finish: 2026-09-20T07:19:54.681021+00:00
2026-09-20T07:18:49.288829+00:00 | [1508/1600 | 94.19%] RUN | sample=57221 | SNN | TEMP-DRIFT-v2-budget-scaled | wallclock_snn | eps=5%
2026-09-20T07:18:49.612197+00:00 | [1508/1600 | 94.25%] PASS | runtime=0.32s | valid=1508 | remaining=92 | elapsed=00:15:16 | ETA=00:01:05
2026-09-20T07:18:49.616195+00:00 | [1509/1600 | 94.25%] RUN | sample=57221 | SNN | TEMP-DRIFT-v2-budget-scaled | access_candidates_21 | eps=10%
2026-09-20T07:18:49.714244+00:00 | [1509/1600 | 94.31%] PASS | runtime=0.10s | valid=1509 | remaining=91 | elapsed=00:15:16 | ETA=00:01:05
2026-09-20T07:18:49.717245+00:00 | [1510/1600 | 94.31%] RUN | sample=57221 | SNN | TEMP-DRIFT-v2-budget-scaled | access_forwards_41 | eps=10%
2026-09-20T07:18:49.787318+00:00 | [1510/1600 | 94.38%] PASS | runtime=0.07s | valid=1510 | remaining=90 | elapsed=00:15:16 | ETA=00:01:05
2026-09-20T07:18:49.788318+00:00 | [1511/1600 | 94.38%] RUN | sample=57221 | SNN | PGD | wallclock_snn | eps=10%
2026-09-20T07:18:50.240975+00:00 | [1511/1600 | 94.44%] PASS | runtime=0.45s | valid=1511 | remaining=89 | elapsed=00:15:16 | ETA=00:01:05
2026-09-20T07:18:50.242975+00:00 | [1512/1600 | 94.44%] RUN | sample=57221 | SNN | TEMP-DRIFT-v2-budget-scaled | wallclock_snn | eps=10%
2026-09-20T07:18:50.573191+00:00 | [1512/1600 | 94.50%] PASS | runtime=0.33s | valid=1512 | remaining=88 | elapsed=00:15:17 | ETA=00:01:04
2026-09-20T07:18:50.576238+00:00 | [1513/1600 | 94.50%] RUN | sample=57221 | QSNN | TEMP-DRIFT-v2-budget-scaled | access_candidates_21 | eps=5%
2026-09-20T07:18:50.802501+00:00 | [1513/1600 | 94.56%] PASS | runtime=0.22s | valid=1513 | remaining=87 | elapsed=00:15:17 | ETA=00:01:04
2026-09-20T07:18:50.805500+00:00 | [1514/1600 | 94.56%] RUN | sample=57221 | QSNN | TEMP-DRIFT-v2-budget-scaled | access_forwards_41 | eps=5%
2026-09-20T07:18:51.026272+00:00 | [1514/1600 | 94.62%] PASS | runtime=0.22s | valid=1514 | remaining=86 | elapsed=00:15:17 | ETA=00:01:04
2026-09-20T07:18:51.028273+00:00 | [1515/1600 | 94.62%] RUN | sample=57221 | QSNN | PGD | wallclock_qsnn | eps=5%
2026-09-20T07:18:53.482561+00:00 | [1515/1600 | 94.69%] PASS | runtime=2.45s | valid=1515 | remaining=85 | elapsed=00:15:20 | ETA=00:01:02
2026-09-20T07:18:53.484065+00:00 | [1516/1600 | 94.69%] RUN | sample=57221 | QSNN | TEMP-DRIFT-v2-budget-scaled | wallclock_qsnn | eps=5%
2026-09-20T07:18:55.748047+00:00 | [1516/1600 | 94.75%] PASS | runtime=2.26s | valid=1516 | remaining=84 | elapsed=00:15:22 | ETA=00:01:00
2026-09-20T07:18:55.751054+00:00 | [1517/1600 | 94.75%] RUN | sample=57221 | QSNN | TEMP-DRIFT-v2-budget-scaled | access_candidates_21 | eps=10%
2026-09-20T07:18:56.007970+00:00 | [1517/1600 | 94.81%] PASS | runtime=0.25s | valid=1517 | remaining=83 | elapsed=00:15:22 | ETA=00:00:59
2026-09-20T07:18:56.010969+00:00 | [1518/1600 | 94.81%] RUN | sample=57221 | QSNN | TEMP-DRIFT-v2-budget-scaled | access_forwards_41 | eps=10%
2026-09-20T07:18:56.227645+00:00 | [1518/1600 | 94.88%] PASS | runtime=0.21s | valid=1518 | remaining=82 | elapsed=00:15:22 | ETA=00:00:59
2026-09-20T07:18:56.228645+00:00 | [1519/1600 | 94.88%] RUN | sample=57221 | QSNN | PGD | wallclock_qsnn | eps=10%
2026-09-20T07:18:58.641664+00:00 | [1519/1600 | 94.94%] PASS | runtime=2.41s | valid=1519 | remaining=81 | elapsed=00:15:25 | ETA=00:00:57
2026-09-20T07:18:58.643333+00:00 | [1520/1600 | 94.94%] RUN | sample=57221 | QSNN | TEMP-DRIFT-v2-budget-scaled | wallclock_qsnn | eps=10%
2026-09-20T07:19:00.721714+00:00 | [SAMPLE 95/100 | 95.00%] sample_id=57221 COMPLETE
2026-09-20T07:19:00.721714+00:00 | [1520/1600 | 95.00%] PASS | runtime=2.08s | valid=1520 | remaining=80 | elapsed=00:15:27 | ETA=00:00:55
2026-09-20T07:19:00.725713+00:00 | [1521/1600 | 95.00%] RUN | sample=58702 | SNN | TEMP-DRIFT-v2-budget-scaled | access_candidates_21 | eps=5%
2026-09-20T07:19:00.796729+00:00 | [1521/1600 | 95.06%] PASS | runtime=0.07s | valid=1521 | remaining=79 | elapsed=00:15:27 | ETA=00:00:55
2026-09-20T07:19:00.799729+00:00 | [1522/1600 | 95.06%] RUN | sample=58702 | SNN | TEMP-DRIFT-v2-budget-scaled | access_forwards_41 | eps=5%
2026-09-20T07:19:00.876334+00:00 | [1522/1600 | 95.12%] PASS | runtime=0.08s | valid=1522 | remaining=78 | elapsed=00:15:27 | ETA=00:00:55
2026-09-20T07:19:00.878334+00:00 | [1523/1600 | 95.12%] RUN | sample=58702 | SNN | TEMP-DRIFT-v2-budget-scaled | wallclock_snn | eps=5%
2026-09-20T07:19:01.251584+00:00 | [1523/1600 | 95.19%] PASS | runtime=0.37s | valid=1523 | remaining=77 | elapsed=00:15:27 | ETA=00:00:55
2026-09-20T07:19:01.253584+00:00 | [1524/1600 | 95.19%] RUN | sample=58702 | SNN | PGD | wallclock_snn | eps=5%
2026-09-20T07:19:01.706380+00:00 | [1524/1600 | 95.25%] PASS | runtime=0.45s | valid=1524 | remaining=76 | elapsed=00:15:28 | ETA=00:00:54
2026-09-20T07:19:01.710380+00:00 | [1525/1600 | 95.25%] RUN | sample=58702 | SNN | TEMP-DRIFT-v2-budget-scaled | access_candidates_21 | eps=10%
2026-09-20T07:19:01.789532+00:00 | [1525/1600 | 95.31%] PASS | runtime=0.08s | valid=1525 | remaining=75 | elapsed=00:15:28 | ETA=00:00:54
2026-09-20T07:19:01.794533+00:00 | [1526/1600 | 95.31%] RUN | sample=58702 | SNN | TEMP-DRIFT-v2-budget-scaled | access_forwards_41 | eps=10%
2026-09-20T07:19:01.870620+00:00 | [1526/1600 | 95.38%] PASS | runtime=0.07s | valid=1526 | remaining=74 | elapsed=00:15:28 | ETA=00:00:54
2026-09-20T07:19:01.871620+00:00 | [1527/1600 | 95.38%] RUN | sample=58702 | SNN | TEMP-DRIFT-v2-budget-scaled | wallclock_snn | eps=10%
2026-09-20T07:19:02.306805+00:00 | [1527/1600 | 95.44%] PASS | runtime=0.43s | valid=1527 | remaining=73 | elapsed=00:15:28 | ETA=00:00:54
2026-09-20T07:19:02.308805+00:00 | [1528/1600 | 95.44%] RUN | sample=58702 | SNN | PGD | wallclock_snn | eps=10%
2026-09-20T07:19:02.776525+00:00 | [1528/1600 | 95.50%] PASS | runtime=0.47s | valid=1528 | remaining=72 | elapsed=00:15:29 | ETA=00:00:53
2026-09-20T07:19:02.779528+00:00 | [1529/1600 | 95.50%] RUN | sample=58702 | QSNN | TEMP-DRIFT-v2-budget-scaled | access_candidates_21 | eps=5%
2026-09-20T07:19:02.997045+00:00 | [1529/1600 | 95.56%] PASS | runtime=0.22s | valid=1529 | remaining=71 | elapsed=00:15:29 | ETA=00:00:53
2026-09-20T07:19:03.000045+00:00 | [1530/1600 | 95.56%] RUN | sample=58702 | QSNN | TEMP-DRIFT-v2-budget-scaled | access_forwards_41 | eps=5%
2026-09-20T07:19:03.240191+00:00 | [1530/1600 | 95.62%] PASS | runtime=0.24s | valid=1530 | remaining=70 | elapsed=00:15:29 | ETA=00:00:53
2026-09-20T07:19:03.241190+00:00 | [1531/1600 | 95.62%] RUN | sample=58702 | QSNN | TEMP-DRIFT-v2-budget-scaled | wallclock_qsnn | eps=5%
2026-09-20T07:19:05.490337+00:00 | [1531/1600 | 95.69%] PASS | runtime=2.25s | valid=1531 | remaining=69 | elapsed=00:15:32 | ETA=00:00:51
2026-09-20T07:19:05.491336+00:00 | [1532/1600 | 95.69%] RUN | sample=58702 | QSNN | PGD | wallclock_qsnn | eps=5%
2026-09-20T07:19:07.935504+00:00 | [1532/1600 | 95.75%] PASS | runtime=2.44s | valid=1532 | remaining=68 | elapsed=00:15:34 | ETA=00:00:49
2026-09-20T07:19:07.937501+00:00 | PROGRESS | Records 1532/1600 (95.75%) | Samples 95/100 (95.00%) | Remaining records 68 | Remaining samples 5 | Elapsed 00:15:34 | ETA: 00:00:49 | Estimated finish: 2026-09-20T07:19:56.606404+00:00
2026-09-20T07:19:07.941007+00:00 | [1533/1600 | 95.75%] RUN | sample=58702 | QSNN | TEMP-DRIFT-v2-budget-scaled | access_candidates_21 | eps=10%
2026-09-20T07:19:08.163704+00:00 | [1533/1600 | 95.81%] PASS | runtime=0.22s | valid=1533 | remaining=67 | elapsed=00:15:34 | ETA=00:00:48
2026-09-20T07:19:08.167708+00:00 | [1534/1600 | 95.81%] RUN | sample=58702 | QSNN | TEMP-DRIFT-v2-budget-scaled | access_forwards_41 | eps=10%
2026-09-20T07:19:08.387591+00:00 | [1534/1600 | 95.88%] PASS | runtime=0.22s | valid=1534 | remaining=66 | elapsed=00:15:34 | ETA=00:00:48
2026-09-20T07:19:08.389591+00:00 | [1535/1600 | 95.88%] RUN | sample=58702 | QSNN | TEMP-DRIFT-v2-budget-scaled | wallclock_qsnn | eps=10%
2026-09-20T07:19:10.736672+00:00 | [1535/1600 | 95.94%] PASS | runtime=2.35s | valid=1535 | remaining=65 | elapsed=00:15:37 | ETA=00:00:46
2026-09-20T07:19:10.737672+00:00 | [1536/1600 | 95.94%] RUN | sample=58702 | QSNN | PGD | wallclock_qsnn | eps=10%
2026-09-20T07:19:13.147055+00:00 | [SAMPLE 96/100 | 96.00%] sample_id=58702 COMPLETE
2026-09-20T07:19:13.148056+00:00 | [1536/1600 | 96.00%] PASS | runtime=2.41s | valid=1536 | remaining=64 | elapsed=00:15:39 | ETA=00:00:44
2026-09-20T07:19:13.151055+00:00 | [1537/1600 | 96.00%] RUN | sample=55764 | SNN | TEMP-DRIFT-v2-budget-scaled | access_candidates_21 | eps=5%
2026-09-20T07:19:13.222598+00:00 | [1537/1600 | 96.06%] PASS | runtime=0.07s | valid=1537 | remaining=63 | elapsed=00:15:39 | ETA=00:00:44
2026-09-20T07:19:13.226599+00:00 | [1538/1600 | 96.06%] RUN | sample=55764 | SNN | TEMP-DRIFT-v2-budget-scaled | access_forwards_41 | eps=5%
2026-09-20T07:19:13.299113+00:00 | [1538/1600 | 96.12%] PASS | runtime=0.07s | valid=1538 | remaining=62 | elapsed=00:15:39 | ETA=00:00:44
2026-09-20T07:19:13.301112+00:00 | [1539/1600 | 96.12%] RUN | sample=55764 | SNN | PGD | wallclock_snn | eps=5%
2026-09-20T07:19:13.741365+00:00 | [1539/1600 | 96.19%] PASS | runtime=0.44s | valid=1539 | remaining=61 | elapsed=00:15:40 | ETA=00:00:44
2026-09-20T07:19:13.743365+00:00 | [1540/1600 | 96.19%] RUN | sample=55764 | SNN | TEMP-DRIFT-v2-budget-scaled | wallclock_snn | eps=5%
2026-09-20T07:19:14.079952+00:00 | [1540/1600 | 96.25%] PASS | runtime=0.34s | valid=1540 | remaining=60 | elapsed=00:15:40 | ETA=00:00:43
2026-09-20T07:19:14.082952+00:00 | [1541/1600 | 96.25%] RUN | sample=55764 | SNN | TEMP-DRIFT-v2-budget-scaled | access_candidates_21 | eps=10%
2026-09-20T07:19:14.155954+00:00 | [1541/1600 | 96.31%] PASS | runtime=0.07s | valid=1541 | remaining=59 | elapsed=00:15:40 | ETA=00:00:43
2026-09-20T07:19:14.158985+00:00 | [1542/1600 | 96.31%] RUN | sample=55764 | SNN | TEMP-DRIFT-v2-budget-scaled | access_forwards_41 | eps=10%
2026-09-20T07:19:14.229992+00:00 | [1542/1600 | 96.38%] PASS | runtime=0.07s | valid=1542 | remaining=58 | elapsed=00:15:40 | ETA=00:00:43
2026-09-20T07:19:14.231992+00:00 | [1543/1600 | 96.38%] RUN | sample=55764 | SNN | PGD | wallclock_snn | eps=10%
2026-09-20T07:19:14.670823+00:00 | [1543/1600 | 96.44%] PASS | runtime=0.44s | valid=1543 | remaining=57 | elapsed=00:15:41 | ETA=00:00:43
2026-09-20T07:19:14.672824+00:00 | [1544/1600 | 96.44%] RUN | sample=55764 | SNN | TEMP-DRIFT-v2-budget-scaled | wallclock_snn | eps=10%
2026-09-20T07:19:15.012447+00:00 | [1544/1600 | 96.50%] PASS | runtime=0.34s | valid=1544 | remaining=56 | elapsed=00:15:41 | ETA=00:00:42
2026-09-20T07:19:15.015447+00:00 | [1545/1600 | 96.50%] RUN | sample=55764 | QSNN | TEMP-DRIFT-v2-budget-scaled | access_candidates_21 | eps=5%
2026-09-20T07:19:15.256050+00:00 | [1545/1600 | 96.56%] PASS | runtime=0.24s | valid=1545 | remaining=55 | elapsed=00:15:41 | ETA=00:00:42
2026-09-20T07:19:15.259051+00:00 | [1546/1600 | 96.56%] RUN | sample=55764 | QSNN | TEMP-DRIFT-v2-budget-scaled | access_forwards_41 | eps=5%
2026-09-20T07:19:15.508927+00:00 | [1546/1600 | 96.62%] PASS | runtime=0.25s | valid=1546 | remaining=54 | elapsed=00:15:42 | ETA=00:00:42
2026-09-20T07:19:15.510928+00:00 | [1547/1600 | 96.62%] RUN | sample=55764 | QSNN | PGD | wallclock_qsnn | eps=5%
2026-09-20T07:19:17.942799+00:00 | [1547/1600 | 96.69%] PASS | runtime=2.43s | valid=1547 | remaining=53 | elapsed=00:15:44 | ETA=00:00:40
2026-09-20T07:19:17.943802+00:00 | [1548/1600 | 96.69%] RUN | sample=55764 | QSNN | TEMP-DRIFT-v2-budget-scaled | wallclock_qsnn | eps=5%
2026-09-20T07:19:20.172111+00:00 | [1548/1600 | 96.75%] PASS | runtime=2.23s | valid=1548 | remaining=52 | elapsed=00:15:46 | ETA=00:00:38
2026-09-20T07:19:20.176116+00:00 | [1549/1600 | 96.75%] RUN | sample=55764 | QSNN | TEMP-DRIFT-v2-budget-scaled | access_candidates_21 | eps=10%
2026-09-20T07:19:20.400180+00:00 | [1549/1600 | 96.81%] PASS | runtime=0.22s | valid=1549 | remaining=51 | elapsed=00:15:46 | ETA=00:00:37
2026-09-20T07:19:20.404181+00:00 | [1550/1600 | 96.81%] RUN | sample=55764 | QSNN | TEMP-DRIFT-v2-budget-scaled | access_forwards_41 | eps=10%
2026-09-20T07:19:20.623981+00:00 | [1550/1600 | 96.88%] PASS | runtime=0.22s | valid=1550 | remaining=50 | elapsed=00:15:47 | ETA=00:00:37
2026-09-20T07:19:20.625978+00:00 | [1551/1600 | 96.88%] RUN | sample=55764 | QSNN | PGD | wallclock_qsnn | eps=10%
2026-09-20T07:19:23.053221+00:00 | [1551/1600 | 96.94%] PASS | runtime=2.42s | valid=1551 | remaining=49 | elapsed=00:15:49 | ETA=00:00:35
2026-09-20T07:19:23.055219+00:00 | [1552/1600 | 96.94%] RUN | sample=55764 | QSNN | TEMP-DRIFT-v2-budget-scaled | wallclock_qsnn | eps=10%
2026-09-20T07:19:25.308853+00:00 | [SAMPLE 97/100 | 97.00%] sample_id=55764 COMPLETE
2026-09-20T07:19:25.308853+00:00 | [1552/1600 | 97.00%] PASS | runtime=2.25s | valid=1552 | remaining=48 | elapsed=00:15:51 | ETA=00:00:33
2026-09-20T07:19:25.312853+00:00 | [1553/1600 | 97.00%] RUN | sample=59856 | SNN | TEMP-DRIFT-v2-budget-scaled | access_candidates_21 | eps=5%
2026-09-20T07:19:25.383894+00:00 | [1553/1600 | 97.06%] PASS | runtime=0.07s | valid=1553 | remaining=47 | elapsed=00:15:51 | ETA=00:00:33
2026-09-20T07:19:25.386894+00:00 | [1554/1600 | 97.06%] RUN | sample=59856 | SNN | TEMP-DRIFT-v2-budget-scaled | access_forwards_41 | eps=5%
2026-09-20T07:19:25.468561+00:00 | [1554/1600 | 97.12%] PASS | runtime=0.08s | valid=1554 | remaining=46 | elapsed=00:15:52 | ETA=00:00:33
2026-09-20T07:19:25.469561+00:00 | [1555/1600 | 97.12%] RUN | sample=59856 | SNN | TEMP-DRIFT-v2-budget-scaled | wallclock_snn | eps=5%
2026-09-20T07:19:25.879955+00:00 | [1555/1600 | 97.19%] PASS | runtime=0.41s | valid=1555 | remaining=45 | elapsed=00:15:52 | ETA=00:00:33
2026-09-20T07:19:25.880954+00:00 | [1556/1600 | 97.19%] RUN | sample=59856 | SNN | PGD | wallclock_snn | eps=5%
2026-09-20T07:19:26.330268+00:00 | [1556/1600 | 97.25%] PASS | runtime=0.45s | valid=1556 | remaining=44 | elapsed=00:15:52 | ETA=00:00:32
2026-09-20T07:19:26.334272+00:00 | [1557/1600 | 97.25%] RUN | sample=59856 | SNN | TEMP-DRIFT-v2-budget-scaled | access_candidates_21 | eps=10%
2026-09-20T07:19:26.407351+00:00 | [1557/1600 | 97.31%] PASS | runtime=0.07s | valid=1557 | remaining=43 | elapsed=00:15:52 | ETA=00:00:32
2026-09-20T07:19:26.409355+00:00 | PROGRESS | Records 1557/1600 (97.31%) | Samples 97/100 (97.00%) | Remaining records 43 | Remaining samples 3 | Elapsed 00:15:52 | ETA: 00:00:32 | Estimated finish: 2026-09-20T07:19:58.555591+00:00
2026-09-20T07:19:26.412355+00:00 | [1558/1600 | 97.31%] RUN | sample=59856 | SNN | TEMP-DRIFT-v2-budget-scaled | access_forwards_41 | eps=10%
2026-09-20T07:19:26.489368+00:00 | [1558/1600 | 97.38%] PASS | runtime=0.07s | valid=1558 | remaining=42 | elapsed=00:15:53 | ETA=00:00:32
2026-09-20T07:19:26.490368+00:00 | [1559/1600 | 97.38%] RUN | sample=59856 | SNN | TEMP-DRIFT-v2-budget-scaled | wallclock_snn | eps=10%
2026-09-20T07:19:26.882519+00:00 | [1559/1600 | 97.44%] PASS | runtime=0.39s | valid=1559 | remaining=41 | elapsed=00:15:53 | ETA=00:00:32
2026-09-20T07:19:26.885024+00:00 | [1560/1600 | 97.44%] RUN | sample=59856 | SNN | PGD | wallclock_snn | eps=10%
2026-09-20T07:19:27.331159+00:00 | [1560/1600 | 97.50%] PASS | runtime=0.44s | valid=1560 | remaining=40 | elapsed=00:15:53 | ETA=00:00:31
2026-09-20T07:19:27.334157+00:00 | [1561/1600 | 97.50%] RUN | sample=59856 | QSNN | TEMP-DRIFT-v2-budget-scaled | access_candidates_21 | eps=5%
2026-09-20T07:19:27.581996+00:00 | [1561/1600 | 97.56%] PASS | runtime=0.25s | valid=1561 | remaining=39 | elapsed=00:15:54 | ETA=00:00:31
2026-09-20T07:19:27.584995+00:00 | [1562/1600 | 97.56%] RUN | sample=59856 | QSNN | TEMP-DRIFT-v2-budget-scaled | access_forwards_41 | eps=5%
2026-09-20T07:19:27.814909+00:00 | [1562/1600 | 97.62%] PASS | runtime=0.23s | valid=1562 | remaining=38 | elapsed=00:15:54 | ETA=00:00:31
2026-09-20T07:19:27.816908+00:00 | [1563/1600 | 97.62%] RUN | sample=59856 | QSNN | TEMP-DRIFT-v2-budget-scaled | wallclock_qsnn | eps=5%
2026-09-20T07:19:30.294890+00:00 | [1563/1600 | 97.69%] PASS | runtime=2.48s | valid=1563 | remaining=37 | elapsed=00:15:56 | ETA=00:00:29
2026-09-20T07:19:30.295892+00:00 | [1564/1600 | 97.69%] RUN | sample=59856 | QSNN | PGD | wallclock_qsnn | eps=5%
2026-09-20T07:19:32.836300+00:00 | [1564/1600 | 97.75%] PASS | runtime=2.54s | valid=1564 | remaining=36 | elapsed=00:15:59 | ETA=00:00:27
2026-09-20T07:19:32.839300+00:00 | [1565/1600 | 97.75%] RUN | sample=59856 | QSNN | TEMP-DRIFT-v2-budget-scaled | access_candidates_21 | eps=10%
2026-09-20T07:19:33.055496+00:00 | [1565/1600 | 97.81%] PASS | runtime=0.21s | valid=1565 | remaining=35 | elapsed=00:15:59 | ETA=00:00:27
2026-09-20T07:19:33.058002+00:00 | [1566/1600 | 97.81%] RUN | sample=59856 | QSNN | TEMP-DRIFT-v2-budget-scaled | access_forwards_41 | eps=10%
2026-09-20T07:19:33.280829+00:00 | [1566/1600 | 97.88%] PASS | runtime=0.22s | valid=1566 | remaining=34 | elapsed=00:15:59 | ETA=00:00:26
2026-09-20T07:19:33.281829+00:00 | [1567/1600 | 97.88%] RUN | sample=59856 | QSNN | TEMP-DRIFT-v2-budget-scaled | wallclock_qsnn | eps=10%
2026-09-20T07:19:35.542586+00:00 | [1567/1600 | 97.94%] PASS | runtime=2.26s | valid=1567 | remaining=33 | elapsed=00:16:02 | ETA=00:00:24
2026-09-20T07:19:35.543585+00:00 | [1568/1600 | 97.94%] RUN | sample=59856 | QSNN | PGD | wallclock_qsnn | eps=10%
2026-09-20T07:19:37.836032+00:00 | [SAMPLE 98/100 | 98.00%] sample_id=59856 COMPLETE
2026-09-20T07:19:37.836032+00:00 | [1568/1600 | 98.00%] PASS | runtime=2.29s | valid=1568 | remaining=32 | elapsed=00:16:04 | ETA=00:00:22
2026-09-20T07:19:37.839536+00:00 | [1569/1600 | 98.00%] RUN | sample=59316 | SNN | TEMP-DRIFT-v2-budget-scaled | access_candidates_21 | eps=5%
2026-09-20T07:19:37.909737+00:00 | [1569/1600 | 98.06%] PASS | runtime=0.07s | valid=1569 | remaining=31 | elapsed=00:16:04 | ETA=00:00:22
2026-09-20T07:19:37.912737+00:00 | [1570/1600 | 98.06%] RUN | sample=59316 | SNN | TEMP-DRIFT-v2-budget-scaled | access_forwards_41 | eps=5%
2026-09-20T07:19:37.984301+00:00 | [1570/1600 | 98.12%] PASS | runtime=0.07s | valid=1570 | remaining=30 | elapsed=00:16:04 | ETA=00:00:22
2026-09-20T07:19:37.986307+00:00 | [1571/1600 | 98.12%] RUN | sample=59316 | SNN | PGD | wallclock_snn | eps=5%
2026-09-20T07:19:38.399991+00:00 | [1571/1600 | 98.19%] PASS | runtime=0.41s | valid=1571 | remaining=29 | elapsed=00:16:04 | ETA=00:00:22
2026-09-20T07:19:38.400988+00:00 | [1572/1600 | 98.19%] RUN | sample=59316 | SNN | TEMP-DRIFT-v2-budget-scaled | wallclock_snn | eps=5%
2026-09-20T07:19:38.731781+00:00 | [1572/1600 | 98.25%] PASS | runtime=0.33s | valid=1572 | remaining=28 | elapsed=00:16:05 | ETA=00:00:21
2026-09-20T07:19:38.734781+00:00 | [1573/1600 | 98.25%] RUN | sample=59316 | SNN | TEMP-DRIFT-v2-budget-scaled | access_candidates_21 | eps=10%
2026-09-20T07:19:38.799290+00:00 | [1573/1600 | 98.31%] PASS | runtime=0.06s | valid=1573 | remaining=27 | elapsed=00:16:05 | ETA=00:00:21
2026-09-20T07:19:38.802797+00:00 | [1574/1600 | 98.31%] RUN | sample=59316 | SNN | TEMP-DRIFT-v2-budget-scaled | access_forwards_41 | eps=10%
2026-09-20T07:19:38.877648+00:00 | [1574/1600 | 98.38%] PASS | runtime=0.07s | valid=1574 | remaining=26 | elapsed=00:16:05 | ETA=00:00:21
2026-09-20T07:19:38.879649+00:00 | [1575/1600 | 98.38%] RUN | sample=59316 | SNN | PGD | wallclock_snn | eps=10%
2026-09-20T07:19:39.293204+00:00 | [1575/1600 | 98.44%] PASS | runtime=0.41s | valid=1575 | remaining=25 | elapsed=00:16:05 | ETA=00:00:21
2026-09-20T07:19:39.295209+00:00 | [1576/1600 | 98.44%] RUN | sample=59316 | SNN | TEMP-DRIFT-v2-budget-scaled | wallclock_snn | eps=10%
2026-09-20T07:19:39.635972+00:00 | [1576/1600 | 98.50%] PASS | runtime=0.34s | valid=1576 | remaining=24 | elapsed=00:16:06 | ETA=00:00:20
2026-09-20T07:19:39.638973+00:00 | [1577/1600 | 98.50%] RUN | sample=59316 | QSNN | TEMP-DRIFT-v2-budget-scaled | access_candidates_21 | eps=5%
2026-09-20T07:19:39.856283+00:00 | [1577/1600 | 98.56%] PASS | runtime=0.21s | valid=1577 | remaining=23 | elapsed=00:16:06 | ETA=00:00:20
2026-09-20T07:19:39.859296+00:00 | [1578/1600 | 98.56%] RUN | sample=59316 | QSNN | TEMP-DRIFT-v2-budget-scaled | access_forwards_41 | eps=5%
2026-09-20T07:19:40.099192+00:00 | [1578/1600 | 98.62%] PASS | runtime=0.24s | valid=1578 | remaining=22 | elapsed=00:16:06 | ETA=00:00:20
2026-09-20T07:19:40.101198+00:00 | [1579/1600 | 98.62%] RUN | sample=59316 | QSNN | PGD | wallclock_qsnn | eps=5%
2026-09-20T07:19:42.408320+00:00 | [1579/1600 | 98.69%] PASS | runtime=2.30s | valid=1579 | remaining=21 | elapsed=00:16:08 | ETA=00:00:18
2026-09-20T07:19:42.409320+00:00 | [1580/1600 | 98.69%] RUN | sample=59316 | QSNN | TEMP-DRIFT-v2-budget-scaled | wallclock_qsnn | eps=5%
2026-09-20T07:19:44.547658+00:00 | [1580/1600 | 98.75%] PASS | runtime=2.14s | valid=1580 | remaining=20 | elapsed=00:16:11 | ETA=00:00:16
2026-09-20T07:19:44.551467+00:00 | [1581/1600 | 98.75%] RUN | sample=59316 | QSNN | TEMP-DRIFT-v2-budget-scaled | access_candidates_21 | eps=10%
2026-09-20T07:19:44.772349+00:00 | [1581/1600 | 98.81%] PASS | runtime=0.22s | valid=1581 | remaining=19 | elapsed=00:16:11 | ETA=00:00:15
2026-09-20T07:19:44.775361+00:00 | [1582/1600 | 98.81%] RUN | sample=59316 | QSNN | TEMP-DRIFT-v2-budget-scaled | access_forwards_41 | eps=10%
2026-09-20T07:19:44.971106+00:00 | [1582/1600 | 98.88%] PASS | runtime=0.19s | valid=1582 | remaining=18 | elapsed=00:16:11 | ETA=00:00:15
2026-09-20T07:19:44.973610+00:00 | PROGRESS | Records 1582/1600 (98.88%) | Samples 98/100 (98.00%) | Remaining records 18 | Remaining samples 2 | Elapsed 00:16:11 | ETA: 00:00:15 | Estimated finish: 2026-09-20T07:20:00.245149+00:00
2026-09-20T07:19:44.975365+00:00 | [1583/1600 | 98.88%] RUN | sample=59316 | QSNN | PGD | wallclock_qsnn | eps=10%
2026-09-20T07:19:47.295048+00:00 | [1583/1600 | 98.94%] PASS | runtime=2.32s | valid=1583 | remaining=17 | elapsed=00:16:13 | ETA=00:00:13
2026-09-20T07:19:47.297048+00:00 | [1584/1600 | 98.94%] RUN | sample=59316 | QSNN | TEMP-DRIFT-v2-budget-scaled | wallclock_qsnn | eps=10%
2026-09-20T07:19:49.469142+00:00 | [SAMPLE 99/100 | 99.00%] sample_id=59316 COMPLETE
2026-09-20T07:19:49.469142+00:00 | [1584/1600 | 99.00%] PASS | runtime=2.17s | valid=1584 | remaining=16 | elapsed=00:16:16 | ETA=00:00:11
2026-09-20T07:19:49.473142+00:00 | [1585/1600 | 99.00%] RUN | sample=59698 | SNN | TEMP-DRIFT-v2-budget-scaled | access_candidates_21 | eps=5%
2026-09-20T07:19:49.543230+00:00 | [1585/1600 | 99.06%] PASS | runtime=0.07s | valid=1585 | remaining=15 | elapsed=00:16:16 | ETA=00:00:11
2026-09-20T07:19:49.546228+00:00 | [1586/1600 | 99.06%] RUN | sample=59698 | SNN | TEMP-DRIFT-v2-budget-scaled | access_forwards_41 | eps=5%
2026-09-20T07:19:49.630304+00:00 | [1586/1600 | 99.12%] PASS | runtime=0.08s | valid=1586 | remaining=14 | elapsed=00:16:16 | ETA=00:00:11
2026-09-20T07:19:49.632305+00:00 | [1587/1600 | 99.12%] RUN | sample=59698 | SNN | TEMP-DRIFT-v2-budget-scaled | wallclock_snn | eps=5%
2026-09-20T07:19:49.999597+00:00 | [1587/1600 | 99.19%] PASS | runtime=0.37s | valid=1587 | remaining=13 | elapsed=00:16:16 | ETA=00:00:11
2026-09-20T07:19:50.000597+00:00 | [1588/1600 | 99.19%] RUN | sample=59698 | SNN | PGD | wallclock_snn | eps=5%
2026-09-20T07:19:50.388955+00:00 | [1588/1600 | 99.25%] PASS | runtime=0.39s | valid=1588 | remaining=12 | elapsed=00:16:16 | ETA=00:00:10
2026-09-20T07:19:50.391962+00:00 | [1589/1600 | 99.25%] RUN | sample=59698 | SNN | TEMP-DRIFT-v2-budget-scaled | access_candidates_21 | eps=10%
2026-09-20T07:19:50.465010+00:00 | [1589/1600 | 99.31%] PASS | runtime=0.07s | valid=1589 | remaining=11 | elapsed=00:16:17 | ETA=00:00:10
2026-09-20T07:19:50.467513+00:00 | [1590/1600 | 99.31%] RUN | sample=59698 | SNN | TEMP-DRIFT-v2-budget-scaled | access_forwards_41 | eps=10%
2026-09-20T07:19:50.544626+00:00 | [1590/1600 | 99.38%] PASS | runtime=0.07s | valid=1590 | remaining=10 | elapsed=00:16:17 | ETA=00:00:10
2026-09-20T07:19:50.545627+00:00 | [1591/1600 | 99.38%] RUN | sample=59698 | SNN | TEMP-DRIFT-v2-budget-scaled | wallclock_snn | eps=10%
2026-09-20T07:19:50.928874+00:00 | [1591/1600 | 99.44%] PASS | runtime=0.38s | valid=1591 | remaining=9 | elapsed=00:16:17 | ETA=00:00:10
2026-09-20T07:19:50.930874+00:00 | [1592/1600 | 99.44%] RUN | sample=59698 | SNN | PGD | wallclock_snn | eps=10%
2026-09-20T07:19:51.321020+00:00 | [1592/1600 | 99.50%] PASS | runtime=0.39s | valid=1592 | remaining=8 | elapsed=00:16:17 | ETA=00:00:09
2026-09-20T07:19:51.324023+00:00 | [1593/1600 | 99.50%] RUN | sample=59698 | QSNN | TEMP-DRIFT-v2-budget-scaled | access_candidates_21 | eps=5%
2026-09-20T07:19:51.517913+00:00 | [1593/1600 | 99.56%] PASS | runtime=0.19s | valid=1593 | remaining=7 | elapsed=00:16:18 | ETA=00:00:09
2026-09-20T07:19:51.520913+00:00 | [1594/1600 | 99.56%] RUN | sample=59698 | QSNN | TEMP-DRIFT-v2-budget-scaled | access_forwards_41 | eps=5%
2026-09-20T07:19:51.725252+00:00 | [1594/1600 | 99.62%] PASS | runtime=0.20s | valid=1594 | remaining=6 | elapsed=00:16:18 | ETA=00:00:09
2026-09-20T07:19:51.727253+00:00 | [1595/1600 | 99.62%] RUN | sample=59698 | QSNN | TEMP-DRIFT-v2-budget-scaled | wallclock_qsnn | eps=5%
2026-09-20T07:19:54.175432+00:00 | [1595/1600 | 99.69%] PASS | runtime=2.45s | valid=1595 | remaining=5 | elapsed=00:16:20 | ETA=00:00:07
2026-09-20T07:19:54.177430+00:00 | [1596/1600 | 99.69%] RUN | sample=59698 | QSNN | PGD | wallclock_qsnn | eps=5%
2026-09-20T07:19:56.546295+00:00 | [1596/1600 | 99.75%] PASS | runtime=2.37s | valid=1596 | remaining=4 | elapsed=00:16:23 | ETA=00:00:05
2026-09-20T07:19:56.549295+00:00 | [1597/1600 | 99.75%] RUN | sample=59698 | QSNN | TEMP-DRIFT-v2-budget-scaled | access_candidates_21 | eps=10%
2026-09-20T07:19:56.766439+00:00 | [1597/1600 | 99.81%] PASS | runtime=0.21s | valid=1597 | remaining=3 | elapsed=00:16:23 | ETA=00:00:04
2026-09-20T07:19:56.768994+00:00 | [1598/1600 | 99.81%] RUN | sample=59698 | QSNN | TEMP-DRIFT-v2-budget-scaled | access_forwards_41 | eps=10%
2026-09-20T07:19:56.995865+00:00 | [1598/1600 | 99.88%] PASS | runtime=0.22s | valid=1598 | remaining=2 | elapsed=00:16:23 | ETA=00:00:04
2026-09-20T07:19:56.997865+00:00 | [1599/1600 | 99.88%] RUN | sample=59698 | QSNN | TEMP-DRIFT-v2-budget-scaled | wallclock_qsnn | eps=10%
2026-09-20T07:19:59.389439+00:00 | [1599/1600 | 99.94%] PASS | runtime=2.39s | valid=1599 | remaining=1 | elapsed=00:16:25 | ETA=00:00:02
2026-09-20T07:19:59.391439+00:00 | [1600/1600 | 99.94%] RUN | sample=59698 | QSNN | PGD | wallclock_qsnn | eps=10%
2026-09-20T07:20:01.817740+00:00 | [SAMPLE 100/100 | 100.00%] sample_id=59698 COMPLETE
2026-09-20T07:20:01.817740+00:00 | [1600/1600 | 100.00%] PASS | runtime=2.42s | valid=1600 | remaining=0 | elapsed=00:16:28 | ETA=00:00:00
2026-09-20T07:20:01.818740+00:00 | EXPERIMENT MATRIX COMPLETE: 1600/1600 (100.00%)
2026-09-20T07:20:32.793376+00:00 | FULLY AUDITED: YES
